"ID","Description","GeneRatio","BgRatio","RichFactor","FoldEnrichment","zScore","pvalue","p.adjust","qvalue","geneID","Count"
"GO:0002181","cytoplasmic translation","69/599","215/18842",0.32093023255814,10.0951042435066,24.3037176263194,3.2395445662283e-50,1.31493113943207e-46,6.09602682469885e-47,"RPS12/RPL6/RPL17/RPL9/RPL21/RPL27A/RPL35/RPL32/RPL34/RPS3A/RPS15A/RPS27A/RPS19/CNBP/RPL4/RPS4X/UBA52/EEF1D/EIF3G/RPS21/FAU/RPL39/RPSA/RPL31/RPL27/RPS13/RPS7/RPS3/RPL35A/EIF2AK2/RPS27/RPL24/RPS10/RPL7A/RPL12/RPLP1/RPL26/NPM1/RPS25/RPL14/EIF3F/RPL36AL/EIF5/EIF4A2/VCP/RPS28/RPL5/RPL19/RPL38/RPL10/RPLP2/RPL28/RPL11/RPS29/RPS15/EIF3K/RPL3/RPL13/RPL41/RPS26/RPS14/PABPC1/RPS6/RPS23/RPL37/RPL36/RPL30/RPL23A/DHX36",69
"GO:1901740","negative regulation of myoblast fusion","32/599","47/18842",0.680851063829787,21.4166873867794,25.3939523261054,2.52144985421178e-37,5.1172824791228e-34,2.37237451656728e-34,"RPL6/RPL17/RPL9/RPL21/RPL27A/RPL35/RPL32/RPL34/RPL4/UBA52/RPL39/RPL31/RPL27/RPL35A/RPL24/RPL7A/RPL12/RPLP1/RPL14/RPL5/RPL19/RPL38/RPL10/RPLP2/RPL28/RPL11/RPL13/RPL41/RPL37/RPL36/RPL30/RPL23A",32
"GO:0034242","negative regulation of syncytium formation by plasma membrane fusion","32/599","49/18842",0.653061224489796,20.5425368811966,24.8197944389792,2.05466876812649e-36,2.77996684327514e-33,1.28879391020416e-33,"RPL6/RPL17/RPL9/RPL21/RPL27A/RPL35/RPL32/RPL34/RPL4/UBA52/RPL39/RPL31/RPL27/RPL35A/RPL24/RPL7A/RPL12/RPLP1/RPL14/RPL5/RPL19/RPL38/RPL10/RPLP2/RPL28/RPL11/RPL13/RPL41/RPL37/RPL36/RPL30/RPL23A",32
"GO:1901739","regulation of myoblast fusion","33/599","58/18842",0.568965517241379,17.8972425306545,23.3535577461768,1.31233465576838e-34,1.33169159194097e-31,6.17372835980165e-32,"RPL6/RPL17/RPL9/RPL21/RPL27A/RPL35/RPL32/RPL34/RPL4/UBA52/RPL39/RPL31/RPL27/RPL35A/RPL24/RPL7A/RPL12/RPLP1/RPL14/RPL5/RPL19/RPL38/RPL10/RPLP2/RPL28/RPL11/RPL13/RPL41/CD53/RPL37/RPL36/RPL30/RPL23A",33
"GO:0060142","regulation of syncytium formation by plasma membrane fusion","33/599","65/18842",0.507692307692308,15.9698471811994,21.9067624536839,2.20546441804414e-32,1.79039601456824e-29,8.30028417788927e-30,"RPL6/RPL17/RPL9/RPL21/RPL27A/RPL35/RPL32/RPL34/RPL4/UBA52/RPL39/RPL31/RPL27/RPL35A/RPL24/RPL7A/RPL12/RPLP1/RPL14/RPL5/RPL19/RPL38/RPL10/RPLP2/RPL28/RPL11/RPL13/RPL41/CD53/RPL37/RPL36/RPL30/RPL23A",33
"GO:0007520","myoblast fusion","33/599","78/18842",0.423076923076923,13.3082059843329,19.7377026453583,4.52926490220441e-29,3.06404770634128e-26,1.42049392929282e-26,"RPL6/RPL17/RPL9/RPL21/RPL27A/RPL35/RPL32/RPL34/RPL4/UBA52/RPL39/RPL31/RPL27/RPL35A/RPL24/RPL7A/RPL12/RPLP1/RPL14/RPL5/RPL19/RPL38/RPL10/RPLP2/RPL28/RPL11/RPL13/RPL41/CD53/RPL37/RPL36/RPL30/RPL23A",33
"GO:0000768","syncytium formation by plasma membrane fusion","33/599","88/18842",0.375,11.7959098497496,18.3937757114465,5.19469823068274e-27,3.01218287404875e-24,1.39644936913051e-24,"RPL6/RPL17/RPL9/RPL21/RPL27A/RPL35/RPL32/RPL34/RPL4/UBA52/RPL39/RPL31/RPL27/RPL35A/RPL24/RPL7A/RPL12/RPLP1/RPL14/RPL5/RPL19/RPL38/RPL10/RPLP2/RPL28/RPL11/RPL13/RPL41/CD53/RPL37/RPL36/RPL30/RPL23A",33
"GO:0140253","cell-cell fusion","33/599","89/18842",0.370786516853933,11.663371536831,18.2713831454913,8.01440942982044e-27,4.06631098445515e-24,1.88514364710479e-24,"RPL6/RPL17/RPL9/RPL21/RPL27A/RPL35/RPL32/RPL34/RPL4/UBA52/RPL39/RPL31/RPL27/RPL35A/RPL24/RPL7A/RPL12/RPLP1/RPL14/RPL5/RPL19/RPL38/RPL10/RPLP2/RPL28/RPL11/RPL13/RPL41/CD53/RPL37/RPL36/RPL30/RPL23A",33
"GO:0006949","syncytium formation","33/599","90/18842",0.366666666666667,11.5337785197551,18.1509306403132,1.22842346035292e-26,5.54018980619166e-24,2.56843454837144e-24,"RPL6/RPL17/RPL9/RPL21/RPL27A/RPL35/RPL32/RPL34/RPL4/UBA52/RPL39/RPL31/RPL27/RPL35A/RPL24/RPL7A/RPL12/RPLP1/RPL14/RPL5/RPL19/RPL38/RPL10/RPLP2/RPL28/RPL11/RPL13/RPL41/CD53/RPL37/RPL36/RPL30/RPL23A",33
"GO:0014902","myotube differentiation","33/599","131/18842",0.251908396946565,7.9239699754043,14.4098540244325,8.91186975283332e-21,3.61732793267505e-18,1.67699489730266e-18,"RPL6/RPL17/RPL9/RPL21/RPL27A/RPL35/RPL32/RPL34/RPL4/UBA52/RPL39/RPL31/RPL27/RPL35A/RPL24/RPL7A/RPL12/RPLP1/RPL14/RPL5/RPL19/RPL38/RPL10/RPLP2/RPL28/RPL11/RPL13/RPL41/CD53/RPL37/RPL36/RPL30/RPL23A",33
"GO:0046631","alpha-beta T cell activation","35/599","183/18842",0.191256830601093,6.01612888511819,12.3556986132715,8.12811005342027e-18,2.99927260971208e-15,1.39046416463194e-15,"STAT4/RORA/CD55/PSMA5/PSMB8/JAK1/GPR183/HSPH1/CD3E/LCK/CD69/CD44/PSMB10/TRBC1/PTGER4/CD3D/TNFRSF14/PSMB9/CLEC2D/NKG7/PIK3R1/ITK/BATF/HLA-E/CD3G/TRBC2/TRAC/FOXP1/SOCS1/ANXA1/ICOS/JUNB/CD247/HLA-A/CLEC2B",35
"GO:0008380","RNA splicing","56/599","492/18842",0.113821138211382,3.5803303608996,10.5088958145058,9.78588553800428e-17,3.08972384689502e-14,1.43239739989113e-14,"SYF2/RBMX/WBP11/SNU13/HSPA1A/LUC7L2/HNRNPC/PRPF38B/REST/RSRP1/ZMAT2/PPIG/SRSF7/FUS/HNRNPUL1/RPS13/RBM25/SCAF11/PHF5A/LSM8/RBM8A/BCAS2/SNRPD2/TRA2B/SRSF2/PIK3R1/SAP18/SON/HSPA8/HNRNPA1/PPP4R2/TRA2A/WTAP/SRRM1/DDX5/MAGOH/SF1/SRSF10/CLK1/IK/HNRNPH3/RBM39/TIAL1/POLR2A/YTHDC1/RPS26/SRSF5/PABPC1/MBNL1/CELF2/SRSF3/GRSF1/THRAP3/DDX39A/LSM6/PTBP3",56
"GO:0006941","striated muscle contraction","38/599","234/18842",0.162393162393162,5.10820027681463,11.4584782424924,9.89564178606435e-17,3.08972384689502e-14,1.43239739989113e-14,"RPL6/RPL17/RPL9/RPL21/RPL27A/RPL35/RPL32/RPL34/RGS2/RPL4/UBA52/RPL39/RPL31/RPL27/RPL35A/RPL24/RPL7A/RPL12/RPLP1/C12orf57/RPL14/CALM1/RPL5/RPL19/CALM3/RPL38/RPL10/RPLP2/RPL28/RPL11/RPL13/RPL41/HSP90AA1/RPL37/RPL36/RPL30/RPL23A/PDE4B",38
"GO:0043484","regulation of RNA splicing","34/599","189/18842",0.17989417989418,5.65870807607035,11.663779784002,1.72106076146005e-16,4.98984687911883e-14,2.31329531365317e-14,"RBMX/HSPA1A/REST/SRSF7/FUS/RPS13/RBM25/RBM8A/SNRPD2/TRA2B/SRSF2/PIK3R1/SAP18/SON/HNRNPA1/WTAP/SRRM1/DDX5/MAGOH/SRSF10/CLK1/HNRNPH3/RBM39/TIAL1/POLR2A/YTHDC1/RPS26/SRSF5/MBNL1/CELF2/SRSF3/GRSF1/THRAP3/PTBP3",34
"GO:0051146","striated muscle cell differentiation","39/599","271/18842",0.143911439114391,4.52684363237622,10.596695682575,2.54662685834921e-15,6.89117227869296e-13,3.19475064547315e-13,"TGFB1/RPL6/RPL17/RPL9/RPL21/RPL27A/RPL35/RPL32/RPL34/RGS2/CACYBP/RPL4/UBA52/RPL39/RPL31/RPL27/RPL35A/RPL24/RPL7A/RPL12/RPLP1/RPL14/AKAP13/RPL5/RPL19/RPL38/RPL10/RPLP2/RPL28/FOXP1/RPL11/RPL13/RPL41/CD53/RPL37/RPL36/WDR1/RPL30/RPL23A",39
"GO:0050852","T cell receptor signaling pathway","28/599","145/18842",0.193103448275862,6.0742156467676,11.1143537164015,1.27409056652026e-14,3.23220850594109e-12,1.4984533535153e-12,"FYN/PRNP/CD3E/LCK/TRBC1/CD3D/LCP2/CLEC2D/WNK1/LAPTM5/CD8A/PTPRC/ITK/SKAP1/CD3G/TRBC2/TRAC/EZR/CBLB/PTPN2/CD247/HLA-A/CCR7/CLEC2B/PTPN22/LAT/UBE2N/PDE4B",28
"GO:1903131","mononuclear cell differentiation","49/599","439/18842",0.111617312072893,3.51100733568856,9.64613166294513,1.92693497071755e-14,4.60084061537797e-12,2.13295183043744e-12,"TGFB1/STAT4/RORA/PSMA5/PSMB8/IFI16/JAK1/GPR183/DNAJB9/CD3E/LCK/CD27/CD69/PSMB10/CDC42/ID2/PTGER4/CD3D/IRF7/PSMB9/NR3C1/ACTB/NPM1/LAPTM5/JMJD1C/CD8A/PIK3R1/PTPRC/ITK/BATF/CD3G/CD2/SOD1/FOXP1/SOCS1/ANXA1/ICOS/PTPN2/HCLS1/IL7R/JUNB/HLA-B/RHOH/KLF6/CCR7/UCP2/PTPN22/ZFP36L2/IL2RG",49
"GO:0042274","ribosomal small subunit biogenesis","24/599","109/18842",0.220183486238532,6.92603881086214,11.2432361032314,4.75096757808098e-14,1.07134318885726e-11,4.96675196280853e-12,"RPS12/SNU13/RPS3A/RPS15A/RPS27A/RPS19/RPS4X/KRR1/RPS21/FAU/RPSA/RPS13/RPS7/RPS27/NPM1/NOP56/RPS25/RPS28/DNTTIP2/RPS15/RPS14/RPS6/RPS23/LSM6",24
"GO:0042254","ribosome biogenesis","41/599","329/18842",0.124620060790274,3.92001867347301,9.68194105091539,7.25950854036296e-14,1.55086027185965e-11,7.18979537034881e-12,"RPS12/RAN/WBP11/SNU13/RPL35/RPS3A/RPS15A/RPS27A/RPS19/RPS4X/KRR1/RPS21/FAU/RPSA/RPL27/RPS13/RPS7/DDX18/USP16/RPL35A/RPS27/RPL7A/RPL26/NPM1/NOP56/RPS25/RPL14/EIF5/RSL24D1/RPS28/RPL5/NSA2/DNTTIP2/RPL11/RPS15/RPS14/RPS6/ISG20/RPS23/RPL37/LSM6",41
"GO:0050863","regulation of T cell activation","42/599","346/18842",0.121387283236994,3.81832919991894,9.58756051617297,8.85525090002225e-14,1.79717317015952e-11,8.3317031024555e-12,"TGFB1/CD55/PSMA5/PSMB8/FYN/PRNP/HSPH1/CD3E/TNFRSF1B/LCK/CD27/TIGIT/RAC2/CD69/PSMB10/TNFRSF14/CD47/PSMB9/CCL5/ACTB/LAPTM5/PTPRC/BATF/CD6/HLA-E/CD2/SOD1/HSPD1/B2M/SOCS1/ANXA1/CBLB/ICOS/PTPN2/IL7R/JUNB/RHOH/HLA-A/CCR7/PTPN22/LAT/IL2RG",42
"GO:0042692","muscle cell differentiation","43/599","365/18842",0.117808219178082,3.70574702129119,9.45878053006788,1.26855687362188e-13,2.45193921430057e-11,1.13672015017936e-11,"TGFB1/RORA/RPL6/RPL17/RPL9/RPL21/RPL27A/RPL35/RPL32/RPL34/RGS2/CACYBP/RPL4/UBA52/RPL39/RPL31/RPL27/ID2/RPL35A/PIAS1/RPL24/RPL7A/RPL12/RPLP1/RPL14/AKAP13/RPL5/RPL19/RPL38/RPL10/RPLP2/RPL28/FOXP1/RPL11/RPL13/RPL41/CD53/PDCD4/RPL37/RPL36/WDR1/RPL30/RPL23A",43
"GO:0030217","T cell differentiation","36/599","265/18842",0.135849056603774,4.27323526632438,9.72365687063992,1.84757507860076e-13,3.4087760200184e-11,1.58031013444533e-11,"TGFB1/STAT4/RORA/PSMA5/PSMB8/JAK1/GPR183/CD3E/LCK/CD27/CD69/PSMB10/PTGER4/CD3D/PSMB9/ACTB/CD8A/PIK3R1/PTPRC/ITK/BATF/CD3G/CD2/SOD1/FOXP1/SOCS1/ANXA1/ICOS/PTPN2/IL7R/JUNB/RHOH/CCR7/PTPN22/ZFP36L2/IL2RG",36
"GO:0007159","leukocyte cell-cell adhesion","45/599","402/18842",0.111940298507463,3.52116711932823,9.25873085392424,2.11839128270527e-13,3.73850009413073e-11,1.73317036721812e-11,"TGFB1/ITGB2/CD55/PSMA5/PSMB8/FYN/PRNP/HSPH1/ICAM3/CD3E/LCK/CD27/TNIP1/TIGIT/RAC2/CD69/CD44/PSMB10/TNFRSF14/CD47/PSMB9/CCL5/ACTB/WNK1/LAPTM5/MSN/PTPRC/SKAP1/CD6/HLA-E/HSPD1/B2M/ROCK1/EZR/SOCS1/ANXA1/CBLB/ICOS/PTPN2/IL7R/RHOH/HLA-A/CCR7/PTPN22/IL2RG",45
"GO:0051249","regulation of lymphocyte activation","48/599","453/18842",0.105960264900662,3.33306061979679,9.10779663245989,2.56214126484002e-13,4.0365807740991e-11,1.87136070787706e-11,"TGFB1/CD55/PSMA5/PSMB8/FYN/GPR183/SH3KBP1/PRNP/HSPH1/CD3E/TNFRSF1B/LCK/CD27/TIGIT/RAC2/CD69/SAMSN1/PSMB10/ID2/TNFRSF14/CD47/PSMB9/CCL5/ACTB/LAPTM5/PTPRC/BATF/CD6/HLA-E/CD2/TNFAIP3/SOD1/HSPD1/B2M/SOCS1/ANXA1/CBLB/ICOS/PTPN2/IL7R/JUNB/RHOH/HLA-A/CCR7/PTPN22/LAT/ZFP36L2/IL2RG",48
"GO:0000377","RNA splicing, via transesterification reactions with bulged adenosine as nucleophile","42/599","357/18842",0.117647058823529,3.70067759992144,9.33500123662249,2.58563932314798e-13,4.0365807740991e-11,1.87136070787706e-11,"SYF2/RBMX/SNU13/LUC7L2/HNRNPC/REST/RSRP1/ZMAT2/SRSF7/HNRNPUL1/RBM25/SCAF11/PHF5A/LSM8/RBM8A/BCAS2/SNRPD2/TRA2B/SRSF2/SAP18/SON/HSPA8/HNRNPA1/TRA2A/WTAP/SRRM1/DDX5/MAGOH/SF1/SRSF10/IK/HNRNPH3/RBM39/TIAL1/YTHDC1/SRSF5/PABPC1/CELF2/SRSF3/THRAP3/DDX39A/LSM6",42
"GO:0000398","mRNA splicing, via spliceosome","42/599","357/18842",0.117647058823529,3.70067759992144,9.33500123662249,2.58563932314798e-13,4.0365807740991e-11,1.87136070787706e-11,"SYF2/RBMX/SNU13/LUC7L2/HNRNPC/REST/RSRP1/ZMAT2/SRSF7/HNRNPUL1/RBM25/SCAF11/PHF5A/LSM8/RBM8A/BCAS2/SNRPD2/TRA2B/SRSF2/SAP18/SON/HSPA8/HNRNPA1/TRA2A/WTAP/SRRM1/DDX5/MAGOH/SF1/SRSF10/IK/HNRNPH3/RBM39/TIAL1/YTHDC1/SRSF5/PABPC1/CELF2/SRSF3/THRAP3/DDX39A/LSM6",42
"GO:0000381","regulation of alternative mRNA splicing, via spliceosome","19/599","69/18842",0.27536231884058,8.66173090416394,11.5531884340295,2.77217919634348e-13,4.16750939183636e-11,1.93205927542272e-11,"RBMX/REST/SRSF7/RBM25/RBM8A/TRA2B/SRSF2/SAP18/HNRNPA1/WTAP/DDX5/MAGOH/SRSF10/TIAL1/YTHDC1/SRSF5/CELF2/SRSF3/THRAP3",19
"GO:0000375","RNA splicing, via transesterification reactions","42/599","361/18842",0.116343490304709,3.65967286197217,9.2456265271116,3.77451432530562e-13,5.47169773086268e-11,2.53668159067169e-11,"SYF2/RBMX/SNU13/LUC7L2/HNRNPC/REST/RSRP1/ZMAT2/SRSF7/HNRNPUL1/RBM25/SCAF11/PHF5A/LSM8/RBM8A/BCAS2/SNRPD2/TRA2B/SRSF2/SAP18/SON/HSPA8/HNRNPA1/TRA2A/WTAP/SRRM1/DDX5/MAGOH/SF1/SRSF10/IK/HNRNPH3/RBM39/TIAL1/YTHDC1/SRSF5/PABPC1/CELF2/SRSF3/THRAP3/DDX39A/LSM6",42
"GO:0050851","antigen receptor-mediated signaling pathway","31/599","206/18842",0.150485436893204,4.7336337261131,9.76351565850286,5.77058081107325e-13,8.07682328005046e-11,3.74441899632901e-11,"FYN/BAX/PRNP/CD3E/LCK/TRBC1/CD3D/LCP2/CLEC2D/WNK1/LAPTM5/CD8A/PTPRC/ITK/SKAP1/CD3G/TRBC2/TRAC/FOXP1/EZR/CBLB/PRKCH/PTPN2/CD247/HLA-A/CCR7/CLEC2B/PTPN22/LAT/UBE2N/PDE4B",31
"GO:0048024","regulation of mRNA splicing, via spliceosome","23/599","113/18842",0.20353982300885,6.402499741457,10.4374387180646,9.41283012270246e-13,1.27355591560164e-10,5.90421109626678e-11,"RBMX/REST/SRSF7/RBM25/RBM8A/SNRPD2/TRA2B/SRSF2/SAP18/SON/HNRNPA1/WTAP/SRRM1/DDX5/MAGOH/SRSF10/RBM39/TIAL1/YTHDC1/SRSF5/CELF2/SRSF3/THRAP3",23
"GO:0030098","lymphocyte differentiation","41/599","356/18842",0.115168539325843,3.62271388643995,9.05256594629308,1.01523206216504e-12,1.329299013009e-10,6.16263635284243e-11,"TGFB1/STAT4/RORA/PSMA5/PSMB8/JAK1/GPR183/DNAJB9/CD3E/LCK/CD27/CD69/PSMB10/ID2/PTGER4/CD3D/PSMB9/ACTB/LAPTM5/JMJD1C/CD8A/PIK3R1/PTPRC/ITK/BATF/CD3G/CD2/SOD1/FOXP1/SOCS1/ANXA1/ICOS/PTPN2/IL7R/JUNB/RHOH/KLF6/CCR7/PTPN22/ZFP36L2/IL2RG",41
"GO:0000380","alternative mRNA splicing, via spliceosome","20/599","84/18842",0.238095238095238,7.48946657126958,10.8012155704871,1.30633024190681e-12,1.65699826621866e-10,7.68185160153044e-11,"RBMX/REST/SRSF7/HNRNPUL1/RBM25/RBM8A/TRA2B/SRSF2/SAP18/HNRNPA1/WTAP/DDX5/MAGOH/SRSF10/TIAL1/YTHDC1/SRSF5/CELF2/SRSF3/THRAP3",20
"GO:0006936","muscle contraction","42/599","375/18842",0.112,3.52304507512521,8.94251599456045,1.35620266284839e-12,1.66812927530352e-10,7.73345501096566e-11,"RPL6/RPL17/ATP2B1/RPL9/RPL21/RPL27A/RPL35/RPL32/RPL34/RGS2/RPL4/UBA52/RPL39/RPL31/RPL27/RPL35A/RPL24/RPL7A/RPL12/RPLP1/C12orf57/RPL14/CALM1/RPL5/RPL19/CALM3/RPL38/SOD1/RPL10/RPLP2/ROCK1/RPL28/RPL11/RPL13/RPL41/HSP90AA1/EMD/RPL37/RPL36/RPL30/RPL23A/PDE4B",42
"GO:0050684","regulation of mRNA processing","24/599","135/18842",0.177777777777778,5.59213503988128,9.70279194108054,6.52506474483634e-12,7.7897758233208e-10,3.61134366305024e-10,"RBMX/REST/SRSF7/RBM25/RBM8A/SNRPD2/TRA2B/SRSF2/SAP18/SON/HNRNPA1/WTAP/SRRM1/DDX5/MAGOH/SRSF10/RBM39/TIAL1/YTHDC1/SRSF5/CELF2/SRSF3/THRAP3/DHX36",24
"GO:0003012","muscle system process","46/599","477/18842",0.0964360587002096,3.03346947918088,8.15114536827963,2.21401683817923e-11,2.53291445789857e-09,1.1742603104438e-09,"RPL6/RPL17/ATP2B1/RPL9/RPL21/RPL27A/RPL35/RPL32/RPL34/RGS2/TNFRSF1B/RPL4/UBA52/RPL39/RPL31/RPL27/RPL35A/RPL24/RPL7A/RPL12/RPLP1/C12orf57/RPL14/CALM1/RPL5/RPL19/CALM3/RPL38/SOD1/RPL10/RPLP2/ROCK1/RPL28/FOXP1/PAK2/RPL11/RPL13/RPL41/HSP90AA1/EMD/RPL37/JUND/RPL36/RPL30/RPL23A/PDE4B",46
"GO:1903037","regulation of leukocyte cell-cell adhesion","39/599","359/18842",0.108635097493036,3.41719951079097,8.37897215405567,2.24648732407855e-11,2.53291445789857e-09,1.1742603104438e-09,"TGFB1/ITGB2/CD55/PSMA5/PSMB8/FYN/PRNP/HSPH1/CD3E/LCK/CD27/TIGIT/CD69/CD44/PSMB10/TNFRSF14/CD47/PSMB9/CCL5/ACTB/WNK1/LAPTM5/PTPRC/SKAP1/CD6/HLA-E/HSPD1/B2M/SOCS1/ANXA1/CBLB/ICOS/PTPN2/IL7R/RHOH/HLA-A/CCR7/PTPN22/IL2RG",39
"GO:0002429","immune response-activating cell surface receptor signaling pathway","36/599","336/18842",0.107142857142857,3.37025995707131,7.9437688114895,1.98583971268012e-10,2.17851983615368e-08,1.00996280041458e-08,"FYN/BAX/PRNP/CD3E/LCK/TRBC1/CD3D/CD47/RGCC/LCP2/CLEC2D/WNK1/LAPTM5/CD8A/PIK3R1/PTPRC/ITK/SKAP1/CD3G/TNFAIP3/TRBC2/TRAC/FOXP1/PAK2/EZR/CBLB/PRKCH/PTPN2/CD247/HLA-A/CCR7/CLEC2B/PTPN22/LAT/UBE2N/PDE4B",36
"GO:0001819","positive regulation of cytokine production","45/599","499/18842",0.0901803607214429,2.83669174743477,7.53474608183748,3.34142831415644e-10,3.56917303346342e-08,1.65467026382706e-08,"TGFB1/RORA/CD55/PSMA5/PSMB8/IFI16/HSPA1A/TIGIT/PSMB10/G3BP1/PTGER4/TNFRSF14/TANK/IRF7/PSMB9/CD7/RGCC/IL32/EIF2AK2/ARID5A/LAPTM5/PTPRC/LTB/ITK/BATF/CD6/HLA-E/CD2/DDIT3/SOD1/HSPD1/B2M/HSPA1B/FOXP1/ANXA1/TRAF3IP3/HMGB2/HLA-F/ZC3HAV1/HLA-A/CCR7/HSP90AA1/PTPN22/DHX36/PDE4B",45
"GO:1903311","regulation of mRNA metabolic process","41/599","430/18842",0.0953488372093023,2.99927010133168,7.59928045847263,3.97730059587009e-10,4.13945208170171e-08,1.91905189350889e-08,"RBMX/BCLAF1/HNRNPC/REST/FXR1/SMG1/SRSF7/FUS/RBM25/RBM8A/SNRPD2/ARID5A/CNOT6L/NPM1/TRA2B/SRSF2/SAP18/SON/HNRNPA1/WTAP/CNOT2/ZFP36/SRRM1/DDX5/MAGOH/TNRC6B/SRSF10/ROCK1/TAF15/RBM39/TIAL1/YTHDC1/SRSF5/PABPC1/ZC3HAV1/CELF2/SRSF3/ZFP36L2/THRAP3/LSM6/DHX36",41
"GO:0071826","protein-RNA complex organization","31/599","268/18842",0.115671641791045,3.63853935663917,7.88307230208559,5.62831768533119e-10,5.71133537118983e-08,2.64777771120868e-08,"PTGES3/SNU13/LUC7L2/RSRP1/RPS19/EIF3G/FAU/RPSA/SCAF11/PHF5A/LSM8/SNRPD2/EIF3F/EIF5/VCP/ADAR/RPS28/RPL5/SF1/SRSF10/RPL11/RPS15/EIF3K/YTHDC1/SRSF5/RPS14/RPS6/HSP90AB1/CELF2/HSP90AA1/LSM6",31
"GO:0022618","protein-RNA complex assembly","30/599","259/18842",0.115830115830116,3.64352427791493,7.76233762891586,1.03585373489597e-09,1.02549519754701e-07,4.75420046371894e-08,"PTGES3/SNU13/LUC7L2/RSRP1/RPS19/EIF3G/FAU/RPSA/SCAF11/PHF5A/LSM8/SNRPD2/EIF3F/EIF5/ADAR/RPS28/RPL5/SF1/SRSF10/RPL11/RPS15/EIF3K/YTHDC1/SRSF5/RPS14/RPS6/HSP90AB1/CELF2/HSP90AA1/LSM6",30
"GO:0022407","regulation of cell-cell adhesion","42/599","472/18842",0.0889830508474576,2.79902945587278,7.17252304471947,1.9798172988656e-09,1.91335200383225e-07,8.8703087109873e-08,"TGFB1/ITGB2/CD55/PSMA5/PSMB8/FYN/JAK1/FXYD5/PRNP/HSPH1/CD3E/LCK/CD27/TIGIT/CD69/CD44/PSMB10/TNFRSF14/CD47/PSMB9/CCL5/RGCC/ACTB/WNK1/LAPTM5/PTPRC/SKAP1/CD6/HLA-E/HSPD1/B2M/SOCS1/ANXA1/CBLB/ICOS/PTPN2/IL7R/RHOH/HLA-A/CCR7/PTPN22/IL2RG",42
"GO:0006364","rRNA processing","28/599","237/18842",0.118143459915612,3.71629227333883,7.62523251327195,2.40002618990875e-09,2.26551309414874e-07,1.05029291492802e-07,"WBP11/SNU13/RPL35/RPS19/KRR1/RPS21/RPL27/RPS13/RPS7/DDX18/RPL35A/RPS27/RPL7A/RPL26/NOP56/RPS25/RPL14/RPS28/RPL5/NSA2/DNTTIP2/RPL11/RPS15/RPS14/RPS6/ISG20/RPL37/LSM6",28
"GO:0002768","immune response-regulating cell surface receptor signaling pathway","37/599","392/18842",0.0943877551020408,2.96903853361044,7.13865379581569,3.83723431501745e-09,3.5398486556036e-07,1.64107546873169e-07,"FYN/BAX/PRNP/CD3E/LCK/TRBC1/CD3D/TNFRSF14/CD47/RGCC/LCP2/CLEC2D/WNK1/LAPTM5/CD8A/PIK3R1/PTPRC/ITK/SKAP1/CD3G/TNFAIP3/TRBC2/TRAC/FOXP1/PAK2/EZR/CBLB/PRKCH/PTPN2/CD247/HLA-A/CCR7/CLEC2B/PTPN22/LAT/UBE2N/PDE4B",37
"GO:0048872","homeostasis of number of cells","26/599","214/18842",0.121495327102804,3.82172780178803,7.5223952028155,4.95562644623848e-09,4.46997505450711e-07,2.07228249608411e-07,"PSMA5/PSMB8/HSPA1A/GPR183/RPS19/PSMB10/ID2/TSC22D3/PSMB9/LTB/PPP2CA/TNFAIP3/ZFP36/SOD1/HSPA1B/ANXA1/HMGB2/PTPN2/HCLS1/RPS14/IL7R/OCIAD2/KMT2E/IL2RG/PTBP3/PDE4B",26
"GO:0097193","intrinsic apoptotic signaling pathway","31/599","294/18842",0.105442176870748,3.31676376727653,7.25477806092083,5.40147657681288e-09,4.76621596201815e-07,2.20961991738363e-07,"BCLAF1/FYN/IFI16/HSPA1A/BAX/ERP29/FBXO7/TNFRSF1B/TPT1/CYCS/LCK/CD44/CRIP1/RPS7/HSPE1/RPS3/PTPN1/RPL26/LAPTM5/DDIT4/DDX5/DDIT3/SOD1/MCL1/HINT1/UBB/PTPN2/PPP2R5C/ARL6IP5/BIRC3/DNAJA1",31
"GO:0016072","rRNA metabolic process","30/599","288/18842",0.104166666666667,3.27664162493044,7.05487619299583,1.26516994101136e-08,1.09262229586491e-06,5.06540200100013e-07,"WBP11/SNU13/RPL35/RPS19/KRR1/RPS21/RPL27/RPS13/RPS7/DDX18/RPL35A/RPS27/RPL7A/RPL26/NOP56/RPS25/RPL14/RPS28/RPL5/NSA2/POLR1D/DNTTIP2/RPL11/RPS15/RPS14/RPS6/ISG20/RNF10/RPL37/LSM6",30
"GO:0035710","CD4-positive, alpha-beta T cell activation","19/599","127/18842",0.149606299212598,4.70597978257726,7.59324210786448,2.00978368139166e-08,1.69952332557683e-06,7.87899797277026e-07,"STAT4/RORA/CD55/PSMA5/PSMB8/JAK1/GPR183/CD69/PSMB10/PTGER4/PSMB9/NKG7/PIK3R1/BATF/FOXP1/SOCS1/ANXA1/ICOS/JUNB",19
"GO:1903039","positive regulation of leukocyte cell-cell adhesion","27/599","250/18842",0.108,3.39722203672788,6.91404922552444,3.18689145925964e-08,2.63991682308875e-06,1.2238666562778e-06,"TGFB1/ITGB2/CD55/FYN/HSPH1/CD3E/LCK/CD27/CD44/TNFRSF14/CD47/CCL5/ACTB/PTPRC/SKAP1/CD6/HLA-E/HSPD1/B2M/SOCS1/ANXA1/ICOS/IL7R/RHOH/HLA-A/CCR7/IL2RG",27
"GO:0002819","regulation of adaptive immune response","23/599","190/18842",0.121052631578947,3.8078024778139,7.0485195224016,4.09057090870897e-08,3.27244870867486e-06,1.51710873005481e-06,"TGFB1/CD55/TNFRSF1B/CD69/SAMSN1/HLA-C/WAS/TNFRSF14/IRF7/CD7/ARID5A/PTPRC/BATF/SKAP1/HLA-E/TNFAIP3/HSPD1/B2M/ANXA1/HLA-F/JUNB/HLA-B/HLA-A",23
"GO:0042093","T-helper cell differentiation","16/599","94/18842",0.170212765957447,5.35417184669485,7.66847977846345,4.11172417202311e-08,3.27244870867486e-06,1.51710873005481e-06,"STAT4/RORA/PSMA5/PSMB8/JAK1/GPR183/CD69/PSMB10/PTGER4/PSMB9/PIK3R1/BATF/FOXP1/ANXA1/ICOS/JUNB",16
"GO:0043367","CD4-positive, alpha-beta T cell differentiation","17/599","107/18842",0.158878504672897,4.99764404849204,7.51426347543482,4.49605340651933e-08,3.50951553405038e-06,1.62701301959499e-06,"STAT4/RORA/PSMA5/PSMB8/JAK1/GPR183/CD69/PSMB10/PTGER4/PSMB9/PIK3R1/BATF/FOXP1/SOCS1/ANXA1/ICOS/JUNB",17
"GO:0002228","natural killer cell mediated immunity","15/599","83/18842",0.180722891566265,5.68477583120462,7.75068837447326,4.74295405912842e-08,3.63238689169854e-06,1.68397623764866e-06,"TGFB1/TIGIT/HLA-C/TUBB4B/NKG7/PIK3R1/HLA-E/CD2/HCST/KLRB1/B2M/HLA-F/HLA-B/CORO1A/HLA-A",15
"GO:0046632","alpha-beta T cell differentiation","18/599","125/18842",0.144,4.52962938230384,7.17436138886904,8.64545351397804e-08,6.49849922467349e-06,3.01270723659373e-06,"STAT4/RORA/PSMA5/PSMB8/JAK1/GPR183/CD69/PSMB10/PTGER4/PSMB9/PIK3R1/ITK/BATF/FOXP1/SOCS1/ANXA1/ICOS/JUNB",18
"GO:0045088","regulation of innate immune response","39/599","482/18842",0.0809128630705394,2.54517556924057,6.22704881858102,9.9064626757908e-08,7.31096945473361e-06,3.38936880982676e-06,"TGFB1/FYN/IFI16/HSPA1A/RPS19/TNIP1/TIGIT/PCBP2/HLA-C/IRF7/CCL5/USP15/EIF2AK2/GBP2/PTPN1/PPP6C/PIK3R1/HSPA8/PPP2CA/HLA-E/TNFAIP3/HSPD1/KLRB1/ATG12/B2M/HSPA1B/PAK2/TRAF3IP3/HMGB2/HLA-F/PTPN2/HLA-B/ZC3HAV1/HLA-A/BIRC3/HSP90AA1/YWHAZ/PTPN22/DDX39A",39
"GO:0042267","natural killer cell mediated cytotoxicity","14/599","77/18842",0.181818181818182,5.7192290180604,7.51898794835477,1.22826613264063e-07,8.90273612926489e-06,4.12731257399949e-06,"TGFB1/TIGIT/HLA-C/TUBB4B/NKG7/PIK3R1/HLA-E/CD2/HCST/KLRB1/HLA-F/HLA-B/CORO1A/HLA-A",14
"GO:0006986","response to unfolded protein","19/599","145/18842",0.131034482758621,4.12178918887802,6.83783892695433,1.7606287572485e-07,1.2537530045038e-05,5.81240470911885e-06,"HSPA1A/BAX/DNAJB9/HSPH1/HSPA4/SHISA5/HSPE1/PTPN1/PIK3R1/HSPA8/VCP/DDIT3/HSPD1/PTPN2/HSP90AB1/DNAJB1/OPTN/HSP90AA1/DNAJA1",19
"GO:0002695","negative regulation of leukocyte activation","21/599","176/18842",0.119318181818182,3.75324404310214,6.64955631392722,2.02995715957012e-07,1.42062001908536e-05,6.58600095803418e-06,"PSMA5/PSMB8/FYN/PRNP/TIGIT/CD69/SAMSN1/PSMB10/ID2/TNFRSF14/PSMB9/LAPTM5/PTPRC/HLA-E/TNFAIP3/CST7/SOCS1/ANXA1/CBLB/PTPN2/PTPN22",21
"GO:0019885","antigen processing and presentation of endogenous peptide antigen via MHC class I","8/599","22/18842",0.363636363636364,11.4384580361208,8.8767734767853,2.14711023694585e-07,1.47713905962088e-05,6.84802349052936e-06,"HLA-C/TAPBP/HLA-E/B2M/TAP1/HLA-F/HLA-B/HLA-A",8
"GO:0050870","positive regulation of T cell activation","24/599","226/18842",0.106194690265487,3.3404346477167,6.4139387766418,2.53942236532641e-07,1.71791923014332e-05,7.96428147115205e-06,"TGFB1/CD55/FYN/HSPH1/CD3E/LCK/CD27/TNFRSF14/CD47/CCL5/ACTB/PTPRC/CD6/HLA-E/HSPD1/B2M/SOCS1/ANXA1/ICOS/IL7R/RHOH/HLA-A/CCR7/IL2RG",24
"GO:0051250","negative regulation of lymphocyte activation","19/599","149/18842",0.12751677852349,4.01113713011619,6.68653961996055,2.71582539851629e-07,1.80713693320945e-05,8.37789515389142e-06,"PSMA5/PSMB8/FYN/PRNP/TIGIT/CD69/SAMSN1/PSMB10/ID2/TNFRSF14/PSMB9/LAPTM5/HLA-E/TNFAIP3/SOCS1/ANXA1/CBLB/PTPN2/PTPN22",19
"GO:0022409","positive regulation of cell-cell adhesion","28/599","297/18842",0.0942760942760943,2.9655261575128,6.18672611876752,3.15643331036721e-07,2.06644561399686e-05,9.58005139352543e-06,"TGFB1/ITGB2/CD55/FYN/JAK1/HSPH1/CD3E/LCK/CD27/CD44/TNFRSF14/CD47/CCL5/ACTB/PTPRC/SKAP1/CD6/HLA-E/HSPD1/B2M/SOCS1/ANXA1/ICOS/IL7R/RHOH/HLA-A/CCR7/IL2RG",28
"GO:0034605","cellular response to heat","12/599","61/18842",0.19672131147541,6.18801828183585,7.35401168983488,4.00657798840994e-07,2.58138096110412e-05,1.19672940367465e-05,"HSPA1A/EEF1D/TPR/VCP/CHORDC1/HSPA1B/DNAJB6/HSP90AB1/DNAJB1/DNAJA2/HSP90AA1/DHX36",12
"GO:0002483","antigen processing and presentation of endogenous peptide antigen","8/599","24/18842",0.333333333333333,10.4852531997774,8.42529418712304,4.66796053136546e-07,2.96050809325194e-05,1.37249291692923e-05,"HLA-C/TAPBP/HLA-E/B2M/TAP1/HLA-F/HLA-B/HLA-A",8
"GO:0001776","leukocyte homeostasis","13/599","75/18842",0.173333333333333,5.45233166388425,7.00064362524056,6.17139273593478e-07,3.85379740233219e-05,1.7866222524564e-05,"PSMA5/PSMB8/GPR183/PSMB10/TSC22D3/PSMB9/LTB/PPP2CA/TNFAIP3/ANXA1/IL7R/IL2RG/PDE4B",13
"GO:0009408","response to heat","14/599","89/18842",0.157303370786517,4.94809701562529,6.76495168708136,7.85972280476572e-07,4.83372952493092e-05,2.2409192362761e-05,"HSPA1A/EEF1D/TPR/VCP/CHORDC1/SOD1/HSPA1B/DNAJB6/HSP90AB1/DNAJB1/DNAJA2/HSP90AA1/DNAJA1/DHX36",14
"GO:2001244","positive regulation of intrinsic apoptotic signaling pathway","11/599","54/18842",0.203703703703704,6.4076547331973,7.21078947479673,8.45475084339158e-07,5.12206472736216e-05,2.37459156905582e-05,"BCLAF1/BAX/LCK/RPS7/RPS3/RPL26/DDIT3/SOD1/MCL1/UBB/PTPN2",11
"GO:0035966","response to topologically incorrect protein","19/599","161/18842",0.118012422360248,3.71217038749883,6.26249085341886,9.11009115294892e-07,5.31947689981826e-05,2.46611194322038e-05,"HSPA1A/BAX/DNAJB9/HSPH1/HSPA4/SHISA5/HSPE1/PTPN1/PIK3R1/HSPA8/VCP/DDIT3/HSPD1/PTPN2/HSP90AB1/DNAJB1/OPTN/HSP90AA1/DNAJA1",19
"GO:0032609","type II interferon production","16/599","117/18842",0.136752136752137,4.30164233837022,6.49126440928017,9.17377144585559e-07,5.31947689981826e-05,2.46611194322038e-05,"PSMA5/PSMB8/PRNP/PSMB10/TNFRSF14/CD47/PSMB9/ARID5A/LAPTM5/CD2/DDIT3/HSPD1/HLA-A/CCR7/PTPN22/PDE4B",16
"GO:0032649","regulation of type II interferon production","16/599","117/18842",0.136752136752137,4.30164233837022,6.49126440928017,9.17377144585559e-07,5.31947689981826e-05,2.46611194322038e-05,"PSMA5/PSMB8/PRNP/PSMB10/TNFRSF14/CD47/PSMB9/ARID5A/LAPTM5/CD2/DDIT3/HSPD1/HLA-A/CCR7/PTPN22/PDE4B",16
"GO:0140694","membraneless organelle assembly","34/599","427/18842",0.0796252927400468,2.50467406645737,5.69885712064222,9.5490143443894e-07,5.45907735547557e-05,2.5308307788238e-05,"HSPA1A/PRRC2C/RNF213/RPS19/FXR1/TPR/FAU/RPSA/FUS/G3BP1/ZNF207/DAZAP2/RPS3/NCOR1/WNK1/CNOT6L/NPM1/EIF5/AKAP13/CNOT2/RPS28/RPL5/G3BP2/GTF2B/HSPA1B/RPL11/EZR/RPS15/NASP/RPS14/CHMP1B/RPS6/RPS23/WDR1",34
"GO:0007015","actin filament organization","35/599","448/18842",0.078125,2.45748121869783,5.65745541309064,1.02671264762405e-06,5.74439959338675e-05,2.66310629986294e-05,"SNX9/PFN1/SH3KBP1/ARF6/RAC2/IQGAP1/SPTAN1/WIPF1/RHOF/COTL1/CDC42/PTGER4/WAS/CD47/GMFG/TWF2/RGCC/EVL/TMSB4X/CORO1B/PIK3R1/LIMD2/CNN2/ROCK1/RHOG/PAK2/EZR/ABI1/ARPC2/HCLS1/RHOH/CORO1A/LCP1/CCR7/WDR1",35
"GO:0002822","regulation of adaptive immune response based on somatic recombination of immune receptors built from immunoglobulin superfamily domains","20/599","178/18842",0.112359550561798,3.53435501116092,6.15591119002169,1.03818137967665e-06,5.74439959338675e-05,2.66310629986294e-05,"TGFB1/CD55/TNFRSF1B/CD69/HLA-C/WAS/TNFRSF14/CD7/ARID5A/PTPRC/BATF/HLA-E/TNFAIP3/HSPD1/B2M/ANXA1/HLA-F/JUNB/HLA-B/HLA-A",20
"GO:0002474","antigen processing and presentation of peptide antigen via MHC class I","9/599","35/18842",0.257142857142857,8.08862389697114,7.60594974033437,1.05258315482885e-06,5.74439959338675e-05,2.66310629986294e-05,"PSMB10/HLA-C/TAPBP/HLA-E/B2M/TAP1/HLA-F/HLA-B/HLA-A",9
"GO:0002443","leukocyte mediated immunity","34/599","429/18842",0.0792540792540792,2.49299726428274,5.66816701403357,1.06141899360435e-06,5.74439959338675e-05,2.66310629986294e-05,"TGFB1/ITGB2/CD55/TNFRSF1B/CD27/TIGIT/RAC2/HLA-C/WAS/TNFRSF14/CD7/VAMP2/ARID5A/TUBB4B/NKG7/CD8A/PIK3R1/PTPRC/BATF/HLA-E/CD2/HCST/HSPD1/KLRB1/B2M/HLA-F/HLA-B/KMT2E/CORO1A/HLA-A/LAT/IL2RG/WDR1/DHX36",34
"GO:0033077","T cell differentiation in thymus","11/599","56/18842",0.196428571428571,6.1788099212974,7.03273224134377,1.24153273096381e-06,6.63076494076595e-05,3.07402568355331e-05,"PSMA5/CD3E/PSMB10/CD3D/PSMB9/PTPRC/CD3G/SOD1/PTPN2/CCR7/ZFP36L2",11
"GO:0031348","negative regulation of defense response","27/599","300/18842",0.09,2.8310183639399,5.79285017198313,1.27052776805063e-06,6.66636687589386e-05,3.09053075709235e-05,"TGFB1/RORA/FYN/IFI16/RPS19/TNFRSF1B/TIGIT/FXR1/CD69/PCBP2/PTGER4/USP15/IL10RA/TMSB4X/PTPRC/HLA-E/TNFAIP3/SOD1/PRMT2/ATG12/CST7/HLA-F/PTPN2/HLA-B/HLA-A/YWHAZ/DDX39A",27
"GO:0045061","thymic T cell selection","8/599","27/18842",0.296296296296296,9.32022506646881,7.83938695677844,1.29502570948431e-06,6.66636687589386e-05,3.09053075709235e-05,"PSMA5/CD3E/PSMB10/CD3D/PSMB9/CD3G/PTPN2/CCR7",8
"GO:0006457","protein folding","23/599","230/18842",0.1,3.14557595993322,5.93237433662675,1.29746977875244e-06,6.66636687589386e-05,3.09053075709235e-05,"PTGES3/HSPA1A/ERP29/HSPH1/HSPA4/WIPF1/PPIG/NKTR/TAPBP/AHSA1/HSPE1/HSPA8/PFDN5/CHORDC1/HSPD1/HSPA1B/CCT4/DNAJB6/HSP90AB1/DNAJB1/DNAJA2/HSP90AA1/DNAJA1",23
"GO:0009266","response to temperature stimulus","17/599","135/18842",0.125925925925926,3.96109565324924,6.25654402398805,1.37141872556569e-06,6.95823575883892e-05,3.22584130578742e-05,"HSPA1A/EEF1D/TPR/VCP/CHORDC1/SOD1/HSPD1/HSPA1B/DNAJB6/HSP90AB1/DNAJB1/DNAJA2/HSP90AA1/UCP2/JUND/DNAJA1/DHX36",17
"GO:0050866","negative regulation of cell activation","21/599","198/18842",0.106060606060606,3.3362169272019,5.98816103848379,1.44861164985252e-06,7.25915393426094e-05,3.36534711064686e-05,"PSMA5/PSMB8/FYN/PRNP/TIGIT/CD69/SAMSN1/PSMB10/ID2/TNFRSF14/PSMB9/LAPTM5/PTPRC/HLA-E/TNFAIP3/CST7/SOCS1/ANXA1/CBLB/PTPN2/PTPN22",21
"GO:0045824","negative regulation of innate immune response","14/599","94/18842",0.148936170212766,4.68490036585799,6.48977232322245,1.55091623896308e-06,7.67703538286722e-05,3.55907714287868e-05,"TGFB1/IFI16/RPS19/TIGIT/USP15/HLA-E/TNFAIP3/ATG12/HLA-F/PTPN2/HLA-B/HLA-A/YWHAZ/DDX39A",14
"GO:2001242","regulation of intrinsic apoptotic signaling pathway","19/599","167/18842",0.11377245508982,3.57879899633121,6.06544515014965,1.59388579928121e-06,7.79467766178604e-05,3.61361615762264e-05,"BCLAF1/FYN/HSPA1A/BAX/ERP29/FBXO7/TPT1/LCK/CD44/RPS7/RPS3/PTPN1/RPL26/DDIT3/SOD1/MCL1/UBB/PTPN2/DNAJA1",19
"GO:1902903","regulation of supramolecular fiber organization","30/599","361/18842",0.0831024930747922,2.61405204426584,5.61081124298025,1.7494580758996e-06,8.45363134532913e-05,3.91910738911388e-05,"SNX9/PFN1/HSPA1A/ARF6/SPTAN1/COTL1/CDC42/PTGER4/WAS/CD47/GMFG/RPS3/TWF2/RGCC/CIB1/EVL/TMSB4X/CORO1B/PIK3R1/HSPA8/AKAP13/PFDN5/PPP2CA/ROCK1/HSPA1B/PAK2/HCLS1/CORO1A/CCR7/WDR1",30
"GO:0009615","response to virus","32/599","400/18842",0.08,2.51646076794658,5.55487669368105,1.80387915465152e-06,8.61405351615356e-05,3.99347918146831e-05,"TGFB1/CCL4/APOBEC3G/IFI16/BAX/RPS15A/TPT1/RPSA/PCBP2/G3BP1/HNRNPUL1/TANK/IRF7/CCL5/EIF2AK2/GBP2/CXCR4/PTPRC/DDIT4/ADAR/TNFAIP3/ATG12/IFITM1/TRAF3IP3/NT5C3A/SMARCA5/ISG20/ZC3HAV1/ODC1/HSP90AA1/UBE2N/DHX36",32
"GO:0002696","positive regulation of leukocyte activation","28/599","325/18842",0.0861538461538462,2.71003467317324,5.63480044832193,1.92126851255745e-06,9.06794057264034e-05,4.20390143011337e-05,"TGFB1/CD55/FYN/GPR183/SH3KBP1/HSPH1/CD3E/LCK/CD27/TNFRSF14/CD47/CCL5/ACTB/PTPRC/CD6/HLA-E/CD2/HSPD1/B2M/SOCS1/ANXA1/ICOS/IL7R/RHOH/HLA-A/CCR7/JUND/IL2RG",28
"GO:0050777","negative regulation of immune response","21/599","202/18842",0.103960396039604,3.27015322567315,5.87794013815628,2.00333037828693e-06,9.26737586282674e-05,4.29635972259042e-05,"TGFB1/CD55/FYN/IFI16/RPS19/TIGIT/CD69/SAMSN1/TNFRSF14/USP15/PTPRC/HLA-E/TNFAIP3/ATG12/ANXA1/HLA-F/PTPN2/HLA-B/HLA-A/YWHAZ/DDX39A",21
"GO:0051251","positive regulation of lymphocyte activation","26/599","289/18842",0.0899653979238754,2.82992992935169,5.68059158724706,2.00918717893263e-06,9.26737586282674e-05,4.29635972259042e-05,"TGFB1/CD55/FYN/GPR183/SH3KBP1/HSPH1/CD3E/LCK/CD27/TNFRSF14/CD47/CCL5/ACTB/PTPRC/CD6/HLA-E/HSPD1/B2M/SOCS1/ANXA1/ICOS/IL7R/RHOH/HLA-A/CCR7/IL2RG",26
"GO:0016032","viral process","31/599","383/18842",0.0809399477806789,2.54602753937154,5.53897984334174,2.05004685676881e-06,9.34959572092651e-05,4.3344768867117e-05,"CD55/RAN/APOBEC3G/IFI16/HSPA1A/SP100/TNIP1/EIF3G/RPSA/PCBP2/TNFRSF14/OAZ1/IRF7/CCL5/IL32/EIF2AK2/CXCR4/EIF3F/VCP/ADAR/ZFP36/DDX5/GTF2B/ATG12/HSPA1B/IFITM1/PABPC1/CHMP1B/ISG20/HSP90AB1/ZC3HAV1",31
"GO:0050868","negative regulation of T cell activation","16/599","125/18842",0.128,4.02633722871452,6.15136452349415,2.24584313878417e-06,0.000101287525559166,4.69569435463162e-05,"PSMA5/PSMB8/FYN/PRNP/TIGIT/CD69/PSMB10/TNFRSF14/PSMB9/LAPTM5/HLA-E/SOCS1/ANXA1/CBLB/PTPN2/PTPN22",16
"GO:0019883","antigen processing and presentation of endogenous antigen","8/599","30/18842",0.266666666666667,8.38820255982193,7.33836303847022,3.13813292476909e-06,0.00013997452243558,6.48922531342782e-05,"HLA-C/TAPBP/HLA-E/B2M/TAP1/HLA-F/HLA-B/HLA-A",8
"GO:0002709","regulation of T cell mediated immunity","14/599","100/18842",0.14,4.40380634390651,6.18406624965926,3.3009186609948e-06,0.000145635096141064,6.75164977138631e-05,"CD55/TNFRSF1B/HLA-C/WAS/TNFRSF14/CD7/ARID5A/PTPRC/HLA-E/HSPD1/B2M/HLA-F/HLA-B/HLA-A",14
"GO:1903038","negative regulation of leukocyte cell-cell adhesion","17/599","144/18842",0.118055555555556,3.71352717492116,5.92290954968927,3.37640012778504e-06,0.000147363528157844,6.83177995937096e-05,"PSMA5/PSMB8/FYN/PRNP/TIGIT/CD69/PSMB10/TNFRSF14/PSMB9/WNK1/LAPTM5/HLA-E/SOCS1/ANXA1/CBLB/PTPN2/PTPN22",17
"GO:0050854","regulation of antigen receptor-mediated signaling pathway","12/599","74/18842",0.162162162162162,5.1009339890809,6.4048195454557,3.46367527426506e-06,0.000149564446151509,6.93381461902729e-05,"FYN/PRNP/LCK/LAPTM5/PTPRC/FOXP1/EZR/CBLB/PRKCH/PTPN2/CCR7/PTPN22",12
"GO:0000028","ribosomal small subunit assembly","7/599","22/18842",0.318181818181818,10.0086507816057,7.66087788474712,3.56451302411905e-06,0.000152298509104202,7.06056590356399e-05,"RPS19/FAU/RPSA/RPS28/RPS15/RPS14/RPS6",7
"GO:0045619","regulation of lymphocyte differentiation","20/599","193/18842",0.103626943005181,3.25966420718469,5.71757728126978,3.67524059168339e-06,0.000155393766267113,7.20406216833871e-05,"TGFB1/PSMA5/PSMB8/CD27/CD69/PSMB10/ID2/PSMB9/ACTB/BATF/CD2/SOD1/SOCS1/ANXA1/PTPN2/IL7R/JUNB/RHOH/ZFP36L2/IL2RG",20
"GO:0022408","negative regulation of cell-cell adhesion","20/599","194/18842",0.103092783505155,3.24286181436415,5.68989836028156,3.97842046564384e-06,0.000166478439897406,7.71794814888124e-05,"TGFB1/PSMA5/PSMB8/FYN/FXYD5/PRNP/TIGIT/CD69/PSMB10/TNFRSF14/PSMB9/RGCC/WNK1/LAPTM5/HLA-E/SOCS1/ANXA1/CBLB/PTPN2/PTPN22",20
"GO:0002832","negative regulation of response to biotic stimulus","16/599","131/18842",0.122137404580153,3.84192483655966,5.91448579192354,4.18347266714106e-06,0.000172726848160355,8.00762464402499e-05,"TGFB1/IFI16/RPS19/TIGIT/PCBP2/USP15/CARD16/HLA-E/TNFAIP3/ATG12/HLA-F/PTPN2/HLA-B/HLA-A/YWHAZ/DDX39A",16
"GO:0002460","adaptive immune response based on somatic recombination of immune receptors built from immunoglobulin superfamily domains","30/599","377/18842",0.0795755968169761,2.50311084344819,5.34200492202999,4.2128499551306e-06,0.000172726848160355,8.00762464402499e-05,"TGFB1/STAT4/RORA/CD55/PSMA5/PSMB8/JAK1/TNFRSF1B/CD27/CD69/PSMB10/HLA-C/WAS/TNFRSF14/PSMB9/CD7/ARID5A/CD8A/PTPRC/BATF/HLA-E/TNFAIP3/HSPD1/B2M/ANXA1/HLA-F/JUNB/HLA-B/HLA-A/IL2RG",30
"GO:0032623","interleukin-2 production","11/599","64/18842",0.171875,5.40645868113523,6.39841314026302,4.9247453610601e-06,0.000194458289588906,9.01509527054796e-05,"PSMA5/PSMB8/PRNP/PSMB10/PSMB9/LAPTM5/PTPRC/TNFAIP3/ZFP36/ANXA1/PDE4B",11
"GO:0032663","regulation of interleukin-2 production","11/599","64/18842",0.171875,5.40645868113523,6.39841314026302,4.9247453610601e-06,0.000194458289588906,9.01509527054796e-05,"PSMA5/PSMB8/PRNP/PSMB10/PSMB9/LAPTM5/PTPRC/TNFAIP3/ZFP36/ANXA1/PDE4B",11
"GO:0045058","T cell selection","11/599","64/18842",0.171875,5.40645868113523,6.39841314026302,4.9247453610601e-06,0.000194458289588906,9.01509527054796e-05,"PSMA5/JAK1/CD3E/CD69/PSMB10/CD3D/PSMB9/BATF/CD3G/PTPN2/CCR7",11
"GO:0032970","regulation of actin filament-based process","30/599","380/18842",0.0789473684210526,2.48334944205254,5.29313724013193,4.93451683361845e-06,0.000194458289588906,9.01509527054796e-05,"SNX9/PFN1/ARF6/RAC2/IQGAP1/SPTAN1/RHOF/COTL1/CDC42/PTGER4/WAS/CD47/GMFG/TWF2/RGCC/EVL/TMSB4X/ABRACL/CORO1B/PIK3R1/CNN2/AKAP13/ROCK1/RHOG/PAK2/HCLS1/CORO1A/CCR7/WDR1/PDE4B",30
"GO:1903706","regulation of hemopoiesis","30/599","382/18842",0.0785340314136126,2.470347612513,5.26081598007702,5.47690832966768e-06,0.000213757412597318,9.90980350297495e-05,"TGFB1/PSMA5/PSMB8/HSPA1A/CD27/CD69/PSMB10/ID2/IRF7/PSMB9/ACTB/CIB1/BATF/CD2/ZFP36/SOD1/HSPA1B/FOXP1/SOCS1/ANXA1/HMGB2/PTPN2/HCLS1/IL7R/JUNB/HLA-B/PITHD1/RHOH/ZFP36L2/IL2RG",30
"GO:0030865","cortical cytoskeleton organization","10/599","53/18842",0.188679245283019,5.93504898100608,6.51920782319742,5.55889510499202e-06,0.000214891002201548,9.9623567692895e-05,"ARF6/RAC2/IQGAP1/PAFAH1B1/ROCK1/RHOG/EZR/ARPC2/LCP1/WDR1",10
"GO:0043065","positive regulation of apoptotic process","35/599","484/18842",0.0723140495867769,2.27469335945584,5.1479340948765,5.82902718038643e-06,0.000223207748350835,0.000103479215042015,"TGFB1/BCLAF1/STK4/BAX/STK17A/PRNP/TNFRSF1B/LCK/GZMA/PHLDA1/RPS7/RPS3/CCL5/RGCC/PTPN1/RPL26/SAP18/LTB/TXNIP/DDIT3/SOD1/HSPD1/BTG1/MCL1/PAK2/UBB/ANXA1/TNFAIP8/DUSP1/PTPN2/PDCD4/RPS6/ARL6IP5/STK17B/DNAJA1",35
"GO:0050867","positive regulation of cell activation","28/599","345/18842",0.0811594202898551,2.55293121385885,5.27507180292464,6.0600823299631e-06,0.000228686867078393,0.000106019337010175,"TGFB1/CD55/FYN/GPR183/SH3KBP1/HSPH1/CD3E/LCK/CD27/TNFRSF14/CD47/CCL5/ACTB/PTPRC/CD6/HLA-E/CD2/HSPD1/B2M/SOCS1/ANXA1/ICOS/IL7R/RHOH/HLA-A/CCR7/JUND/IL2RG",28
"GO:0042273","ribosomal large subunit biogenesis","12/599","78/18842",0.153846153846154,4.8393476306665,6.15686006414879,6.1064693699959e-06,0.000228686867078393,0.000106019337010175,"RPL35/DDX18/RPL35A/RPL7A/RPL26/NPM1/RPL14/RSL24D1/RPL5/NSA2/RPL11/RPL37",12
"GO:0002428","antigen processing and presentation of peptide antigen via MHC class Ib","6/599","16/18842",0.375,11.7959098497496,7.82811992680126,6.14113538101621e-06,0.000228686867078393,0.000106019337010175,"HLA-C/HLA-E/B2M/HLA-F/HLA-B/HLA-A",6
"GO:0050856","regulation of T cell receptor signaling pathway","10/599","54/18842",0.185185185185185,5.825140666543,6.43404123401762,6.63012692786768e-06,0.000244651683638317,0.000113420633327695,"FYN/PRNP/LCK/LAPTM5/PTPRC/EZR/CBLB/PTPN2/CCR7/PTPN22",10
"GO:0033119","negative regulation of RNA splicing","8/599","33/18842",0.242424242424242,7.62563869074721,6.90270197186026,6.84297009367097e-06,0.000250230771263157,0.000116007100922725,"RBMX/SRSF7/RPS13/SNRPD2/SAP18/SRSF10/RPS26/PTBP3",8
"GO:0072331","signal transduction by p53 class mediator","18/599","168/18842",0.107142857142857,3.37025995707131,5.59176871804516,7.01117618763151e-06,0.000254092537014253,0.000117797417305341,"IFI16/SP100/PLK3/CD44/COPS3/RPS7/RPL26/DDIT4/BATF/CDKN1B/RPL5/DDX5/HINT1/RPL11/UBB/RPS15/PPP2R5C/RPL37",18
"GO:0045580","regulation of T cell differentiation","18/599","169/18842",0.106508875739645,3.35031759046142,5.56134850962121,7.61941614150603e-06,0.000273692124941354,0.00012688379530444,"TGFB1/PSMA5/PSMB8/CD27/CD69/PSMB10/PSMB9/ACTB/BATF/CD2/SOD1/SOCS1/ANXA1/PTPN2/IL7R/JUNB/RHOH/IL2RG",18
"GO:0042255","ribosome assembly","11/599","67/18842",0.164179104477612,5.16437844168141,6.18749519899399,7.80747936093509e-06,0.000277987357245926,0.000128875066981092,"RPS19/FAU/RPSA/NPM1/EIF5/RPS28/RPL5/RPL11/RPS15/RPS14/RPS6",11
"GO:0002456","T cell mediated immunity","15/599","124/18842",0.120967741935484,3.80513220959664,5.67873644236971,9.36173890577907e-06,0.000330428680161367,0.000153186888461972,"CD55/TNFRSF1B/HLA-C/WAS/TNFRSF14/CD7/ARID5A/CD8A/PTPRC/HLA-E/HSPD1/B2M/HLA-F/HLA-B/HLA-A",15
"GO:0032956","regulation of actin cytoskeleton organization","27/599","334/18842",0.0808383233532934,2.54283086581428,5.15500467724575,9.52343955554519e-06,0.000333238285827224,0.000154489422943989,"SNX9/PFN1/ARF6/RAC2/IQGAP1/SPTAN1/RHOF/COTL1/CDC42/PTGER4/WAS/CD47/GMFG/TWF2/RGCC/EVL/TMSB4X/CORO1B/PIK3R1/AKAP13/ROCK1/RHOG/PAK2/HCLS1/CORO1A/CCR7/WDR1",27
"GO:0032386","regulation of intracellular transport","23/599","260/18842",0.0884615384615385,2.78262488763323,5.24466397883424,1.02417171038786e-05,0.000355308801065326,0.000164721323983652,"TGFB1/RAN/DYNLT3/ANP32B/SP100/PLK3/TPR/SHISA5/OAZ1/PTPN1/VAMP2/WNK1/MSN/PIK3R1/EZR/UBAC2/HCLS1/YIPF5/LCP1/HSP90AA1/EMD/INSIG1/DDX39A",23
"GO:0048545","response to steroid hormone","26/599","317/18842",0.082018927444795,2.57996766429854,5.14062564488645,1.07589946141763e-05,0.000366981169234805,0.000170132639248391,"TGFB1/RAN/HSPA1A/REST/TMF1/HDAC1/NCOR1/NR3C1/PTPRC/HSPA8/TXNIP/CNOT2/ZFP36/DDX5/KRAS/CALM3/PRMT2/HSPA1B/FOXP1/ANXA1/DUSP1/JUNB/UCP2/LBH/JUND/ZFP36L2",26
"GO:2001233","regulation of apoptotic signaling pathway","26/599","317/18842",0.082018927444795,2.57996766429854,5.14062564488645,1.07589946141763e-05,0.000366981169234805,0.000170132639248391,"BCLAF1/FYN/HSPA1A/BAX/ERP29/FBXO7/TPT1/SP100/LCK/CD44/RPS7/RPS3/PTPN1/RPL26/LTB/PHIP/TNFAIP3/DDIT3/SOD1/MCL1/HSPA1B/PAK2/UBB/NR4A2/PTPN2/DNAJA1",26
"GO:0045785","positive regulation of cell adhesion","32/599","437/18842",0.0732265446224256,2.30339658393279,4.99535828605064,1.13561525486108e-05,0.000384121859956761,0.000178079071369548,"TGFB1/ITGB2/CD55/FYN/STK4/JAK1/HSPH1/CD3E/LCK/CD27/CD44/CDC42/TNFRSF14/CD47/CCL5/ACTB/CIB1/PTPRC/SKAP1/CD6/HLA-E/HSPD1/B2M/ROCK1/SOCS1/ANXA1/ICOS/IL7R/RHOH/HLA-A/CCR7/IL2RG",32
"GO:0002285","lymphocyte activation involved in immune response","19/599","191/18842",0.0994764397905759,3.1291069758498,5.35895811147215,1.15662230895786e-05,0.000387994210914044,0.000179874295058633,"TGFB1/STAT4/RORA/PSMA5/PSMB8/JAK1/GPR183/CD69/PSMB10/PSMB9/NKG7/JMJD1C/BATF/HSPD1/ANXA1/HLA-F/JUNB/CORO1A/LCP1",19
"GO:0036119","response to platelet-derived growth factor","7/599","26/18842",0.269230769230769,8.46885835366637,6.90549001851265,1.23070223484222e-05,0.000407970952430108,0.000189135521635455,"TGFB1/IQGAP1/HDAC1/PTPN1/CORO1B/DDIT3/SYAP1",7
"GO:0002449","lymphocyte mediated immunity","27/599","339/18842",0.079646017699115,2.50532598578752,5.06788312106051,1.24632663467192e-05,0.000407970952430108,0.000189135521635455,"TGFB1/CD55/TNFRSF1B/CD27/TIGIT/HLA-C/WAS/TNFRSF14/CD7/ARID5A/TUBB4B/NKG7/CD8A/PIK3R1/PTPRC/BATF/HLA-E/CD2/HCST/HSPD1/KLRB1/B2M/HLA-F/HLA-B/CORO1A/HLA-A/IL2RG",27
"GO:0007249","canonical NF-kappaB signal transduction","27/599","339/18842",0.079646017699115,2.50532598578752,5.06788312106051,1.24632663467192e-05,0.000407970952430108,0.000189135521635455,"TGFB1/RORA/HSPA1A/FBXO7/TNIP1/TERF2IP/SHISA5/TANK/EIF2AK2/TMSB4X/NPM1/LTB/AKAP13/REL/CARD16/TNFAIP3/S100A4/PRMT2/HSPA1B/MIER1/ZC3HAV1/RHOH/OPTN/CCR7/BIRC3/UBE2N/DHX36",27
"GO:0030522","intracellular receptor signaling pathway","30/599","399/18842",0.075187969924812,2.36509470671671,4.99402491007766,1.28336818941334e-05,0.0004167353184663,0.000193198685770513,"RORA/IFI16/HSPA1A/SP100/TMF1/HDAC1/KLF2/PCBP2/IRF7/USP15/EIF2AK2/GBP2/PPP6C/NCOR1/NR3C1/HSPA8/PPP2CA/CNOT2/TNFAIP3/DDX5/PRMT2/HSPA1B/FOXP1/TRAF3IP3/NR4A2/ZC3HAV1/BIRC3/LBH/PTPN22/JUND",30
"GO:0051168","nuclear export","18/599","176/18842",0.102272727272727,3.21706632265898,5.35459520966463,1.33829164477258e-05,0.000431121094137452,0.000199867938004004,"TGFB1/RAN/ANP32B/SP100/TPR/SMG1/RBM8A/WNK1/NPM1/HNRNPA1/ADAR/CDKN1B/MAGOH/RPS15/YTHDC1/SRSF3/EMD/DDX39A",18
"GO:0006470","protein dephosphorylation","12/599","86/18842",0.13953488372093,4.38917575804636,5.70808539699881,1.7063068931042e-05,0.000545346431425979,0.000252822857032835,"PPM1G/PTPN1/PPP6C/PPP1CC/PPP1CB/PTPRC/PPP1CA/PPP2CA/PTPN7/DUSP1/PTPN2/DUSP2",12
"GO:1903320","regulation of protein modification by small protein conjugation or removal","20/599","214/18842",0.0934579439252336,2.93979061676002,5.17125415879439,1.7300894088682e-05,0.000548627571140314,0.000254343994917121,"HSPA1A/TNIP1/UBE2S/COPS3/TANK/RPS3/PIAS1/WNK1/LAPTM5/MYCBP2/VCP/TNFAIP3/HSPA1B/UBB/HSP90AB1/BIRC3/HSP90AA1/PTPN22/UBE2N/DNAJA1",20
"GO:0043122","regulation of canonical NF-kappaB signal transduction","26/599","326/18842",0.0797546012269939,2.50874156313693,4.97928890593751,1.75732212774894e-05,0.000552943450894026,0.000256344838760713,"TGFB1/RORA/HSPA1A/FBXO7/TNIP1/TERF2IP/SHISA5/TANK/EIF2AK2/TMSB4X/LTB/AKAP13/REL/CARD16/TNFAIP3/S100A4/PRMT2/HSPA1B/MIER1/ZC3HAV1/RHOH/OPTN/CCR7/BIRC3/UBE2N/DHX36",26
"GO:0110053","regulation of actin filament organization","22/599","251/18842",0.0876494023904383,2.75707853061876,5.07801424042249,1.83418550501123e-05,0.000572689151141584,0.000265498954498938,"SNX9/PFN1/ARF6/SPTAN1/COTL1/CDC42/PTGER4/WAS/CD47/GMFG/TWF2/RGCC/EVL/TMSB4X/CORO1B/PIK3R1/ROCK1/PAK2/HCLS1/CORO1A/CCR7/WDR1",22
"GO:0002697","regulation of immune effector process","27/599","347/18842",0.0778097982708934,2.44756630888176,4.93166187860873,1.89182310243139e-05,0.000586176333799161,0.000271751618597053,"TGFB1/ITGB2/CD55/DNAJB9/RPS19/TNFRSF1B/TIGIT/RAC2/CD69/HLA-C/WAS/TNFRSF14/CD7/ARID5A/LAPTM5/PTPRC/BATF/HLA-E/HSPD1/KLRB1/B2M/ANXA1/HLA-F/JUNB/HLA-B/HLA-A/DHX36",27
"GO:0048525","negative regulation of viral process","11/599","74/18842",0.148648648648649,4.67585615665749,5.74093497264999,2.0769728938212e-05,0.000638669164850018,0.000296087319273259,"APOBEC3G/IFI16/SP100/TNIP1/CCL5/IL32/EIF2AK2/ZFP36/IFITM1/ISG20/ZC3HAV1",11
"GO:0033120","positive regulation of RNA splicing","7/599","28/18842",0.25,7.86393989983306,6.58611295722808,2.09607017268267e-05,0.000639695400820973,0.000296563082742524,"RBMX/HSPA1A/TRA2B/PIK3R1/POLR2A/SRSF5/THRAP3",7
"GO:0002366","leukocyte activation involved in immune response","23/599","274/18842",0.0839416058394161,2.64044697366657,4.95646645526414,2.38303560334694e-05,0.000712113621297617,0.000330136203142825,"TGFB1/STAT4/ITGB2/RORA/PSMA5/PSMB8/JAK1/GPR183/RAC2/CD69/PSMB10/PSMB9/VAMP2/NKG7/JMJD1C/BATF/HSPD1/ANXA1/HLA-F/JUNB/CORO1A/LCP1/LAT",23
"GO:0001909","leukocyte mediated cytotoxicity","15/599","134/18842",0.111940298507463,3.52116711932823,5.30710414243692,2.39614391541767e-05,0.000712113621297617,0.000330136203142825,"TGFB1/TIGIT/HLA-C/TUBB4B/NKG7/PIK3R1/PTPRC/HLA-E/CD2/HCST/KLRB1/HLA-F/HLA-B/CORO1A/HLA-A",15
"GO:0033157","regulation of intracellular protein transport","15/599","134/18842",0.111940298507463,3.52116711932823,5.30710414243692,2.39614391541767e-05,0.000712113621297617,0.000330136203142825,"TGFB1/RAN/ANP32B/SP100/PLK3/TPR/OAZ1/PTPN1/VAMP2/PIK3R1/UBAC2/HCLS1/LCP1/HSP90AA1/EMD",15
"GO:0002703","regulation of leukocyte mediated immunity","20/599","219/18842",0.091324200913242,2.87267210952806,5.05098681814607,2.42108104801851e-05,0.000712113621297617,0.000330136203142825,"TGFB1/ITGB2/CD55/TNFRSF1B/TIGIT/RAC2/HLA-C/WAS/TNFRSF14/CD7/ARID5A/PTPRC/HLA-E/HSPD1/KLRB1/B2M/HLA-F/HLA-B/HLA-A/DHX36",20
"GO:1901873","regulation of post-translational protein modification","20/599","219/18842",0.091324200913242,2.87267210952806,5.05098681814607,2.42108104801851e-05,0.000712113621297617,0.000330136203142825,"HSPA1A/TNIP1/UBE2S/COPS3/TANK/RPS3/PIAS1/WNK1/LAPTM5/MYCBP2/VCP/TNFAIP3/HSPA1B/UBB/HSP90AB1/BIRC3/HSP90AA1/PTPN22/UBE2N/DNAJA1",20
"GO:1903312","negative regulation of mRNA metabolic process","14/599","119/18842",0.117647058823529,3.70067759992144,5.35520081688547,2.54029438458428e-05,0.000739559350105265,0.000342860055671491,"RBMX/BCLAF1/HNRNPC/FXR1/SRSF7/FUS/SNRPD2/ARID5A/SAP18/ZFP36/SRSF10/TAF15/PABPC1/THRAP3",14
"GO:0001906","cell killing","21/599","238/18842",0.0882352941176471,2.77550819994108,4.99488222498452,2.56013637953567e-05,0.000739559350105265,0.000342860055671491,"TGFB1/CD55/RPS19/TIGIT/HLA-C/GZMA/GZMM/GBP2/TUBB4B/NKG7/PIK3R1/PTPRC/HLA-E/CD2/HCST/KLRB1/HLA-F/HLA-B/CORO1A/HLA-A/RPL30",21
"GO:0019882","antigen processing and presentation","13/599","104/18842",0.125,3.93196994991653,5.43290141104128,2.56905317479287e-05,0.000739559350105265,0.000342860055671491,"PSMB10/HLA-C/TAPBP/WAS/CD8A/HLA-E/B2M/CST7/TAP1/HLA-F/HLA-B/HLA-A/CCR7",13
"GO:1902105","regulation of leukocyte differentiation","24/599","295/18842",0.0813559322033898,2.5591126453694,4.89067634302959,2.66169224166655e-05,0.000760831606262292,0.000352721883433141,"TGFB1/PSMA5/PSMB8/CD27/CD69/PSMB10/ID2/IRF7/PSMB9/ACTB/BATF/CD2/SOD1/FOXP1/SOCS1/ANXA1/PTPN2/HCLS1/IL7R/JUNB/HLA-B/RHOH/ZFP36L2/IL2RG",24
"GO:0001911","negative regulation of leukocyte mediated cytotoxicity","7/599","29/18842",0.241379310344828,7.5927695584595,6.43806154357147,2.68769241016919e-05,0.000762891153348022,0.000353676690411609,"TGFB1/TIGIT/PTPRC/HLA-E/HLA-F/HLA-B/HLA-A",7
"GO:0032102","negative regulation of response to external stimulus","30/599","416/18842",0.0721153846153846,2.26844420187492,4.74045203267509,2.83603667333351e-05,0.000790393190434652,0.00036642664748437,"TGFB1/RORA/FYN/IFI16/RPS19/TNFRSF1B/TIGIT/FXR1/CD69/PCBP2/PTGER4/USP15/IL10RA/TMSB4X/CORO1B/PTPRC/CARD16/HLA-E/TNFAIP3/SOD1/PRMT2/ATG12/CST7/DUSP1/HLA-F/PTPN2/HLA-B/HLA-A/YWHAZ/DDX39A",30
"GO:0050792","regulation of viral process","15/599","136/18842",0.110294117647059,3.46938524992635,5.23703041066128,2.8581278837752e-05,0.000790393190434652,0.00036642664748437,"APOBEC3G/IFI16/SP100/TNIP1/CCL5/IL32/EIF2AK2/ADAR/ZFP36/DDX5/ATG12/IFITM1/PABPC1/ISG20/ZC3HAV1",15
"GO:0002706","regulation of lymphocyte mediated immunity","17/599","169/18842",0.100591715976331,3.16418883543579,5.12092850912406,2.86417851785058e-05,0.000790393190434652,0.00036642664748437,"TGFB1/CD55/TNFRSF1B/TIGIT/HLA-C/WAS/TNFRSF14/CD7/ARID5A/PTPRC/HLA-E/HSPD1/KLRB1/B2M/HLA-F/HLA-B/HLA-A",17
"GO:0030225","macrophage differentiation","9/599","51/18842",0.176470588235294,5.55101639988216,5.89706343058165,2.88194609963854e-05,0.000790393190434652,0.00036642664748437,"TGFB1/CDC42/ID2/NR3C1/NPM1/SOCS1/PTPN2/HCLS1/UCP2",9
"GO:1902743","regulation of lamellipodium organization","9/599","51/18842",0.176470588235294,5.55101639988216,5.89706343058165,2.88194609963854e-05,0.000790393190434652,0.00036642664748437,"RAC2/CD44/CDC42/WAS/TWF2/CORO1B/PIK3R1/ARPC2/HSP90AA1",9
"GO:0045069","regulation of viral genome replication","11/599","77/18842",0.142857142857143,4.49367994276175,5.56636206560512,3.046355966279e-05,0.000824771936193783,0.000382364649868106,"APOBEC3G/IFI16/TNIP1/CCL5/EIF2AK2/ADAR/DDX5/IFITM1/PABPC1/ISG20/ZC3HAV1",11
"GO:0008630","intrinsic apoptotic signaling pathway in response to DNA damage","12/599","91/18842",0.131868131868132,4.148012254857,5.45459048436318,3.04793767994746e-05,0.000824771936193783,0.000382364649868106,"IFI16/BAX/TNFRSF1B/TPT1/CD44/CRIP1/RPS3/RPL26/DDIT4/MCL1/PPP2R5C/BIRC3",12
"GO:0002369","T cell cytokine production","8/599","40/18842",0.2,6.29115191986644,6.07009460236817,3.11527467266368e-05,0.00083190130896986,0.000385669830373985,"CD55/TNFRSF1B/TNFRSF14/CD7/ARID5A/B2M/HLA-F/HLA-A",8
"GO:0002724","regulation of T cell cytokine production","8/599","40/18842",0.2,6.29115191986644,6.07009460236817,3.11527467266368e-05,0.00083190130896986,0.000385669830373985,"CD55/TNFRSF1B/TNFRSF14/CD7/ARID5A/B2M/HLA-F/HLA-A",8
"GO:0002263","cell activation involved in immune response","23/599","279/18842",0.0824372759856631,2.59312713542882,4.85786801517282,3.17036992671246e-05,0.000841080492321953,0.000389925304007939,"TGFB1/STAT4/ITGB2/RORA/PSMA5/PSMB8/JAK1/GPR183/RAC2/CD69/PSMB10/PSMB9/VAMP2/NKG7/JMJD1C/BATF/HSPD1/ANXA1/HLA-F/JUNB/CORO1A/LCP1/LAT",23
"GO:1900153","positive regulation of nuclear-transcribed mRNA catabolic process, deadenylation-dependent decay","5/599","13/18842",0.384615384615385,12.0983690766662,7.25328042741181,3.32475966824205e-05,0.000876311655415226,0.000406258487460778,"ZFP36/TNRC6B/PABPC1/ZFP36L2/DHX36",5
"GO:0002244","hematopoietic progenitor cell differentiation","10/599","65/18842",0.153846153846154,4.8393476306665,5.61847262059932,3.62390910362585e-05,0.000945204447300791,0.000438197217540908,"TGFB1/PRRC2C/BLOC1S2/EIF2AK2/TMSB4X/N4BP2L2/PTPRC/BATF/NUDT21/DHX36",10
"GO:0002475","antigen processing and presentation via MHC class Ib","6/599","21/18842",0.285714285714286,8.98735988552349,6.63603716715983,3.63271480115603e-05,0.000945204447300791,0.000438197217540908,"HLA-C/HLA-E/B2M/HLA-F/HLA-B/HLA-A",6
"GO:0006417","regulation of translation","31/599","443/18842",0.0699774266365688,2.20119310965982,4.63590836154469,3.7217938433819e-05,0.000962214089827206,0.000446082895658194,"RGS2/CNBP/RPS4X/FXR1/TPR/RPS3/USP16/CCL5/EIF2AK2/RBM8A/HTATIP2/CNOT6L/RPL26/NPM1/EIF5/EIF4A2/PPP1CA/EIF1/CNOT2/RPL5/ZFP36/MAGOH/TNRC6B/RPL10/PAIP2/EIF3K/PRKCH/PABPC1/ZFP36L2/EIF1B/DHX36",31
"GO:0002711","positive regulation of T cell mediated immunity","10/599","66/18842",0.151515151515152,4.766024181717,5.55355133513102,4.15110783006566e-05,0.00106641434697699,0.000494390182912793,"CD55/HLA-C/CD7/ARID5A/HLA-E/HSPD1/B2M/HLA-F/HLA-B/HLA-A",10
"GO:2001235","positive regulation of apoptotic signaling pathway","13/599","109/18842",0.119266055045872,3.75160435588366,5.22050874509529,4.24843913761124e-05,0.00108455436852604,0.000502799905266113,"BCLAF1/BAX/LCK/RPS7/RPS3/RPL26/LTB/DDIT3/SOD1/MCL1/PAK2/UBB/PTPN2",13
"GO:0030099","myeloid cell differentiation","27/599","364/18842",0.0741758241758242,2.33325689335706,4.65429927323207,4.36651286585691e-05,0.00110772973265707,0.000513544014761914,"TGFB1/IFI16/HSPA1A/GPR183/RPS19/SRP54/CDC42/ID2/IRF7/NR3C1/CIB1/NPM1/BATF/ZFP36/HSPA1B/FOXP1/SOCS1/HMGB2/PTPN2/HCLS1/RPS14/PITHD1/KMT2E/CCR7/UCP2/WDR1/PTBP3",27
"GO:0072539","T-helper 17 cell differentiation","9/599","54/18842",0.166666666666667,5.2426265998887,5.6572929932385,4.6281682069252e-05,0.00116681582309996,0.000540936353531988,"RORA/PSMA5/PSMB8/JAK1/CD69/PSMB10/PSMB9/BATF/JUNB",9
"GO:0019079","viral genome replication","13/599","110/18842",0.118181818181818,3.71749886173926,5.17953647510508,4.68037881535178e-05,0.00117269491429092,0.000543661902918581,"APOBEC3G/IFI16/TNIP1/PCBP2/CCL5/EIF2AK2/VCP/ADAR/DDX5/IFITM1/PABPC1/ISG20/ZC3HAV1",13
"GO:0002287","alpha-beta T cell activation involved in immune response","11/599","81/18842",0.135802469135802,4.27176982213154,5.34705334545165,4.92887929923363e-05,0.00122420117503286,0.000567540229144731,"STAT4/RORA/PSMA5/PSMB8/JAK1/CD69/PSMB10/PSMB9/BATF/ANXA1/JUNB",11
"GO:0002484","antigen processing and presentation of endogenous peptide antigen via MHC class I via ER pathway","5/599","14/18842",0.357142857142857,11.2341998569044,6.94117627520052,5.03674787461166e-05,0.00122420117503286,0.000567540229144731,"HLA-C/HLA-E/HLA-F/HLA-B/HLA-A",5
"GO:0002486","antigen processing and presentation of endogenous peptide antigen via MHC class I via ER pathway, TAP-independent","5/599","14/18842",0.357142857142857,11.2341998569044,6.94117627520052,5.03674787461166e-05,0.00122420117503286,0.000567540229144731,"HLA-C/HLA-E/HLA-F/HLA-B/HLA-A",5
"GO:0070424","regulation of nucleotide-binding domain, leucine rich repeat containing receptor signaling pathway","5/599","14/18842",0.357142857142857,11.2341998569044,6.94117627520052,5.03674787461166e-05,0.00122420117503286,0.000567540229144731,"HSPA1A/TNFAIP3/HSPA1B/BIRC3/PTPN22",5
"GO:1900103","positive regulation of endoplasmic reticulum unfolded protein response","5/599","14/18842",0.357142857142857,11.2341998569044,6.94117627520052,5.03674787461166e-05,0.00122420117503286,0.000567540229144731,"BAX/SHISA5/PTPN1/PIK3R1/PTPN2",5
"GO:0002367","cytokine production involved in immune response","12/599","96/18842",0.125,3.93196994991653,5.21864893066287,5.22486666649294e-05,0.00125489549108254,0.000581770128216512,"TGFB1/CD55/TNFRSF1B/TNFRSF14/CD7/ARID5A/LAPTM5/HLA-E/B2M/HLA-F/HLA-A/DHX36",12
"GO:0002718","regulation of cytokine production involved in immune response","12/599","96/18842",0.125,3.93196994991653,5.21864893066287,5.22486666649294e-05,0.00125489549108254,0.000581770128216512,"TGFB1/CD55/TNFRSF1B/TNFRSF14/CD7/ARID5A/LAPTM5/HLA-E/B2M/HLA-F/HLA-A/DHX36",12
"GO:0002715","regulation of natural killer cell mediated immunity","9/599","55/18842",0.163636363636364,5.14730611625436,5.58130783040213,5.37959731109046e-05,0.00128274232686801,0.00059467993412502,"TGFB1/TIGIT/HLA-C/HLA-E/KLRB1/B2M/HLA-F/HLA-B/HLA-A",9
"GO:0002720","positive regulation of cytokine production involved in immune response","10/599","68/18842",0.147058823529412,4.6258469999018,5.42753684921768,5.40401423735967e-05,0.00128274232686801,0.00059467993412502,"CD55/TNFRSF14/CD7/ARID5A/LAPTM5/HLA-E/B2M/HLA-F/HLA-A/DHX36",10
"GO:0002262","myeloid cell homeostasis","14/599","128/18842",0.109375,3.44047370617696,5.0201080189051,5.75165940613115e-05,0.00134947893234025,0.000625619055189858,"HSPA1A/RPS19/ID2/ZFP36/SOD1/HSPA1B/ANXA1/HMGB2/PTPN2/HCLS1/RPS14/KMT2E/PTBP3/PDE4B",14
"GO:0006413","translational initiation","14/599","128/18842",0.109375,3.44047370617696,5.0201080189051,5.75165940613115e-05,0.00134947893234025,0.000625619055189858,"RPS3A/EIF3G/TPR/RPS3/CCL5/EIF2AK2/EIF3F/EIF5/EIF4A2/PPP1CA/EIF1/PAIP2/EIF3K/EIF1B",14
"GO:0030490","maturation of SSU-rRNA","10/599","69/18842",0.144927536231884,4.55880573903366,5.36635308880613,6.14263050013806e-05,0.00143292742529083,0.000664305814994415,"SNU13/RPS19/KRR1/RPS21/RPS13/NOP56/RPS28/DNTTIP2/RPS14/LSM6",10
"GO:0036120","cellular response to platelet-derived growth factor stimulus","6/599","23/18842",0.260869565217391,8.20585033026058,6.2656789935839,6.40116718582613e-05,0.00148470500612961,0.000688309925342551,"TGFB1/IQGAP1/HDAC1/PTPN1/CORO1B/SYAP1",6
"GO:0002702","positive regulation of production of molecular mediator of immune response","13/599","114/18842",0.114035087719298,3.58706030518701,5.02030999206098,6.81345563640507e-05,0.00157135320614592,0.000728480070817956,"TGFB1/CD55/DNAJB9/TNFRSF14/CD7/ARID5A/LAPTM5/PTPRC/HLA-E/B2M/HLA-F/HLA-A/DHX36",13
"GO:0045089","positive regulation of innate immune response","28/599","396/18842",0.0707070707070707,2.2241446181346,4.46114639710918,7.33624022564115e-05,0.00167785282733498,0.00077785334430125,"FYN/IFI16/HSPA1A/RPS19/TNIP1/PCBP2/HLA-C/IRF7/CCL5/USP15/EIF2AK2/GBP2/PPP6C/PIK3R1/HSPA8/PPP2CA/HLA-E/TNFAIP3/HSPD1/HSPA1B/PAK2/TRAF3IP3/HMGB2/HLA-F/ZC3HAV1/BIRC3/HSP90AA1/PTPN22",28
"GO:0002476","antigen processing and presentation of endogenous peptide antigen via MHC class Ib","5/599","15/18842",0.333333333333333,10.4852531997774,6.65918765760131,7.35791582324777e-05,0.00167785282733498,0.00077785334430125,"HLA-C/HLA-E/HLA-F/HLA-B/HLA-A",5
"GO:0007162","negative regulation of cell adhesion","23/599","295/18842",0.0779661016949153,2.45248295181234,4.55619677781483,7.50185246799067e-05,0.00170111838924995,0.000788639269531266,"TGFB1/PSMA5/PSMB8/FYN/FXYD5/PRNP/TIGIT/CD69/PSMB10/TNFRSF14/PSMB9/RGCC/PTPN1/WNK1/LAPTM5/PTPRC/HLA-E/SOCS1/ANXA1/CBLB/DUSP1/PTPN2/PTPN22",23
"GO:0034612","response to tumor necrosis factor","19/599","219/18842",0.0867579908675799,2.72903850405165,4.66357706060611,7.7104752227794e-05,0.00173871216273675,0.000806067760251791,"HSPA1A/TNFRSF1B/KLF2/TNFRSF14/TANK/CCL5/GBP2/CIB1/TMSB4X/LAPTM5/CARD16/TNFAIP3/ZFP36/HSPA1B/FOXP1/IGBP1/PTPN2/BIRC3/ZFP36L2",19
"GO:0031342","negative regulation of cell killing","7/599","34/18842",0.205882352941176,6.47618579986252,5.79113357361008,8.0698455331762e-05,0.00178991819776843,0.000829806901700245,"TGFB1/TIGIT/PTPRC/HLA-E/HLA-F/HLA-B/HLA-A",7
"GO:0050860","negative regulation of T cell receptor signaling pathway","7/599","34/18842",0.205882352941176,6.47618579986252,5.79113357361008,8.0698455331762e-05,0.00178991819776843,0.000829806901700245,"FYN/PRNP/LAPTM5/EZR/CBLB/PTPN2/PTPN22",7
"GO:1902745","positive regulation of lamellipodium organization","7/599","34/18842",0.205882352941176,6.47618579986252,5.79113357361008,8.0698455331762e-05,0.00178991819776843,0.000829806901700245,"RAC2/CDC42/TWF2/CORO1B/PIK3R1/ARPC2/HSP90AA1",7
"GO:0051131","chaperone-mediated protein complex assembly","6/599","24/18842",0.25,7.86393989983306,6.09690766506712,8.30675768816706e-05,0.00183245268784077,0.000849525910907667,"PTGES3/HSPA1A/HSPA4/HSPD1/HSP90AB1/HSP90AA1",6
"GO:0071356","cellular response to tumor necrosis factor","18/599","202/18842",0.0891089108910891,2.80298847914842,4.66834495150754,8.39167197603321e-05,0.00184117819193075,0.000853571058626544,"HSPA1A/TNFRSF1B/KLF2/TNFRSF14/TANK/CCL5/GBP2/CIB1/TMSB4X/LAPTM5/CARD16/TNFAIP3/ZFP36/HSPA1B/FOXP1/PTPN2/BIRC3/ZFP36L2",18
"GO:0002292","T cell differentiation involved in immune response","11/599","86/18842",0.127906976744186,4.02341111154249,5.09206073894135,8.61880979246584e-05,0.00188084671761392,0.000871961405421837,"STAT4/RORA/PSMA5/PSMB8/JAK1/CD69/PSMB10/PSMB9/BATF/ANXA1/JUNB",11
"GO:0006913","nucleocytoplasmic transport","23/599","299/18842",0.0769230769230769,2.41967381533325,4.48385359906771,9.19612585491053e-05,0.00198548270452563,0.000920470697194952,"TGFB1/RAN/STK4/ANP32B/SP100/TPR/SMG1/RBM8A/WNK1/NPM1/PIK3R1/HNRNPA1/ADAR/CDKN1B/MAGOH/CBLB/RPS15/YTHDC1/HCLS1/HSP90AA1/SRSF3/EMD/DDX39A",23
"GO:0051169","nuclear transport","23/599","299/18842",0.0769230769230769,2.41967381533325,4.48385359906771,9.19612585491053e-05,0.00198548270452563,0.000920470697194952,"TGFB1/RAN/STK4/ANP32B/SP100/TPR/SMG1/RBM8A/WNK1/NPM1/PIK3R1/HNRNPA1/ADAR/CDKN1B/MAGOH/CBLB/RPS15/YTHDC1/HCLS1/HSP90AA1/SRSF3/EMD/DDX39A",23
"GO:0071383","cellular response to steroid hormone stimulus","18/599","205/18842",0.0878048780487805,2.76196913555112,4.59625887465667,0.00010138905592649,0.00217745067727843,0.00100946713786709,"TGFB1/RAN/HSPA1A/REST/TMF1/HDAC1/NCOR1/NR3C1/HSPA8/CNOT2/ZFP36/DDX5/PRMT2/HSPA1B/FOXP1/ANXA1/LBH/ZFP36L2",18
"GO:0039531","regulation of cytoplasmic pattern recognition receptor signaling pathway","14/599","135/18842",0.103703703703704,3.26207877326408,4.77958063094841,0.000102918462197503,0.00219560561511767,0.00101788377541942,"IFI16/HSPA1A/PCBP2/USP15/EIF2AK2/GBP2/PPP6C/HSPA8/PPP2CA/TNFAIP3/HSPA1B/ZC3HAV1/BIRC3/PTPN22",14
"GO:0043254","regulation of protein-containing complex assembly","28/599","404/18842",0.0693069306930693,2.18010215044877,4.34480846486525,0.000103316253384448,0.00219560561511767,0.00101788377541942,"TGFB1/SNX9/PFN1/IFI16/HSPA1A/DRAP1/BAX/ARF6/SPTAN1/COTL1/CDC42/PTGER4/RPS3/TWF2/EIF2AK2/GBP2/EVL/TMSB4X/HSPA8/PPP2CA/VCP/SKAP1/HSPA1B/HCLS1/RAP1B/CCR7/HSP90AA1/PTPN22",28
"GO:0002716","negative regulation of natural killer cell mediated immunity","6/599","25/18842",0.24,7.54938230383973,5.93762014977316,0.000106379671285236,0.00222797206447093,0.00103288887626166,"TGFB1/TIGIT/HLA-E/HLA-F/HLA-B/HLA-A",6
"GO:0045953","negative regulation of natural killer cell mediated cytotoxicity","6/599","25/18842",0.24,7.54938230383973,5.93762014977316,0.000106379671285236,0.00222797206447093,0.00103288887626166,"TGFB1/TIGIT/HLA-E/HLA-F/HLA-B/HLA-A",6
"GO:2000142","regulation of DNA-templated transcription initiation","11/599","88/18842",0.125,3.93196994991653,4.99541015088382,0.000106485976966583,0.00222797206447093,0.00103288887626166,"TAF7/BCLAF1/DRAP1/MED10/RPS3/SUB1/PIAS1/NCOR1/MED4/MED28/DHX36",11
"GO:0031334","positive regulation of protein-containing complex assembly","17/599","188/18842",0.0904255319148936,2.84440379355664,4.60538775738123,0.000109550143127291,0.002280328363865,0.00105716128079883,"TGFB1/SNX9/PFN1/HSPA1A/BAX/ARF6/RPS3/GBP2/EVL/PPP2CA/VCP/SKAP1/HSPA1B/RAP1B/CCR7/HSP90AA1/PTPN22",17
"GO:0072538","T-helper 17 type immune response","10/599","74/18842",0.135135135135135,4.25077832423408,5.07705039984428,0.000112579592364467,0.00233143145616005,0.00108085269794713,"RORA/PSMA5/PSMB8/JAK1/CD69/PSMB10/PSMB9/ARID5A/BATF/JUNB",10
"GO:0019058","viral life cycle","22/599","284/18842",0.0774647887323944,2.43671377177926,4.42059874956661,0.000117319147215696,0.0024172508555762,0.00112063861108219,"CD55/APOBEC3G/IFI16/HSPA1A/TNIP1/RPSA/PCBP2/TNFRSF14/CCL5/IL32/EIF2AK2/CXCR4/VCP/ADAR/DDX5/HSPA1B/IFITM1/PABPC1/CHMP1B/ISG20/HSP90AB1/ZC3HAV1",22
"GO:0032479","regulation of type I interferon production","14/599","137/18842",0.102189781021898,3.21445718533322,4.71374377853471,0.000120586078759615,0.0024481114620944,0.00113494560249185,"G3BP1/TANK/IRF7/LTB/REL/HSPD1/ATG12/TRAF3IP3/HMGB2/MPHOSPH8/ZC3HAV1/HSP90AA1/PTPN22/DHX36",14
"GO:0032606","type I interferon production","14/599","137/18842",0.102189781021898,3.21445718533322,4.71374377853471,0.000120586078759615,0.0024481114620944,0.00113494560249185,"G3BP1/TANK/IRF7/LTB/REL/HSPD1/ATG12/TRAF3IP3/HMGB2/MPHOSPH8/ZC3HAV1/HSP90AA1/PTPN22/DHX36",14
"GO:0050727","regulation of inflammatory response","29/599","429/18842",0.0675990675990676,2.12638001953528,4.27630393218676,0.000120626334668361,0.0024481114620944,0.00113494560249185,"TGFB1/RORA/FYN/IFI16/RPS19/TNFRSF1B/TNIP1/FXR1/CD69/PTGER4/CD47/CCL5/GBP2/IL10RA/TMSB4X/NKG7/PTPRC/HLA-E/TNFAIP3/SOD1/PRMT2/CST7/FOXP1/ANXA1/PTPN2/PDCD4/GPSM3/CCR7/BIRC3",29
"GO:0045071","negative regulation of viral genome replication","8/599","48/18842",0.166666666666667,5.2426265998887,5.33289551537868,0.000122239763768288,0.00246851343848498,0.00114440396815255,"APOBEC3G/IFI16/TNIP1/CCL5/EIF2AK2/IFITM1/ISG20/ZC3HAV1",8
"GO:0051607","defense response to virus","23/599","305/18842",0.0754098360655738,2.37207367470374,4.37748718571719,0.00012378868948261,0.00248741728024709,0.00115316779790879,"APOBEC3G/IFI16/RPSA/PCBP2/G3BP1/TANK/IRF7/EIF2AK2/GBP2/PTPRC/DDIT4/ADAR/TNFAIP3/ATG12/IFITM1/TRAF3IP3/NT5C3A/SMARCA5/ISG20/ZC3HAV1/HSP90AA1/UBE2N/DHX36",23
"GO:0006352","DNA-templated transcription initiation","21/599","266/18842",0.0789473684210526,2.48334944205254,4.41494651449955,0.000127841269073896,0.00255619562153175,0.00118505346863758,"TAF7/BCLAF1/DRAP1/POLR2C/MED10/CCNH/ARID5B/RPS3/SUB1/PIAS1/NCOR1/MED4/PPP2CA/POLR1D/GTF2B/MED28/POLR2A/SMARCA5/BDP1/KDM5A/DHX36",21
"GO:0090316","positive regulation of intracellular protein transport","11/599","90/18842",0.122222222222222,3.84459283991838,4.90156568608871,0.000130726229446952,0.0026010674770842,0.00120585608155918,"TGFB1/RAN/ANP32B/PLK3/TPR/OAZ1/VAMP2/PIK3R1/HCLS1/HSP90AA1/EMD",11
"GO:0010592","positive regulation of lamellipodium assembly","6/599","26/18842",0.230769230769231,7.25902144599974,5.78690986953728,0.00013460146596628,0.00266510902613234,0.00123554577322329,"RAC2/CDC42/TWF2/PIK3R1/ARPC2/HSP90AA1",6
"GO:0001933","negative regulation of protein phosphorylation","12/599","106/18842",0.113207547169811,3.56102938860365,4.79122220517466,0.000138050641626518,0.00272013375903901,0.00126105526476715,"TAF7/SAMSN1/PTPN1/CIB1/PTPRC/ADAR/PTPN2/PDCD4/IL7R/PTPN22/DNAJA1/IL2RG",12
"GO:0001932","regulation of protein phosphorylation","26/599","369/18842",0.0704607046070461,2.2163949853188,4.27598670223358,0.000139061640613752,0.00272681738768705,0.00126415379808977,"TAF7/ITGB2/SNX9/STK4/TNFRSF1B/TAOK3/SAMSN1/LCP2/PTPN1/CIB1/IL10RA/PTPRC/LTB/ADAR/PHIP/CDKN1B/TSPYL2/ABI1/SYAP1/PTPN2/PDCD4/IL7R/PTPN22/LAT/DNAJA1/IL2RG",26
"GO:0045620","negative regulation of lymphocyte differentiation","9/599","62/18842",0.145161290322581,4.56615865151597,5.09642887791296,0.000140887518155621,0.00273533622560152,0.0012681031352744,"PSMA5/PSMB8/CD69/PSMB10/ID2/PSMB9/SOCS1/ANXA1/PTPN2",9
"GO:0032729","positive regulation of type II interferon production","10/599","76/18842",0.131578947368421,4.13891573675424,4.96841488711134,0.000141319926227011,0.00273533622560152,0.0012681031352744,"PSMA5/PSMB8/PSMB10/PSMB9/ARID5A/CD2/HSPD1/HLA-A/PTPN22/PDE4B",10
"GO:0042269","regulation of natural killer cell mediated cytotoxicity","8/599","49/18842",0.163265306122449,5.13563422029914,5.25241895904498,0.000142073070444449,0.00273533622560152,0.0012681031352744,"TGFB1/TIGIT/HLA-C/HLA-E/KLRB1/HLA-F/HLA-B/HLA-A",8
"GO:0010591","regulation of lamellipodium assembly","7/599","37/18842",0.189189189189189,5.95108965392772,5.46238416734512,0.000142191658931245,0.00273533622560152,0.0012681031352744,"RAC2/CDC42/WAS/TWF2/PIK3R1/ARPC2/HSP90AA1",7
"GO:0044772","mitotic cell cycle phase transition","29/599","434/18842",0.0668202764976959,2.10188255387243,4.20817823436188,0.000147186791543438,0.00281807163620195,0.00130645930977267,"TGFB1/PSMA5/CCNI/DYNLT3/PSME1/BUB3/TAOK3/PLK3/TPR/UBE2S/UBE2A/ID2/ZNF207/CCNH/RGCC/PIAS1/PPP6C/ACTB/PPP2CA/CDKN1B/PRMT2/ARPP19/CDK2AP2/IK/BCL7B/DUSP1/KMT2E/CCND3/ZFP36L2",29
"GO:0010563","negative regulation of phosphorus metabolic process","15/599","157/18842",0.0955414012738854,3.00532735025467,4.57199565649362,0.000149257280918286,0.00282216413518522,0.0013083565941881,"TAF7/PGK1/SAMSN1/PTPN1/NCOR1/CIB1/PTPRC/PPP2CA/ADAR/PTPN2/PDCD4/IL7R/PTPN22/DNAJA1/IL2RG",15
"GO:0045936","negative regulation of phosphate metabolic process","15/599","157/18842",0.0955414012738854,3.00532735025467,4.57199565649362,0.000149257280918286,0.00282216413518522,0.0013083565941881,"TAF7/PGK1/SAMSN1/PTPN1/NCOR1/CIB1/PTPRC/PPP2CA/ADAR/PTPN2/PDCD4/IL7R/PTPN22/DNAJA1/IL2RG",15
"GO:0051258","protein polymerization","21/599","269/18842",0.0780669144981413,2.45565409511515,4.35723069134127,0.000149486397897221,0.00282216413518522,0.0013083565941881,"SNX9/PFN1/HSPA1A/ARF6/SPTAN1/UBE2S/COTL1/ZNF207/WAS/RPS3/BLOC1S2/TWF2/ACTB/EVL/TMSB4X/PPP2CA/HSPA1B/ARPC2/HCLS1/CCR7/HSP90AA1",21
"GO:0000956","nuclear-transcribed mRNA catabolic process","14/599","141/18842",0.099290780141844,3.12326691057199,4.58562978717808,0.000163936551874329,0.00307441503816288,0.00142530022910502,"SMG1/PNRC2/RBM8A/CNOT6L/CNOT2/ZFP36/DDX5/MAGOH/TNRC6B/PABPC1/ZFP36L2/THRAP3/LSM6/DHX36",14
"GO:0050900","leukocyte migration","25/599","352/18842",0.0710227272727273,2.23407383517985,4.2350766754521,0.000164362666489614,0.00307441503816288,0.00142530022910502,"TGFB1/ITGB2/CCL4/FYN/GPR183/RPS19/LCK/SRP54/RAC2/CD69/PTGER4/TNFRSF14/CD47/CKLF/CCL5/WNK1/MSN/CXCR4/ROCK1/ANXA1/DUSP1/CCR7/CD99/WDR1/PDE4B",25
"GO:0002698","negative regulation of immune effector process","12/599","108/18842",0.111111111111111,3.4950843999258,4.71193312017401,0.000165154166216619,0.00307504936088651,0.00142559430141214,"TGFB1/CD55/RPS19/TIGIT/CD69/TNFRSF14/PTPRC/HLA-E/ANXA1/HLA-F/HLA-B/HLA-A",12
"GO:0046426","negative regulation of receptor signaling pathway via JAK-STAT","6/599","27/18842",0.222222222222222,6.9901687998516,5.6439880872583,0.000168441535907488,0.00312193696003879,0.00144733141399596,"PIAS1/PTPRC/SOCS1/PTPN2/IL7R/IL2RG",6
"GO:1901798","positive regulation of signal transduction by p53 class mediator","7/599","38/18842",0.184210526315789,5.79448203145594,5.36075092628517,0.000169568650904256,0.00312854160918353,0.00145039333238443,"RPS7/RPL26/DDX5/RPL11/UBB/RPS15/RPL37",7
"GO:0034341","response to type II interferon","12/599","109/18842",0.110091743119266,3.46301940543107,4.67298807617383,0.000180329808464929,0.00331203028307307,0.00153545876619431,"PSMA5/PSMB8/JAK1/SP100/PSMB10/CD47/PSMB9/CCL5/GBP2/CALM1/IFITM1/PTPN2",12
"GO:0038110","interleukin-2-mediated signaling pathway","4/599","10/18842",0.4,12.5823038397329,6.63840871755702,0.000182257627231507,0.00331741573512415,0.00153795546424807,"JAK1/EZR/PTPN2/IL2RG",4
"GO:0071352","cellular response to interleukin-2","4/599","10/18842",0.4,12.5823038397329,6.63840871755702,0.000182257627231507,0.00331741573512415,0.00153795546424807,"JAK1/EZR/PTPN2/IL2RG",4
"GO:0032388","positive regulation of intracellular transport","14/599","143/18842",0.0979020979020979,3.07958485587868,4.52327227909631,0.000190254469253683,0.00344751290491384,0.00159826857214191,"TGFB1/RAN/DYNLT3/ANP32B/PLK3/TPR/OAZ1/VAMP2/MSN/PIK3R1/EZR/HCLS1/HSP90AA1/EMD",14
"GO:0031400","negative regulation of protein modification process","17/599","197/18842",0.0862944162436548,2.71445641212512,4.38324377145987,0.000193105866024793,0.00348362982308727,0.00161501239205827,"TAF7/HSPA1A/SAMSN1/RPS3/PTPN1/WNK1/CIB1/PTPRC/ADAR/TNFAIP3/HSPA1B/PTPN2/PDCD4/IL7R/PTPN22/DNAJA1/IL2RG",17
"GO:0002699","positive regulation of immune effector process","19/599","235/18842",0.0808510638297872,2.54323162718005,4.31364225204095,0.000194658371734263,0.00349609880915651,0.00162079301974861,"TGFB1/ITGB2/CD55/DNAJB9/RPS19/HLA-C/TNFRSF14/CD7/ARID5A/LAPTM5/PTPRC/HLA-E/HSPD1/B2M/ANXA1/HLA-F/HLA-B/HLA-A/DHX36",19
"GO:0002821","positive regulation of adaptive immune response","12/599","110/18842",0.109090909090909,3.43153741083624,4.63449567075376,0.000196679933401021,0.00350142039331027,0.00162326010861573,"TGFB1/CD55/HLA-C/CD7/ARID5A/SKAP1/HLA-E/HSPD1/B2M/HLA-F/HLA-B/HLA-A",12
"GO:1903900","regulation of viral life cycle","12/599","110/18842",0.109090909090909,3.43153741083624,4.63449567075376,0.000196679933401021,0.00350142039331027,0.00162326010861573,"APOBEC3G/IFI16/TNIP1/CCL5/IL32/EIF2AK2/ADAR/DDX5/IFITM1/PABPC1/ISG20/ZC3HAV1",12
"GO:0002478","antigen processing and presentation of exogenous peptide antigen","7/599","39/18842",0.179487179487179,5.64590556911091,5.26267275766343,0.000201055321886618,0.00356368363116936,0.00165212537439273,"PSMB10/HLA-C/HLA-E/B2M/HLA-F/HLA-B/HLA-A",7
"GO:0042098","T cell proliferation","15/599","162/18842",0.0925925925925926,2.9125703332715,4.43000017312216,0.00021114886329404,0.00372631841787178,0.00172752293648829,"CD55/PRNP/ICAM3/CD3E/TNFRSF1B/RAC2/TNFRSF14/CCL5/LAPTM5/MSN/PTPRC/CD6/HLA-E/ANXA1/HLA-A",15
"GO:0032481","positive regulation of type I interferon production","10/599","80/18842",0.125,3.93196994991653,4.76192114525935,0.000217605288682261,0.00382125150831303,0.00177153396098432,"G3BP1/TANK/IRF7/HSPD1/TRAF3IP3/HMGB2/ZC3HAV1/HSP90AA1/PTPN22/DHX36",10
"GO:0042176","regulation of protein catabolic process","27/599","401/18842",0.0673316708229426,2.11796885082786,4.10040649328563,0.000218411024865391,0.00382125150831303,0.00177153396098432,"SNX9/PSMA5/HSPA1A/TNFRSF1B/PSME1/PLK3/TMF1/TIPARP/OAZ1/RPS7/PIAS1/LAPTM5/MSN/VCP/PSMD13/CDKN1B/RPL5/TNFAIP3/ROCK1/HSPA1B/RPL11/EZR/UBB/HSP90AB1/ODC1/HSP90AA1/EEF1A1",27
"GO:0043409","negative regulation of MAPK cascade","15/599","163/18842",0.0920245398773006,2.89470180361953,4.4022542012987,0.000225889123288631,0.00393512425505816,0.00182432541887468,"DUSP4/RGS2/TNIP1/TAOK3/PTPN1/NCOR1/PTPRC/EZR/DUSP1/IGBP1/PTPN2/DUSP2/PDCD4/PTPN22/DNAJA1",15
"GO:0042113","B cell activation","19/599","238/18842",0.0798319327731092,2.51117408566098,4.25125413646399,0.000229044160292612,0.00397303524199877,0.00184190096989864,"TGFB1/GPR183/DNAJB9/SH3KBP1/CD27/SAMSN1/ID2/TNFRSF14/LAPTM5/JMJD1C/PIK3R1/PTPRC/BATF/TNFAIP3/HSPD1/IGBP1/PTPN2/KLF6/ZFP36L2",19
"GO:0002833","positive regulation of response to biotic stimulus","28/599","424/18842",0.0660377358490566,2.07726714335213,4.06539140786073,0.000231274051552554,0.00399464415000773,0.00185191886961405,"FYN/IFI16/HSPA1A/RPS19/TNIP1/PCBP2/HLA-C/IRF7/CCL5/USP15/EIF2AK2/GBP2/PPP6C/PIK3R1/HSPA8/PPP2CA/HLA-E/TNFAIP3/HSPD1/HSPA1B/PAK2/TRAF3IP3/HMGB2/HLA-F/ZC3HAV1/BIRC3/HSP90AA1/PTPN22",28
"GO:0007264","small GTPase-mediated signal transduction","31/599","490/18842",0.063265306122449,1.99005826036592,4.02378111702212,0.000232946826467385,0.00400648800267423,0.00185740968517067,"ARHGDIB/ARHGAP15/RAB9A/ARHGAP9/ARF6/CDC42SE2/FXR1/RAC2/RHOF/CDC42/G3BP1/WAS/WNK1/PPP1CC/PPP1CB/AKAP13/PPP1CA/CHORDC1/ARHGEF1/KRAS/DEF6/ROCK1/RHOG/RALGAPA1/TAGAP/CDC42SE1/RAP1B/RHOH/DOK2/CCR7/LAT",31
"GO:0016311","dephosphorylation","14/599","146/18842",0.0958904109589041,3.01630571500446,4.43175472289815,0.00023653595915652,0.00402665133368423,0.0018667574147229,"DUSP4/PPM1G/PTPN1/PPP6C/PPP1CC/PPP1CB/PTPRC/PPP1CA/PPP2CA/PTPN7/DUSP1/PTPN2/DUSP2/PTPN22",14
"GO:0032743","positive regulation of interleukin-2 production","7/599","40/18842",0.175,5.50475792988314,5.1679307661703,0.00023709526207207,0.00402665133368423,0.0018667574147229,"PSMA5/PSMB8/PSMB10/PSMB9/PTPRC/ANXA1/PDE4B",7
"GO:0043368","positive T cell selection","7/599","40/18842",0.175,5.50475792988314,5.1679307661703,0.00023709526207207,0.00402665133368423,0.0018667574147229,"JAK1/CD3E/CD69/CD3D/BATF/CD3G/PTPN2",7
"GO:0002440","production of molecular mediator of immune response","16/599","182/18842",0.0879120879120879,2.765341503238,4.33636532306828,0.000239102231218667,0.00404381648548571,0.00187471518701181,"TGFB1/CD55/DNAJB9/TNFRSF1B/TNFRSF14/CD7/ARID5A/LAPTM5/PTPRC/BATF/HLA-E/HSPD1/B2M/HLA-F/HLA-A/DHX36",16
"GO:0050657","nucleic acid transport","15/599","164/18842",0.0914634146341463,2.87705118286575,4.37471847669236,0.000241510217267457,0.00405078500780416,0.00187794579717137,"RAN/FXR1/TPR/SMG1/SRSF7/RBM8A/WNK1/MRPL18/HNRNPA1/ZFP36/MAGOH/G3BP2/YTHDC1/SRSF3/DDX39A",15
"GO:0050658","RNA transport","15/599","164/18842",0.0914634146341463,2.87705118286575,4.37471847669236,0.000241510217267457,0.00405078500780416,0.00187794579717137,"RAN/FXR1/TPR/SMG1/SRSF7/RBM8A/WNK1/MRPL18/HNRNPA1/ZFP36/MAGOH/G3BP2/YTHDC1/SRSF3/DDX39A",15
"GO:0032615","interleukin-12 production","8/599","53/18842",0.150943396226415,4.74803918480486,4.95116592951203,0.000249772657947118,0.00414280830476554,0.00192060784006862,"TIGIT/CD47/LAPTM5/LTB/HSPD1/FOXP1/HLA-B/CCR7",8
"GO:0032655","regulation of interleukin-12 production","8/599","53/18842",0.150943396226415,4.74803918480486,4.95116592951203,0.000249772657947118,0.00414280830476554,0.00192060784006862,"TIGIT/CD47/LAPTM5/LTB/HSPD1/FOXP1/HLA-B/CCR7",8
"GO:0007346","regulation of mitotic cell cycle","31/599","492/18842",0.0630081300813008,1.98196859264085,3.99925753289273,0.000250058643672716,0.00414280830476554,0.00192060784006862,"TGFB1/PSMA5/DYNLT3/CDC26/PSME1/BUB3/TAOK3/PLK3/IQGAP1/TPR/ID2/ZNF207/PAFAH1B1/ANAPC16/CCNH/RGCC/ACTB/SDCBP/PPP2CA/PHIP/CDKN1B/PRMT2/CDK2AP2/IK/BCL7B/DUSP1/BTG3/KMT2E/PIM3/CCND3/ZFP36L2",31
"GO:0002700","regulation of production of molecular mediator of immune response","14/599","147/18842",0.0952380952380952,2.99578662850783,4.40176951296532,0.000253974248065673,0.00416224015620838,0.00192961645535629,"TGFB1/CD55/DNAJB9/TNFRSF1B/TNFRSF14/CD7/ARID5A/LAPTM5/PTPRC/HLA-E/B2M/HLA-F/HLA-A/DHX36",14
"GO:0110020","regulation of actomyosin structure organization","11/599","97/18842",0.11340206185567,3.56714799580056,4.59315718693921,0.00025589397701338,0.00416224015620838,0.00192961645535629,"PFN1/CDC42/PTGER4/WAS/CD47/RGCC/EVL/PIK3R1/AKAP13/ROCK1/PAK2",11
"GO:0033631","cell-cell adhesion mediated by integrin","6/599","29/18842",0.206896551724138,6.50808819296529,5.37883365394254,0.000256086187895235,0.00416224015620838,0.00192961645535629,"ITGB2/ICAM3/CD3E/CCL5/WNK1/SKAP1",6
"GO:0042026","protein refolding","6/599","29/18842",0.206896551724138,6.50808819296529,5.37883365394254,0.000256086187895235,0.00416224015620838,0.00192961645535629,"HSPA1A/HSPA8/HSPD1/HSPA1B/DNAJA2/HSP90AA1",6
"GO:2000737","negative regulation of stem cell differentiation","5/599","19/18842",0.263157894736842,8.27783147350848,5.75110942709644,0.000256358718662748,0.00416224015620838,0.00192961645535629,"REST/TMSB4X/N4BP2L2/LBH/ZFP36L2",5
"GO:0002705","positive regulation of leukocyte mediated immunity","13/599","130/18842",0.1,3.14557595993322,4.44808136834794,0.00025912341873622,0.00419036636115664,0.00194265577693746,"TGFB1/ITGB2/CD55/HLA-C/CD7/ARID5A/HLA-E/HSPD1/B2M/HLA-F/HLA-B/HLA-A/DHX36",13
"GO:0051338","regulation of transferase activity","21/599","281/18842",0.0747330960854092,2.35078630457643,4.13386586147536,0.000271915928291822,0.00437010365081548,0.00202598206728847,"TAF7/SNX9/TNFRSF1B/TAOK3/UBE2S/LCP2/PTPN1/CIB1/PTPRC/LTB/EIF4A2/ADAR/CDKN1B/ZFP36/TSPYL2/ABI1/SYAP1/PDCD4/PTPN22/LAT/DNAJA1",21
"GO:0070661","leukocyte proliferation","20/599","261/18842",0.0766283524904215,2.41040303443159,4.15763349460656,0.000272391284468174,0.00437010365081548,0.00202598206728847,"CD55/GPR183/PRNP/ICAM3/CD3E/TNFRSF1B/RAC2/TNFRSF14/CCL5/LAPTM5/MSN/PTPRC/CD6/HLA-E/TNFAIP3/HSPD1/ANXA1/HLA-A/PTPN22/IL2RG",20
"GO:0045859","regulation of protein kinase activity","18/599","222/18842",0.0810810810810811,2.55046699454045,4.21081761921102,0.000274627178731872,0.00437339280186108,0.00202750691922962,"TAF7/SNX9/TNFRSF1B/TAOK3/LCP2/PTPN1/CIB1/PTPRC/LTB/ADAR/CDKN1B/TSPYL2/ABI1/SYAP1/PDCD4/PTPN22/LAT/DNAJA1",18
"GO:0060148","positive regulation of post-transcriptional gene silencing","4/599","11/18842",0.363636363636364,11.4384580361208,6.27499316996534,0.000279213610423411,0.00437339280186108,0.00202750691922962,"TGFB1/FXR1/ZFP36/TIAL1",4
"GO:0070669","response to interleukin-2","4/599","11/18842",0.363636363636364,11.4384580361208,6.27499316996534,0.000279213610423411,0.00437339280186108,0.00202750691922962,"JAK1/EZR/PTPN2/IL2RG",4
"GO:1900370","positive regulation of post-transcriptional gene silencing by RNA","4/599","11/18842",0.363636363636364,11.4384580361208,6.27499316996534,0.000279213610423411,0.00437339280186108,0.00202750691922962,"TGFB1/FXR1/ZFP36/TIAL1",4
"GO:2000637","positive regulation of miRNA-mediated gene silencing","4/599","11/18842",0.363636363636364,11.4384580361208,6.27499316996534,0.000279213610423411,0.00437339280186108,0.00202750691922962,"TGFB1/FXR1/ZFP36/TIAL1",4
"GO:0000245","spliceosomal complex assembly","11/599","98/18842",0.112244897959184,3.53074852645566,4.55143295381038,0.000280138489402286,0.00437339280186108,0.00202750691922962,"SNU13/LUC7L2/RSRP1/SCAF11/PHF5A/SNRPD2/SF1/SRSF10/YTHDC1/SRSF5/CELF2",11
"GO:0046822","regulation of nucleocytoplasmic transport","11/599","98/18842",0.112244897959184,3.53074852645566,4.55143295381038,0.000280138489402286,0.00437339280186108,0.00202750691922962,"TGFB1/RAN/ANP32B/SP100/TPR/WNK1/PIK3R1/HCLS1/HSP90AA1/EMD/DDX39A",11
"GO:0048002","antigen processing and presentation of peptide antigen","9/599","68/18842",0.132352941176471,4.16326229991162,4.73509298571516,0.000289070340973628,0.004478383641267,0.00207618072078265,"PSMB10/HLA-C/TAPBP/HLA-E/B2M/TAP1/HLA-F/HLA-B/HLA-A",9
"GO:0072332","intrinsic apoptotic signaling pathway by p53 class mediator","9/599","68/18842",0.132352941176471,4.16326229991162,4.73509298571516,0.000289070340973628,0.004478383641267,0.00207618072078265,"IFI16/CD44/RPS7/RPL26/DDIT4/DDX5/HINT1/UBB/PPP2R5C",9
"GO:0051236","establishment of RNA localization","15/599","167/18842",0.0898203592814371,2.82536762868253,4.29334246150399,0.000294097747572227,0.00453894584561091,0.00210425738663778,"RAN/FXR1/TPR/SMG1/SRSF7/RBM8A/WNK1/MRPL18/HNRNPA1/ZFP36/MAGOH/G3BP2/YTHDC1/SRSF3/DDX39A",15
"GO:0044089","positive regulation of cellular component biogenesis","30/599","475/18842",0.0631578947368421,1.98667955364203,3.94658151499265,0.00030091255966092,0.00462653060478664,0.00214486172137128,"TGFB1/SNX9/PFN1/HSPA1A/BAX/ARF6/RAC2/TPR/CDC42/CD47/RPS3/TWF2/USP16/RGCC/GBP2/CNOT6L/EVL/SDCBP/PIK3R1/PPP2CA/VCP/CNOT2/SKAP1/ROCK1/HSPA1B/ARPC2/RAP1B/CCR7/HSP90AA1/PTPN22",30
"GO:0097191","extrinsic apoptotic signaling pathway","16/599","186/18842",0.0860215053763441,2.70587179349094,4.2365355075952,0.000305896218915647,0.00468540661350419,0.00217215666615663,"TGFB1/FYN/HSPA1A/BAX/TNFRSF1B/SP100/CD27/BLOC1S2/CIB1/LTB/PHIP/TNFAIP3/MCL1/HSPA1B/PAK2/BIRC3",16
"GO:0031401","positive regulation of protein modification process","24/599","346/18842",0.069364161849711,2.18190239995368,4.02066613938921,0.000312675039272105,0.00477123302408073,0.00221194582966888,"SNX9/STK4/TNFRSF1B/TNIP1/TAOK3/UBE2S/TANK/PIAS1/LCP2/CIB1/IL10RA/LAPTM5/PTPRC/LTB/MYCBP2/VCP/ABI1/UBB/SYAP1/BIRC3/PTPN22/LAT/UBE2N/IL2RG",24
"GO:0006403","RNA localization","17/599","206/18842",0.0825242718446602,2.59586365625557,4.17321058777443,0.0003275731985304,0.00497984873720934,0.00230866017045444,"RAN/FXR1/TPR/SMG1/SRSF7/RBM8A/WNK1/MRPL18/HNRNPA1/ZFP36/MAGOH/G3BP2/CCT4/YTHDC1/SRSF3/DDX39A/DHX36",17
"GO:0042325","regulation of phosphorylation","27/599","412/18842",0.0655339805825243,2.06142113879119,3.9472163395376,0.000335497741840574,0.00508128856018989,0.00235568771915553,"TAF7/ITGB2/SNX9/STK4/TNFRSF1B/TAOK3/SAMSN1/LCP2/PTPN1/CIB1/IL10RA/SDCBP/PTPRC/LTB/ADAR/PHIP/CDKN1B/TSPYL2/ABI1/SYAP1/PTPN2/PDCD4/IL7R/PTPN22/LAT/DNAJA1/IL2RG",27
"GO:1903829","positive regulation of protein localization","29/599","457/18842",0.0634573304157549,1.99609853037338,3.90612232109742,0.000349302635115969,0.00527070407411047,0.00244350083873627,"TGFB1/RAN/FYN/JAK1/PRNP/ARF6/ANP32B/GLUD1/UBE2D3/PLK3/RAC2/TPR/OAZ1/TOMM7/PIAS1/VAMP2/CIB1/NPM1/MSN/PIK3R1/RHOG/EZR/PRKCH/TM2D3/CCT4/HCLS1/HSP90AB1/HSP90AA1/EMD",29
"GO:0046651","lymphocyte proliferation","18/599","227/18842",0.079295154185022,2.49428930743604,4.10424572078762,0.000359974615110576,0.00541161838049566,0.00250882877614286,"CD55/GPR183/PRNP/ICAM3/CD3E/TNFRSF1B/RAC2/TNFRSF14/CCL5/LAPTM5/MSN/PTPRC/CD6/HLA-E/HSPD1/ANXA1/HLA-A/PTPN22",18
"GO:0051054","positive regulation of DNA metabolic process","20/599","267/18842",0.0749063670411985,2.35623667410728,4.04430555906449,0.000366052665828181,0.0054826855003564,0.00254177552567473,"TGFB1/PTGES3/BAX/BAZ1A/CACYBP/TERF2IP/FUS/WAS/RPS3/ACTB/HNRNPA1/CDKN1B/BCL7B/SMCHD1/CCT4/SMARCA5/HSP90AA1/UBE2N/EPC1/DHX36",20
"GO:0051052","regulation of DNA metabolic process","30/599","481/18842",0.0623700623700624,1.96189768810804,3.87231350409749,0.000371381723422343,0.00554205299768857,0.00256929832480841,"TGFB1/TAF7/PTGES3/HNRNPC/BAX/BAZ1A/CACYBP/TERF2IP/SMG1/ZBTB38/FUS/WAS/RPS3/SUB1/ACTB/HNRNPA1/PPP4R2/CDKN1B/TSPYL2/BCL7B/DUSP1/SMCHD1/CCT4/SMARCA5/IL7R/OTUB1/HSP90AA1/UBE2N/EPC1/DHX36",30
"GO:0008154","actin polymerization or depolymerization","15/599","171/18842",0.087719298245614,2.75927715783616,4.18760574129001,0.000379347999881203,0.0056401960861458,0.00261479750586457,"SNX9/PFN1/ARF6/SPTAN1/WIPF1/COTL1/WAS/TWF2/EVL/TMSB4X/ABI1/ARPC2/HCLS1/CCR7/WDR1",15
"GO:2000144","positive regulation of DNA-templated transcription initiation","9/599","71/18842",0.126760563380282,3.98734980836606,4.56971175052576,0.000401538513363837,0.00592670845725024,0.0027476247732008,"TAF7/BCLAF1/MED10/RPS3/SUB1/PIAS1/MED4/MED28/DHX36",9
"GO:2000736","regulation of stem cell differentiation","9/599","71/18842",0.126760563380282,3.98734980836606,4.56971175052576,0.000401538513363837,0.00592670845725024,0.0027476247732008,"REST/HDAC1/EIF2AK2/TMSB4X/N4BP2L2/NUDT21/LBH/ZFP36L2/DHX36",9
"GO:0031396","regulation of protein ubiquitination","15/599","172/18842",0.0872093023255814,2.74323484877897,4.16164681803862,0.000403705775212522,0.00593710775937545,0.00275244589446049,"HSPA1A/UBE2S/RPS3/WNK1/LAPTM5/MYCBP2/TNFAIP3/HSPA1B/UBB/HSP90AB1/BIRC3/HSP90AA1/PTPN22/UBE2N/DNAJA1",15
"GO:0033632","regulation of cell-cell adhesion mediated by integrin","4/599","12/18842",0.333333333333333,10.4852531997774,5.95568402374717,0.000408315771782097,0.00598322641755787,0.00277382652565617,"CD3E/CCL5/WNK1/SKAP1",4
"GO:0042326","negative regulation of phosphorylation","12/599","119/18842",0.100840336134454,3.17200937136123,4.30689926118354,0.000409831888687628,0.00598384041792476,0.00277411117650934,"TAF7/SAMSN1/PTPN1/CIB1/PTPRC/ADAR/PTPN2/PDCD4/IL7R/PTPN22/DNAJA1/IL2RG",12
"GO:0002753","cytoplasmic pattern recognition receptor signaling pathway","16/599","191/18842",0.0837696335078534,2.6350374533472,4.1153860856045,0.000411578049073595,0.00598779677845779,0.00277594534707647,"IFI16/HSPA1A/PCBP2/IRF7/USP15/EIF2AK2/GBP2/PPP6C/HSPA8/PPP2CA/TNFAIP3/HSPA1B/TRAF3IP3/ZC3HAV1/BIRC3/PTPN22",16
"GO:0045581","negative regulation of T cell differentiation","8/599","57/18842",0.140350877192982,4.41484345253786,4.67864274238491,0.000416626391081876,0.00601810149964888,0.00278999462979219,"PSMA5/PSMB8/CD69/PSMB10/PSMB9/SOCS1/ANXA1/PTPN2",8
"GO:0046824","positive regulation of nucleocytoplasmic transport","8/599","57/18842",0.140350877192982,4.41484345253786,4.67864274238491,0.000416626391081876,0.00601810149964888,0.00278999462979219,"TGFB1/RAN/ANP32B/TPR/PIK3R1/HCLS1/HSP90AA1/EMD",8
"GO:0032943","mononuclear cell proliferation","18/599","230/18842",0.0782608695652174,2.46175509907817,4.04165529356255,0.000421527480711774,0.00606730512130883,0.00281280545147834,"CD55/GPR183/PRNP/ICAM3/CD3E/TNFRSF1B/RAC2/TNFRSF14/CCL5/LAPTM5/MSN/PTPRC/CD6/HLA-E/HSPD1/ANXA1/HLA-A/PTPN22",18
"GO:0002824","positive regulation of adaptive immune response based on somatic recombination of immune receptors built from immunoglobulin superfamily domains","11/599","103/18842",0.106796116504854,3.35935296691898,4.35066437148993,0.000432413682502086,0.00615400744273016,0.00285300068766206,"TGFB1/CD55/HLA-C/CD7/ARID5A/HLA-E/HSPD1/B2M/HLA-F/HLA-B/HLA-A",11
"GO:0022604","regulation of cell morphogenesis","17/599","211/18842",0.0805687203791469,2.53435029947226,4.06129862481231,0.000432686901904519,0.00615400744273016,0.00285300068766206,"ITGB2/ARHGAP15/FYN/CDC42SE2/RAC2/CD44/PAFAH1B1/ITSN2/MSN/CORO1B/PHIP/RHOG/EZR/ANXA1/CDC42SE1/WDR1/DHX36",17
"GO:0051028","mRNA transport","13/599","137/18842",0.0948905109489051,2.98485310066656,4.22500331753512,0.000432739998834692,0.00615400744273016,0.00285300068766206,"FXR1/TPR/SMG1/SRSF7/RBM8A/WNK1/HNRNPA1/ZFP36/MAGOH/G3BP2/YTHDC1/SRSF3/DDX39A",13
"GO:0051492","regulation of stress fiber assembly","10/599","87/18842",0.114942528735632,3.61560455164738,4.43088454094549,0.000433615700571773,0.00615400744273016,0.00285300068766206,"PFN1/CDC42/PTGER4/WAS/CD47/RGCC/EVL/PIK3R1/ROCK1/PAK2",10
"GO:0030330","DNA damage response, signal transduction by p53 class mediator","9/599","72/18842",0.125,3.93196994991653,4.51659223635927,0.000446194970497059,0.00631047172560126,0.0029255376013366,"SP100/PLK3/CD44/COPS3/RPL26/BATF/CDKN1B/DDX5/PPP2R5C",9
"GO:0070201","regulation of establishment of protein localization","28/599","443/18842",0.0632054176072235,1.98817442162822,3.81377983860417,0.000467682704891143,0.00655635173609198,0.00303952768755937,"TGFB1/ITGB2/RAN/FYN/REST/ERP29/PRNP/ARF6/ANP32B/GLUD1/SP100/PLK3/TPR/OAZ1/CCL5/PTPN1/VAMP2/CIB1/PIK3R1/HSPA8/UBAC2/HCLS1/LCP1/HSP90AA1/UCP2/PIM3/EMD/DNAJA1",28
"GO:0034620","cellular response to unfolded protein","11/599","104/18842",0.105769230769231,3.32705149608322,4.31199554313173,0.000469975125741948,0.00655635173609198,0.00303952768755937,"HSPA1A/BAX/DNAJB9/SHISA5/PTPN1/PIK3R1/VCP/DDIT3/HSPD1/PTPN2/OPTN",11
"GO:1904892","regulation of receptor signaling pathway via STAT","11/599","104/18842",0.105769230769231,3.32705149608322,4.31199554313173,0.000469975125741948,0.00655635173609198,0.00303952768755937,"TGFB1/CCL5/PIAS1/IL10RA/PTPRC/CALM1/SOCS1/PTPN2/IL7R/OCIAD2/IL2RG",11
"GO:0002707","negative regulation of lymphocyte mediated immunity","8/599","58/18842",0.137931034482759,4.33872546197686,4.6144285218996,0.000470041477014724,0.00655635173609198,0.00303952768755937,"TGFB1/TIGIT/TNFRSF14/PTPRC/HLA-E/HLA-F/HLA-B/HLA-A",8
"GO:0010833","telomere maintenance via telomere lengthening","9/599","73/18842",0.123287671232877,3.87810734786288,4.46442064782961,0.000494854330620511,0.00687881413694744,0.0031890214052624,"PTGES3/HNRNPC/TERF2IP/RFC1/HNRNPA1/CCT4/HSP90AB1/HSP90AA1/DHX36",9
"GO:0019884","antigen processing and presentation of exogenous antigen","7/599","45/18842",0.155555555555556,4.89311815989612,4.73780114177348,0.000503095409167018,0.00694579682247934,0.00322007460915634,"PSMB10/HLA-C/HLA-E/B2M/HLA-F/HLA-B/HLA-A",7
"GO:0050858","negative regulation of antigen receptor-mediated signaling pathway","7/599","45/18842",0.155555555555556,4.89311815989612,4.73780114177348,0.000503095409167018,0.00694579682247934,0.00322007460915634,"FYN/PRNP/LAPTM5/EZR/CBLB/PTPN2/PTPN22",7
"GO:0006401","RNA catabolic process","29/599","468/18842",0.061965811965812,1.94918168457401,3.76779856953675,0.000513528232113658,0.0070658003191503,0.0032757082855388,"BCLAF1/HSPA1A/HNRNPC/FXR1/SMG1/FUS/PNRC2/RBM8A/ARID5A/CNOT6L/NPM1/PPP2CA/CNOT2/ZFP36/DDX5/MAGOH/TNRC6B/ROCK1/TAF15/HSPA1B/PABPC1/ISG20/ZC3HAV1/RNF10/GRSF1/ZFP36L2/THRAP3/LSM6/DHX36",29
"GO:0062207","regulation of pattern recognition receptor signaling pathway","16/599","195/18842",0.0820512820512821,2.58098540302213,4.02122095797781,0.000517429350754438,0.00709542477943332,0.00328944219898392,"IFI16/HSPA1A/PCBP2/IRF7/USP15/EIF2AK2/GBP2/PPP6C/PIK3R1/HSPA8/PPP2CA/TNFAIP3/HSPA1B/ZC3HAV1/BIRC3/PTPN22",16
"GO:0000289","nuclear-transcribed mRNA poly(A) tail shortening","6/599","33/18842",0.181818181818182,5.7192290180604,4.91657226859016,0.000536037342310361,0.0073258436782416,0.0033962645067026,"CNOT6L/CNOT2/ZFP36/TNRC6B/PABPC1/ZFP36L2",6
"GO:0006402","mRNA catabolic process","25/599","381/18842",0.0656167979002625,2.06402622042862,3.80193304086913,0.000540098494721281,0.00735657647675732,0.00341051224626338,"BCLAF1/HSPA1A/HNRNPC/FXR1/SMG1/FUS/PNRC2/RBM8A/ARID5A/CNOT6L/NPM1/CNOT2/ZFP36/DDX5/MAGOH/TNRC6B/ROCK1/TAF15/HSPA1B/PABPC1/ZC3HAV1/ZFP36L2/THRAP3/LSM6/DHX36",25
"GO:0002286","T cell activation involved in immune response","12/599","123/18842",0.0975609756097561,3.0688545950568,4.17117546006951,0.000553991662020089,0.00749550718713181,0.0034749205876449,"STAT4/RORA/PSMA5/PSMB8/JAK1/CD69/PSMB10/PSMB9/BATF/ANXA1/JUNB/LCP1",12
"GO:0008360","regulation of cell shape","12/599","123/18842",0.0975609756097561,3.0688545950568,4.17117546006951,0.000553991662020089,0.00749550718713181,0.0034749205876449,"ITGB2/ARHGAP15/FYN/CDC42SE2/RAC2/MSN/PHIP/RHOG/EZR/ANXA1/CDC42SE1/WDR1",12
"GO:0051017","actin filament bundle assembly","14/599","159/18842",0.0880503144654088,2.7696895244695,4.06059422190104,0.000565942163536234,0.00763175827838396,0.00353808665636591,"PFN1/CDC42/PTGER4/WAS/CD47/RGCC/EVL/CORO1B/PIK3R1/LIMD2/ROCK1/PAK2/EZR/LCP1",14
"GO:0035771","interleukin-4-mediated signaling pathway","4/599","13/18842",0.307692307692308,9.67869526133299,5.67191539942975,0.000575012738493062,0.00765238264112571,0.00354764812044154,"JAK1/PTPRC/PTPN2/IL2RG",4
"GO:0043506","regulation of JUN kinase activity","4/599","13/18842",0.307692307692308,9.67869526133299,5.67191539942975,0.000575012738493062,0.00765238264112571,0.00354764812044154,"TAOK3/PDCD4/PTPN22/DNAJA1",4
"GO:0043922","host-mediated suppression of viral transcription","4/599","13/18842",0.307692307692308,9.67869526133299,5.67191539942975,0.000575012738493062,0.00765238264112571,0.00354764812044154,"CCL4/REST/HDAC1/CCL5",4
"GO:0090084","negative regulation of inclusion body assembly","4/599","13/18842",0.307692307692308,9.67869526133299,5.67191539942975,0.000575012738493062,0.00765238264112571,0.00354764812044154,"HSPA1A/HSPA1B/DNAJB6/DNAJB1",4
"GO:0007004","telomere maintenance via telomerase","8/599","60/18842",0.133333333333333,4.19410127991096,4.49025129524599,0.000593531783670342,0.00787219553766683,0.00364955348061943,"PTGES3/HNRNPC/TERF2IP/RFC1/HNRNPA1/CCT4/HSP90AB1/HSP90AA1",8
"GO:0141188","nucleic acid catabolic process","30/599","495/18842",0.0606060606060606,1.9064096726868,3.70306945109798,0.000595408728766622,0.00787219553766683,0.00364955348061943,"BCLAF1/HSPA1A/HNRNPC/BAX/FXR1/SMG1/FUS/PNRC2/RBM8A/ARID5A/CNOT6L/NPM1/PPP2CA/CNOT2/ZFP36/DDX5/MAGOH/TNRC6B/ROCK1/TAF15/HSPA1B/PABPC1/ISG20/ZC3HAV1/RNF10/GRSF1/ZFP36L2/THRAP3/LSM6/DHX36",30
"GO:0050864","regulation of B cell activation","11/599","107/18842",0.102803738317757,3.23376967843602,4.19875649347449,0.000599412586825473,0.00789940159066427,0.00366216621933198,"TGFB1/GPR183/SH3KBP1/CD27/SAMSN1/ID2/TNFRSF14/LAPTM5/PTPRC/TNFAIP3/ZFP36L2",11
"GO:0006446","regulation of translational initiation","10/599","91/18842",0.10989010989011,3.4566768790475,4.25670716717595,0.000622041761171393,0.00817109226082422,0.00378812213927702,"TPR/CCL5/EIF2AK2/EIF5/EIF4A2/PPP1CA/EIF1/PAIP2/EIF3K/EIF1B",10
"GO:0002708","positive regulation of lymphocyte mediated immunity","11/599","108/18842",0.101851851851852,3.20382736659865,4.16189815468001,0.000648658387100704,0.00849323997819922,0.00393746996957342,"TGFB1/CD55/HLA-C/CD7/ARID5A/HLA-E/HSPD1/B2M/HLA-F/HLA-B/HLA-A",11
"GO:0017145","stem cell division","5/599","23/18842",0.217391304347826,6.83820860855048,5.07647805077747,0.000667737390099922,0.00871493912030735,0.00404024979406579,"YME1L1/PAFAH1B1/CDK2AP2/LBH/ZFP36L2",5
"GO:0030218","erythrocyte differentiation","11/599","109/18842",0.100917431192661,3.17443445497848,4.12546740725236,0.000701225880621048,0.00912267900461805,0.00422927819241456,"HSPA1A/RPS19/ID2/ZFP36/HSPA1B/HMGB2/PTPN2/HCLS1/RPS14/KMT2E/PTBP3",11
"GO:1901990","regulation of mitotic cell cycle phase transition","23/599","345/18842",0.0666666666666667,2.09705063995548,3.72651463604079,0.000716070008609894,0.0092860324758708,0.00430500893699899,"TGFB1/PSMA5/DYNLT3/PSME1/BUB3/TAOK3/PLK3/TPR/ID2/ZNF207/CCNH/RGCC/ACTB/PPP2CA/CDKN1B/PRMT2/CDK2AP2/IK/BCL7B/DUSP1/KMT2E/CCND3/ZFP36L2",23
"GO:0002573","myeloid leukocyte differentiation","16/599","201/18842",0.0796019900497512,2.50394106263341,3.88428868378222,0.000719622658930635,0.00930238335222754,0.0043125892108163,"TGFB1/IFI16/GPR183/SRP54/CDC42/ID2/IRF7/NR3C1/NPM1/BATF/FOXP1/SOCS1/PTPN2/HCLS1/CCR7/UCP2",16
"GO:0061572","actin filament bundle organization","14/599","163/18842",0.0858895705521472,2.70172168337823,3.95387359413589,0.000724669318896318,0.00933788179492112,0.00432904630521507,"PFN1/CDC42/PTGER4/WAS/CD47/RGCC/EVL/CORO1B/PIK3R1/LIMD2/ROCK1/PAK2/EZR/LCP1",14
"GO:0030101","natural killer cell activation","10/599","93/18842",0.10752688172043,3.38233974186368,4.17324010478967,0.000739006629491416,0.00949249338324576,0.00440072430884371,"FYN/CD48/NKG7/PTPRC/HLA-E/CD2/HLA-F/CORO1A/PTPN22/IL2RG",10
"GO:0002218","activation of innate immune response","22/599","326/18842",0.0674846625766871,2.12278132265432,3.70550710624198,0.000789868986008817,0.0101138114012927,0.00468876762845958,"FYN/IFI16/HSPA1A/TNIP1/PCBP2/IRF7/USP15/EIF2AK2/GBP2/PPP6C/PIK3R1/HSPA8/PPP2CA/TNFAIP3/HSPD1/HSPA1B/PAK2/TRAF3IP3/ZC3HAV1/BIRC3/HSP90AA1/PTPN22",22
"GO:0043549","regulation of kinase activity","18/599","243/18842",0.0740740740740741,2.3300562666172,3.78133896756081,0.000805251132460046,0.0102296495190766,0.0047424702332696,"TAF7/SNX9/TNFRSF1B/TAOK3/LCP2/PTPN1/CIB1/PTPRC/LTB/ADAR/CDKN1B/TSPYL2/ABI1/SYAP1/PDCD4/PTPN22/LAT/DNAJA1",18
"GO:0010639","negative regulation of organelle organization","23/599","348/18842",0.0660919540229885,2.07897261719724,3.68130563225145,0.00080525805998608,0.0102296495190766,0.0047424702332696,"PFN1/DYNLT3/HSPA1A/HNRNPC/BUB3/TERF2IP/SPTAN1/TPR/ZNF207/WAS/GMFG/TWF2/CIB1/TMSB4X/NPM1/CORO1B/PIK3R1/HNRNPA1/PAK2/IK/DUSP1/SMARCA5/CORO1A",23
"GO:0097581","lamellipodium organization","9/599","78/18842",0.115384615384615,3.62951072299987,4.21673969540457,0.000807966955796912,0.0102296495190766,0.0047424702332696,"RAC2/CD44/CDC42/WAS/TWF2/CORO1B/PIK3R1/ARPC2/HSP90AA1",9
"GO:1901796","regulation of signal transduction by p53 class mediator","11/599","111/18842",0.0990990990990991,3.11723743777166,4.0538514390562,0.000817017541452909,0.0102296495190766,0.0047424702332696,"PLK3/CD44/COPS3/RPS7/RPL26/RPL5/DDX5/RPL11/UBB/RPS15/RPL37",11
"GO:0032271","regulation of protein polymerization","15/599","184/18842",0.0815217391304348,2.56432822820643,3.86386110399606,0.000817783151176861,0.0102296495190766,0.0047424702332696,"SNX9/PFN1/HSPA1A/ARF6/SPTAN1/COTL1/RPS3/TWF2/EVL/TMSB4X/PPP2CA/HSPA1B/HCLS1/CCR7/HSP90AA1",15
"GO:0032703","negative regulation of interleukin-2 production","5/599","24/18842",0.208333333333333,6.55328324986088,4.93271440403917,0.000821597867262617,0.0102296495190766,0.0047424702332696,"PRNP/LAPTM5/PTPRC/TNFAIP3/ZFP36",5
"GO:0050857","positive regulation of antigen receptor-mediated signaling pathway","5/599","24/18842",0.208333333333333,6.55328324986088,4.93271440403917,0.000821597867262617,0.0102296495190766,0.0047424702332696,"LCK/PTPRC/FOXP1/PRKCH/CCR7",5
"GO:0051132","NK T cell activation","5/599","24/18842",0.208333333333333,6.55328324986088,4.93271440403917,0.000821597867262617,0.0102296495190766,0.0047424702332696,"HSPH1/LCK/CD44/CLEC2D/CLEC2B",5
"GO:1900151","regulation of nuclear-transcribed mRNA catabolic process, deadenylation-dependent decay","5/599","24/18842",0.208333333333333,6.55328324986088,4.93271440403917,0.000821597867262617,0.0102296495190766,0.0047424702332696,"ZFP36/TNRC6B/PABPC1/ZFP36L2/DHX36",5
"GO:0002758","innate immune response-activating signaling pathway","21/599","306/18842",0.0686274509803922,2.15872859995417,3.70298272666414,0.000832554193754887,0.0103343653591776,0.00479101654501811,"FYN/IFI16/HSPA1A/TNIP1/PCBP2/IRF7/USP15/EIF2AK2/GBP2/PPP6C/PIK3R1/HSPA8/PPP2CA/TNFAIP3/HSPD1/HSPA1B/PAK2/TRAF3IP3/ZC3HAV1/BIRC3/PTPN22",21
"GO:0001818","negative regulation of cytokine production","24/599","371/18842",0.0646900269541779,2.03487393634494,3.64792967004952,0.000843831883810402,0.0104424195621537,0.00484111052333459,"TGFB1/ATP2B1/PRNP/TIGIT/FXR1/KLF2/PTGER4/TNFRSF14/RGCC/LAPTM5/SRGN/PTPRC/REL/CARD16/TNFAIP3/ZFP36/DDIT3/ATG12/ANXA1/MPHOSPH8/HLA-F/PDCD4/CCR7/PTPN22",24
"GO:0070663","regulation of leukocyte proliferation","17/599","224/18842",0.0758928571428571,2.38726746959218,3.784730461251,0.000851417342038742,0.0105042644113534,0.00486978182393617,"CD55/GPR183/PRNP/CD3E/TNFRSF1B/RAC2/TNFRSF14/CCL5/LAPTM5/PTPRC/CD6/HLA-E/TNFAIP3/ANXA1/HLA-A/PTPN22/IL2RG",17
"GO:0030866","cortical actin cytoskeleton organization","6/599","36/18842",0.166666666666667,5.2426265998887,4.61694926239345,0.000869576662150202,0.0105361542437841,0.00488456596495339,"ARF6/IQGAP1/ROCK1/EZR/ARPC2/LCP1",6
"GO:0042307","positive regulation of protein import into nucleus","6/599","36/18842",0.166666666666667,5.2426265998887,4.61694926239345,0.000869576662150202,0.0105361542437841,0.00488456596495339,"TGFB1/RAN/TPR/PIK3R1/HCLS1/HSP90AA1",6
"GO:0043029","T cell homeostasis","6/599","36/18842",0.166666666666667,5.2426265998887,4.61694926239345,0.000869576662150202,0.0105361542437841,0.00488456596495339,"PSMA5/PSMB8/PSMB10/TSC22D3/PSMB9/PPP2CA",6
"GO:0045063","T-helper 1 cell differentiation","6/599","36/18842",0.166666666666667,5.2426265998887,4.61694926239345,0.000869576662150202,0.0105361542437841,0.00488456596495339,"STAT4/PSMA5/PSMB8/PSMB10/PSMB9/ANXA1",6
"GO:0046329","negative regulation of JNK cascade","6/599","36/18842",0.166666666666667,5.2426265998887,4.61694926239345,0.000869576662150202,0.0105361542437841,0.00488456596495339,"RGS2/TAOK3/NCOR1/PDCD4/PTPN22/DNAJA1",6
"GO:2000107","negative regulation of leukocyte apoptotic process","6/599","36/18842",0.166666666666667,5.2426265998887,4.61694926239345,0.000869576662150202,0.0105361542437841,0.00488456596495339,"IRF7/TSC22D3/CCL5/FOXP1/HCLS1/CCR7",6
"GO:0034101","erythrocyte homeostasis","11/599","112/18842",0.0982142857142857,3.0894049606487,4.01864831221685,0.000880601787732138,0.0106379840964427,0.00493177433159304,"HSPA1A/RPS19/ID2/ZFP36/HSPA1B/HMGB2/PTPN2/HCLS1/RPS14/KMT2E/PTBP3",11
"GO:0060260","regulation of transcription initiation by RNA polymerase II","9/599","79/18842",0.113924050632911,3.58356754929101,4.16964887080506,0.00088666335904971,0.0106794260367441,0.00495098683422296,"TAF7/DRAP1/MED10/SUB1/PIAS1/NCOR1/MED4/MED28/DHX36",9
"GO:0042129","regulation of T cell proliferation","13/599","148/18842",0.0878378378378378,2.76300591075215,3.90167206117673,0.000900324307853835,0.0108118827383986,0.00501239382217713,"CD55/PRNP/CD3E/TNFRSF1B/RAC2/TNFRSF14/CCL5/LAPTM5/PTPRC/CD6/HLA-E/ANXA1/HLA-A",13
"GO:0043123","positive regulation of canonical NF-kappaB signal transduction","17/599","226/18842",0.0752212389380531,2.36614120879933,3.74389692189643,0.000939576877731225,0.0112499780138969,0.00521549499387536,"TGFB1/HSPA1A/TERF2IP/SHISA5/EIF2AK2/LTB/AKAP13/REL/CARD16/S100A4/HSPA1B/MIER1/ZC3HAV1/CCR7/BIRC3/UBE2N/DHX36",17
"GO:0032273","positive regulation of protein polymerization","9/599","80/18842",0.1125,3.53877295492487,4.12331532163674,0.000971473536983614,0.0115696405422159,0.00536369068937965,"SNX9/PFN1/HSPA1A/ARF6/RPS3/EVL/HSPA1B/CCR7/HSP90AA1",9
"GO:0038061","non-canonical NF-kappaB signal transduction","12/599","131/18842",0.0916030534351145,2.88144362741975,3.91557561956849,0.000971975221703774,0.0115696405422159,0.00536369068937965,"TNFRSF1B/CD27/UXT/RPS3/EIF2AK2/LAPTM5/LTB/REL/VCP/PDCD4/BIRC3/PTPN22",12
"GO:0006367","transcription initiation at RNA polymerase II promoter","16/599","207/18842",0.0772946859903382,2.43136306081795,3.75221345357368,0.000985670430052135,0.0116983516829872,0.00542336123358155,"TAF7/DRAP1/POLR2C/MED10/CCNH/ARID5B/SUB1/PIAS1/NCOR1/MED4/PPP2CA/GTF2B/MED28/POLR2A/KDM5A/DHX36",16
"GO:0002704","negative regulation of leukocyte mediated immunity","8/599","65/18842",0.123076923076923,3.8714781045332,4.20209959163545,0.00101927040356939,0.012001586515723,0.00556394104183973,"TGFB1/TIGIT/TNFRSF14/PTPRC/HLA-E/HLA-F/HLA-B/HLA-A",8
"GO:0032922","circadian regulation of gene expression","8/599","65/18842",0.123076923076923,3.8714781045332,4.20209959163545,0.00101927040356939,0.012001586515723,0.00556394104183973,"RORA/HDAC1/ID2/PPP1CC/PPP1CB/PPP1CA/MYCBP2/KDM5A",8
"GO:0030183","B cell differentiation","11/599","114/18842",0.0964912280701754,3.03520487361978,3.94940904254878,0.0010200905020755,0.012001586515723,0.00556394104183973,"GPR183/DNAJB9/CD27/ID2/LAPTM5/JMJD1C/PIK3R1/PTPRC/PTPN2/KLF6/ZFP36L2",11
"GO:0001732","formation of cytoplasmic translation initiation complex","4/599","15/18842",0.266666666666667,8.38820255982193,5.18693874185447,0.00104352236390434,0.0121714289514015,0.00564268007332356,"EIF3G/EIF3F/EIF5/EIF3K",4
"GO:0061684","chaperone-mediated autophagy","4/599","15/18842",0.266666666666667,8.38820255982193,5.18693874185447,0.00104352236390434,0.0121714289514015,0.00564268007332356,"PLK3/HSPA8/HSP90AA1/EEF1A1",4
"GO:0160165","CD8-positive, alpha-beta T cell homeostasis","4/599","15/18842",0.266666666666667,8.38820255982193,5.18693874185447,0.00104352236390434,0.0121714289514015,0.00564268007332356,"PSMA5/PSMB8/PSMB10/PSMB9",4
"GO:0071824","protein-DNA complex organization","17/599","229/18842",0.074235807860262,2.33514372571462,3.6834504206391,0.001086343101167,0.0126345749215956,0.00585739475863203,"TAF7/DRAP1/BAZ1A/CHD2/MED10/PIAS1/NPM1/MED4/CHD1/TSPYL2/GTF2B/MED28/HMGB2/NASP/SMARCA5/BDP1/NAP1L4",17
"GO:0061013","regulation of mRNA catabolic process","21/599","313/18842",0.0670926517571885,2.11045032455584,3.58973649570298,0.00110773867641263,0.0128353244769414,0.00595046234504288,"BCLAF1/HNRNPC/FXR1/SMG1/FUS/RBM8A/ARID5A/CNOT6L/NPM1/CNOT2/ZFP36/MAGOH/TNRC6B/ROCK1/TAF15/PABPC1/ZC3HAV1/ZFP36L2/THRAP3/LSM6/DHX36",21
"GO:0097530","granulocyte migration","12/599","133/18842",0.0902255639097744,2.83811364806005,3.85469614598245,0.00110992828071112,0.0128353244769414,0.00595046234504288,"ITGB2/CCL4/SRP54/RAC2/PTGER4/CKLF/CCL5/ANXA1/CCR7/CD99/WDR1/PDE4B",12
"GO:2000106","regulation of leukocyte apoptotic process","8/599","66/18842",0.121212121212121,3.8128193453736,4.14791192972636,0.00112817915036511,0.0130093158276477,0.00603112481544643,"IRF7/TSC22D3/CCL5/CD3G/FOXP1/ANXA1/HCLS1/CCR7",8
"GO:0036037","CD8-positive, alpha-beta T cell activation","6/599","38/18842",0.157894736842105,4.96669888410509,4.43519958522054,0.00116800939483737,0.0133925145018217,0.00620877589746145,"PSMA5/PSMB10/PSMB9/HLA-E/SOCS1/HLA-A",6
"GO:1900101","regulation of endoplasmic reticulum unfolded protein response","6/599","38/18842",0.157894736842105,4.96669888410509,4.43519958522054,0.00116800939483737,0.0133925145018217,0.00620877589746145,"BAX/DNAJB9/SHISA5/PTPN1/PIK3R1/PTPN2",6
"GO:0008064","regulation of actin polymerization or depolymerization","12/599","134/18842",0.0895522388059701,2.81693369546259,3.8246795572568,0.0011847721322004,0.0135464509425392,0.00628014090234819,"SNX9/PFN1/ARF6/SPTAN1/COTL1/WAS/TWF2/EVL/TMSB4X/HCLS1/CCR7/WDR1",12
"GO:0032640","tumor necrosis factor production","15/599","191/18842",0.0785340314136126,2.470347612513,3.70086207698195,0.00119529333666633,0.0135661168507422,0.00628925802645775,"TGFB1/PSMA5/PSMB8/FXR1/PSMB10/CD47/PSMB9/ARID5A/PTPRC/HLA-E/CD2/TNFAIP3/ZFP36/FOXP1/PTPN22",15
"GO:0032680","regulation of tumor necrosis factor production","15/599","191/18842",0.0785340314136126,2.470347612513,3.70086207698195,0.00119529333666633,0.0135661168507422,0.00628925802645775,"TGFB1/PSMA5/PSMB8/FXR1/PSMB10/CD47/PSMB9/ARID5A/PTPRC/HLA-E/CD2/TNFAIP3/ZFP36/FOXP1/PTPN22",15
"GO:0006405","RNA export from nucleus","10/599","99/18842",0.101010101010101,3.177349454478,3.93589440637134,0.0012029781420474,0.0135661168507422,0.00628925802645775,"RAN/TPR/SMG1/RBM8A/WNK1/HNRNPA1/MAGOH/YTHDC1/SRSF3/DDX39A",10
"GO:0031341","regulation of cell killing","10/599","99/18842",0.101010101010101,3.177349454478,3.93589440637134,0.0012029781420474,0.0135661168507422,0.00628925802645775,"TGFB1/CD55/TIGIT/HLA-C/PTPRC/HLA-E/KLRB1/HLA-F/HLA-B/HLA-A",10
"GO:0002726","positive regulation of T cell cytokine production","5/599","26/18842",0.192307692307692,6.04918453833312,4.6683297205619,0.00120654549965951,0.0135661168507422,0.00628925802645775,"CD55/CD7/ARID5A/B2M/HLA-A",5
"GO:1904358","positive regulation of telomere maintenance via telomere lengthening","5/599","26/18842",0.192307692307692,6.04918453833312,4.6683297205619,0.00120654549965951,0.0135661168507422,0.00628925802645775,"PTGES3/HNRNPA1/CCT4/HSP90AA1/DHX36",5
"GO:0002260","lymphocyte homeostasis","7/599","52/18842",0.134615384615385,4.23442917683318,4.23207333452669,0.00122463036976997,0.0137314217428075,0.00636589345063053,"PSMA5/PSMB8/PSMB10/TSC22D3/PSMB9/PPP2CA/TNFAIP3",7
"GO:0000288","nuclear-transcribed mRNA catabolic process, deadenylation-dependent decay","8/599","67/18842",0.119402985074627,3.75591159395012,4.09477428509913,0.0012461745059504,0.013896215163881,0.00644229175661574,"CNOT6L/CNOT2/ZFP36/TNRC6B/PABPC1/ZFP36L2/LSM6/DHX36",8
"GO:0006278","RNA-templated DNA biosynthetic process","8/599","67/18842",0.119402985074627,3.75591159395012,4.09477428509913,0.0012461745059504,0.013896215163881,0.00644229175661574,"PTGES3/HNRNPC/TERF2IP/RFC1/HNRNPA1/CCT4/HSP90AB1/HSP90AA1",8
"GO:0071674","mononuclear cell migration","16/599","212/18842",0.0754716981132075,2.37401959240243,3.645622411257,0.00126711087219247,0.0140909672061075,0.00653257889317945,"TGFB1/CCL4/GPR183/RPS19/CD69/TNFRSF14/CD47/CKLF/CCL5/WNK1/MSN/CXCR4/ANXA1/DUSP1/CCR7/CD99",16
"GO:1902904","negative regulation of supramolecular fiber organization","13/599","154/18842",0.0844155844155844,2.65535632981376,3.73755591400239,0.00129838072752568,0.0143721680156552,0.00666294371812914,"PFN1/SPTAN1/WAS/GMFG/TWF2/CIB1/TMSB4X/CORO1B/PIK3R1/HSPA8/PFDN5/PAK2/CORO1A",13
"GO:0046634","regulation of alpha-beta T cell activation","10/599","100/18842",0.1,3.14557595993322,3.89810187164624,0.00129947909873009,0.0143721680156552,0.00666294371812914,"CD55/HSPH1/CD69/TNFRSF14/BATF/HLA-E/SOCS1/ANXA1/JUNB/HLA-A",10
"GO:1904893","negative regulation of receptor signaling pathway via STAT","6/599","39/18842",0.153846153846154,4.8393476306665,4.34904022101657,0.00134381922628296,0.0148024624954518,0.00686242843734366,"PIAS1/PTPRC/SOCS1/PTPN2/IL7R/IL2RG",6
"GO:0035967","cellular response to topologically incorrect protein","11/599","118/18842",0.0932203389830508,2.93231657281911,3.81537494145137,0.0013539973118113,0.0148024624954518,0.00686242843734366,"HSPA1A/BAX/DNAJB9/SHISA5/PTPN1/PIK3R1/VCP/DDIT3/HSPD1/PTPN2/OPTN",11
"GO:1903322","positive regulation of protein modification by small protein conjugation or removal","11/599","118/18842",0.0932203389830508,2.93231657281911,3.81537494145137,0.0013539973118113,0.0148024624954518,0.00686242843734366,"TNIP1/UBE2S/TANK/PIAS1/LAPTM5/MYCBP2/VCP/UBB/BIRC3/PTPN22/UBE2N",11
"GO:0044793","host-mediated suppression of viral proces","4/599","16/18842",0.25,7.86393989983306,4.97704644203709,0.00135661888354474,0.0148024624954518,0.00686242843734366,"CCL4/REST/HDAC1/CCL5",4
"GO:2000622","regulation of nuclear-transcribed mRNA catabolic process, nonsense-mediated decay","4/599","16/18842",0.25,7.86393989983306,4.97704644203709,0.00135661888354474,0.0148024624954518,0.00686242843734366,"SMG1/RBM8A/MAGOH/PABPC1",4
"GO:0032231","regulation of actin filament bundle assembly","10/599","101/18842",0.099009900990099,3.11443164349824,3.86078140705052,0.00140219145697941,0.0152587000640199,0.00707394038447326,"PFN1/CDC42/PTGER4/WAS/CD47/RGCC/EVL/PIK3R1/ROCK1/PAK2",10
"GO:0030832","regulation of actin filament length","12/599","137/18842",0.0875912408759124,2.7552490159999,3.73626285653552,0.00143481045078596,0.0155393944795018,0.00720407044490059,"SNX9/PFN1/ARF6/SPTAN1/COTL1/WAS/TWF2/EVL/TMSB4X/HCLS1/CCR7/WDR1",12
"GO:0000082","G1/S transition of mitotic cell cycle","17/599","235/18842",0.0723404255319149,2.27552303484531,3.56534298523568,0.00143891087691245,0.0155393944795018,0.00720407044490059,"PSMA5/CCNI/PSME1/PLK3/ID2/CCNH/RGCC/PIAS1/PPP6C/ACTB/PPP2CA/CDKN1B/PRMT2/CDK2AP2/BCL7B/KMT2E/CCND3",17
"GO:0048025","negative regulation of mRNA splicing, via spliceosome","5/599","27/18842",0.185185185185185,5.825140666543,4.54628865249823,0.00144247821869406,0.0155393944795018,0.00720407044490059,"RBMX/SRSF7/SNRPD2/SAP18/SRSF10",5
"GO:2000045","regulation of G1/S transition of mitotic cell cycle","14/599","175/18842",0.08,2.51646076794658,3.65199518921032,0.00144329926552653,0.0155393944795018,0.00720407044490059,"PSMA5/PSME1/PLK3/ID2/CCNH/RGCC/ACTB/PPP2CA/CDKN1B/PRMT2/CDK2AP2/BCL7B/KMT2E/CCND3",14
"GO:1901875","positive regulation of post-translational protein modification","11/599","119/18842",0.092436974789916,2.90767525708113,3.78274848333257,0.00145016230861093,0.0155719809805602,0.00721917756181482,"TNIP1/UBE2S/TANK/PIAS1/LAPTM5/MYCBP2/VCP/UBB/BIRC3/PTPN22/UBE2N",11
"GO:0046425","regulation of receptor signaling pathway via JAK-STAT","9/599","85/18842",0.105882352941176,3.33060983992929,3.90224566018424,0.00149973620570744,0.0159775046167099,0.00740717850649437,"PIAS1/IL10RA/PTPRC/CALM1/SOCS1/PTPN2/IL7R/OCIAD2/IL2RG",9
"GO:0071887","leukocyte apoptotic process","9/599","85/18842",0.105882352941176,3.33060983992929,3.90224566018424,0.00149973620570744,0.0159775046167099,0.00740717850649437,"BAX/IRF7/TSC22D3/CCL5/CD3G/FOXP1/ANXA1/HCLS1/CCR7",9
"GO:1900182","positive regulation of protein localization to nucleus","9/599","85/18842",0.105882352941176,3.33060983992929,3.90224566018424,0.00149973620570744,0.0159775046167099,0.00740717850649437,"TGFB1/RAN/JAK1/TPR/NPM1/PIK3R1/CCT4/HCLS1/HSP90AA1",9
"GO:0007266","Rho protein signal transduction","12/599","138/18842",0.0869565217391304,2.73528344342019,3.70731916559807,0.00152725078351316,0.0162253600812075,0.00752208441410548,"ARHGDIB/CDC42SE2/FXR1/WAS/AKAP13/CHORDC1/ARHGEF1/ROCK1/RHOG/TAGAP/CDC42SE1/CCR7",12
"GO:0002347","response to tumor cell","7/599","54/18842",0.12962962962963,4.0775984665801,4.10379651168027,0.00153499341492577,0.0162253600812075,0.00752208441410548,"TGFB1/TNFRSF14/NKG7/LAPTM5/TXNIP/HSPD1/HLA-A",7
"GO:0006611","protein export from nucleus","7/599","54/18842",0.12962962962963,4.0775984665801,4.10379651168027,0.00153499341492577,0.0162253600812075,0.00752208441410548,"TGFB1/RAN/ANP32B/SP100/TPR/ADAR/EMD",7
"GO:0071706","tumor necrosis factor superfamily cytokine production","15/599","196/18842",0.076530612244898,2.40732854076522,3.58878918887461,0.0015468689698189,0.0162661687784842,0.00754100334497718,"TGFB1/PSMA5/PSMB8/FXR1/PSMB10/CD47/PSMB9/ARID5A/PTPRC/HLA-E/CD2/TNFAIP3/ZFP36/FOXP1/PTPN22",15
"GO:1903555","regulation of tumor necrosis factor superfamily cytokine production","15/599","196/18842",0.076530612244898,2.40732854076522,3.58878918887461,0.0015468689698189,0.0162661687784842,0.00754100334497718,"TGFB1/PSMA5/PSMB8/FXR1/PSMB10/CD47/PSMB9/ARID5A/PTPRC/HLA-E/CD2/TNFAIP3/ZFP36/FOXP1/PTPN22",15
"GO:0030038","contractile actin filament bundle assembly","10/599","103/18842",0.0970873786407767,3.05395724265361,3.78751239067303,0.001627428767174,0.0169813197068362,0.00787254764507071,"PFN1/CDC42/PTGER4/WAS/CD47/RGCC/EVL/PIK3R1/ROCK1/PAK2",10
"GO:0043149","stress fiber assembly","10/599","103/18842",0.0970873786407767,3.05395724265361,3.78751239067303,0.001627428767174,0.0169813197068362,0.00787254764507071,"PFN1/CDC42/PTGER4/WAS/CD47/RGCC/EVL/PIK3R1/ROCK1/PAK2",10
"GO:0072676","lymphocyte migration","10/599","103/18842",0.0970873786407767,3.05395724265361,3.78751239067303,0.001627428767174,0.0169813197068362,0.00787254764507071,"CCL4/GPR183/CD69/TNFRSF14/CKLF/CCL5/WNK1/MSN/CCR7/CD99",10
"GO:0050670","regulation of lymphocyte proliferation","15/599","198/18842",0.0757575757575758,2.3830120908585,3.54491871957708,0.00170989109237935,0.0176095338934577,0.00816378803161713,"CD55/GPR183/PRNP/CD3E/TNFRSF1B/RAC2/TNFRSF14/CCL5/LAPTM5/PTPRC/CD6/HLA-E/ANXA1/HLA-A/PTPN22",15
"GO:0002507","tolerance induction","5/599","28/18842",0.178571428571429,5.61709992845218,4.43021677161471,0.00171069879197687,0.0176095338934577,0.00816378803161713,"TNFRSF14/HLA-E/TNFAIP3/ICOS/HLA-B",5
"GO:0035872","nucleotide-binding domain, leucine rich repeat containing receptor signaling pathway","5/599","28/18842",0.178571428571429,5.61709992845218,4.43021677161471,0.00171069879197687,0.0176095338934577,0.00816378803161713,"HSPA1A/TNFAIP3/HSPA1B/BIRC3/PTPN22",5
"GO:0043921","host-mediated perturbation of viral transcription","5/599","28/18842",0.178571428571429,5.61709992845218,4.43021677161471,0.00171069879197687,0.0176095338934577,0.00816378803161713,"CCL4/REST/HDAC1/CCL5/CHD1",5
"GO:0050686","negative regulation of mRNA processing","5/599","28/18842",0.178571428571429,5.61709992845218,4.43021677161471,0.00171069879197687,0.0176095338934577,0.00816378803161713,"RBMX/SRSF7/SNRPD2/SAP18/SRSF10",5
"GO:0140014","mitotic nuclear division","19/599","281/18842",0.0676156583629893,2.12690189461677,3.44870336307484,0.00171366491449022,0.0176095338934577,0.00816378803161713,"TGFB1/RAN/DYNLT3/HSPA1A/EML4/NIPBL/BUB3/TPR/UBE2S/ZNF207/USP16/RGCC/PPP1CC/PHIP/HSPA1B/IK/DUSP1/CHMP1B/SMARCA5",19
"GO:1902369","negative regulation of RNA catabolic process","10/599","104/18842",0.0961538461538462,3.02459226916656,3.75154260917695,0.0017505621332838,0.0179432618661589,0.00831850447362167,"BCLAF1/HNRNPC/FXR1/FUS/ARID5A/ZFP36/TAF15/PABPC1/THRAP3/DHX36",10
"GO:1905898","positive regulation of response to endoplasmic reticulum stress","6/599","41/18842",0.146341463414634,4.6032818925852,4.18520706540381,0.00175528858696269,0.0179463888525984,0.00831995414597665,"BAX/SHISA5/PTPN1/PIK3R1/DDIT3/PTPN2",6
"GO:0002520","immune system development","11/599","122/18842",0.0901639344262295,2.83617504584143,3.68687429914037,0.00177275550133483,0.0180794336178846,0.00838163376050165,"TGFB1/TNFRSF14/PTPRC/BATF/HLA-E/TNFAIP3/SOD1/HSPD1/HMGB2/ICOS/HLA-B",11
"GO:2001251","negative regulation of chromosome organization","10/599","105/18842",0.0952380952380952,2.99578662850783,3.71600240707866,0.00188112357948587,0.0191365428800329,0.00887171010179788,"DYNLT3/HNRNPC/BUB3/TERF2IP/TPR/ZNF207/HNRNPA1/IK/DUSP1/SMARCA5",10
"GO:0032944","regulation of mononuclear cell proliferation","15/599","200/18842",0.075,2.35918196994992,3.50157640968231,0.00188702266456239,0.0191485624886469,0.00887728239789276,"CD55/GPR183/PRNP/CD3E/TNFRSF1B/RAC2/TNFRSF14/CCL5/LAPTM5/PTPRC/CD6/HLA-E/ANXA1/HLA-A/PTPN22",15
"GO:0033209","tumor necrosis factor-mediated signaling pathway","11/599","123/18842",0.0894308943089431,2.8131167121354,3.65556281914218,0.00189245552126753,0.0191558028948252,0.00888063905353511,"HSPA1A/TNFRSF1B/TNFRSF14/TANK/TMSB4X/LAPTM5/CARD16/TNFAIP3/HSPA1B/PTPN2/BIRC3",11
"GO:0031960","response to corticosteroid","12/599","142/18842",0.0845070422535211,2.65823320557737,3.59406753330987,0.00194748636505412,0.0196637988949121,0.0091161462333793,"TGFB1/RAN/REST/NR3C1/PTPRC/ZFP36/KRAS/CALM3/ANXA1/DUSP1/UCP2/ZFP36L2",12
"GO:0001738","morphogenesis of a polarized epithelium","5/599","29/18842",0.172413793103448,5.42340682747107,4.31960576431362,0.00201374308449387,0.020232136584061,0.00937962784809223,"CDC42/PAFAH1B1/ACTB/MSN/WDR1",5
"GO:0070841","inclusion body assembly","5/599","29/18842",0.172413793103448,5.42340682747107,4.31960576431362,0.00201374308449387,0.020232136584061,0.00937962784809223,"HSPA1A/HSPA1B/DNAJB6/DNAJB1/HSP90AA1",5
"GO:0002274","myeloid leukocyte activation","16/599","222/18842",0.0720720720720721,2.26708177292484,3.44118918571013,0.00203631546255755,0.0203754189180519,0.00944605360418859,"ITGB2/RAC2/CCL5/LCP2/VAMP2/PTPRC/BATF/CD2/HSPD1/CST7/FOXP1/ANXA1/KMT2E/RHOH/JUND/LAT",16
"GO:0051056","regulation of small GTPase mediated signal transduction","20/599","307/18842",0.0651465798045603,2.04923515305096,3.35863633486748,0.00203804387305471,0.0203754189180519,0.00944605360418859,"ARHGDIB/ARHGAP15/ARHGAP9/ARF6/CDC42SE2/FXR1/RHOF/WNK1/PPP1CC/PPP1CB/AKAP13/PPP1CA/CHORDC1/ARHGEF1/KRAS/DEF6/RALGAPA1/TAGAP/CDC42SE1/CCR7",20
"GO:0030041","actin filament polymerization","12/599","143/18842",0.0839160839160839,2.63964416218173,3.56636420264996,0.00206615180635242,0.0205997072190823,0.00955003376395104,"SNX9/PFN1/ARF6/SPTAN1/COTL1/WAS/TWF2/EVL/TMSB4X/ARPC2/HCLS1/CCR7",12
"GO:0001910","regulation of leukocyte mediated cytotoxicity","9/599","89/18842",0.101123595505618,3.18091951004483,3.73694340855242,0.00207062836791958,0.0205997072190823,0.00955003376395104,"TGFB1/TIGIT/HLA-C/PTPRC/HLA-E/KLRB1/HLA-F/HLA-B/HLA-A",9
"GO:1901224","positive regulation of non-canonical NF-kappaB signal transduction","7/599","57/18842",0.12280701754386,3.86298802097062,3.9225511541076,0.00211156285940717,0.0209555834873685,0.00971501816599988,"CD27/UXT/RPS3/EIF2AK2/LAPTM5/VCP/PDCD4",7
"GO:0044843","cell cycle G1/S phase transition","18/599","265/18842",0.0679245283018868,2.13661763316219,3.37650029977795,0.0021315296517783,0.0211021435526052,0.00978296347981293,"PSMA5/CCNI/PSME1/PLK3/ID2/CCNH/RGCC/PIAS1/PPP6C/ACTB/TMSB4X/PPP2CA/CDKN1B/PRMT2/CDK2AP2/BCL7B/KMT2E/CCND3",18
"GO:0050685","positive regulation of mRNA processing","4/599","18/18842",0.222222222222222,6.9901687998516,4.60719520087945,0.00216860278129318,0.0213132171653003,0.00988081730397069,"RBMX/TRA2B/THRAP3/DHX36",4
"GO:0070431","nucleotide-binding oligomerization domain containing 2 signaling pathway","4/599","18/18842",0.222222222222222,6.9901687998516,4.60719520087945,0.00216860278129318,0.0213132171653003,0.00988081730397069,"HSPA1A/TNFAIP3/HSPA1B/PTPN22",4
"GO:2000767","positive regulation of cytoplasmic translation","4/599","18/18842",0.222222222222222,6.9901687998516,4.60719520087945,0.00216860278129318,0.0213132171653003,0.00988081730397069,"CNBP/NPM1/PABPC1/DHX36",4
"GO:1902806","regulation of cell cycle G1/S phase transition","15/599","203/18842",0.0738916256157636,2.32431721177332,3.43752602786925,0.00218121400049409,0.0213853807439746,0.00991427237231406,"PSMA5/PSME1/PLK3/ID2/CCNH/RGCC/ACTB/TMSB4X/PPP2CA/CDKN1B/PRMT2/CDK2AP2/BCL7B/KMT2E/CCND3",15
"GO:0031647","regulation of protein stability","23/599","376/18842",0.0611702127659574,1.92415550740596,3.27996960927665,0.0022170572404481,0.0216844225035635,0.0100529082699281,"PTGES3/PFN1/HSPA1A/STK4/PRNP/FBXO7/UXT/ZNF207/DAZAP2/AHSA1/CCNH/TOMM7/PIK3R1/HSPA8/PFDN5/PPP1CA/HSPD1/HSPA1B/CBLB/CCT4/HSP90AB1/HSP90AA1/YWHAZ",23
"GO:0043489","RNA stabilization","9/599","90/18842",0.1,3.14557595993322,3.69707796297739,0.00223741310187433,0.0218309129339133,0.0101208213009755,"BCLAF1/HNRNPC/FUS/ARID5A/ZFP36/TAF15/PABPC1/THRAP3/DHX36",9
"GO:0001914","regulation of T cell mediated cytotoxicity","6/599","43/18842",0.13953488372093,4.38917575804636,4.03160710692563,0.00225581732827995,0.0219577039220343,0.0101796016615235,"HLA-C/PTPRC/HLA-E/HLA-F/HLA-B/HLA-A",6
"GO:0033044","regulation of chromosome organization","17/599","246/18842",0.0691056910569106,2.1737720048319,3.35783064868979,0.00233759382747413,0.0226992663773145,0.0105233903576776,"PTGES3/DYNLT3/HNRNPC/BUB3/TERF2IP/TPR/SMG1/ZNF207/ACTB/HNRNPA1/IK/BCL7B/DUSP1/CCT4/SMARCA5/HSP90AA1/DHX36",17
"GO:0051223","regulation of protein transport","24/599","401/18842",0.0598503740648379,1.88263897851365,3.23728035539126,0.00238924764435526,0.0231454801633365,0.0107302552745975,"TGFB1/RAN/REST/ERP29/ARF6/ANP32B/GLUD1/SP100/PLK3/TPR/OAZ1/CCL5/PTPN1/VAMP2/PIK3R1/HSPA8/UBAC2/HCLS1/LCP1/HSP90AA1/UCP2/PIM3/EMD/DNAJA1",24
"GO:0050728","negative regulation of inflammatory response","15/599","205/18842",0.0731707317073171,2.3016409462926,3.39545036873905,0.00239775799382364,0.0231726183260242,0.0107428365393312,"RORA/FYN/RPS19/TNFRSF1B/FXR1/CD69/PTGER4/IL10RA/TMSB4X/PTPRC/TNFAIP3/SOD1/PRMT2/CST7/PTPN2",15
"GO:1902373","negative regulation of mRNA catabolic process","9/599","91/18842",0.0989010989010989,3.11100919114275,3.65776550858234,0.00241470995634173,0.0232810159448719,0.010793089725404,"BCLAF1/HNRNPC/FXR1/FUS/ARID5A/ZFP36/TAF15/PABPC1/THRAP3",9
"GO:0002221","pattern recognition receptor signaling pathway","19/599","291/18842",0.0652920962199313,2.05381248243063,3.28279245951429,0.0025424130146521,0.0244541574087035,0.0113369586488956,"IFI16/HSPA1A/TNIP1/PCBP2/IRF7/USP15/EIF2AK2/GBP2/PPP6C/PIK3R1/HSPA8/PPP2CA/TNFAIP3/HSPD1/HSPA1B/TRAF3IP3/ZC3HAV1/BIRC3/PTPN22",19
"GO:0070585","protein localization to mitochondrion","11/599","128/18842",0.0859375,2.70322934056761,3.50358016518532,0.0025936983634915,0.0248884672752057,0.011538304903238,"HSPA4/FBXO7/UBE2D3/TRABD/RAC2/TOMM7/DDIT3/HSPD1/AIP/HSP90AA1/DNAJA1",11
"GO:0097529","myeloid leukocyte migration","15/599","207/18842",0.072463768115942,2.27940286951683,3.35386093923545,0.00263182038281922,0.0251947144666585,0.0116802812423862,"ITGB2/CCL4/RPS19/SRP54/RAC2/PTGER4/CD47/CKLF/CCL5/ANXA1/DUSP1/CCR7/CD99/WDR1/PDE4B",15
"GO:0043407","negative regulation of MAP kinase activity","4/599","19/18842",0.210526315789474,6.62226517880678,4.4428429524879,0.00267853453132796,0.0255215297245545,0.01183179294662,"PTPN1/PDCD4/PTPN22/DNAJA1",4
"GO:0046629","gamma-delta T cell activation","4/599","19/18842",0.210526315789474,6.62226517880678,4.4428429524879,0.00267853453132796,0.0255215297245545,0.01183179294662,"CD3E/ITK/CD3G/CD247",4
"GO:0060765","regulation of androgen receptor signaling pathway","5/599","31/18842",0.161290322580645,5.07350961279552,4.11302081739775,0.00273457848808864,0.0259945060495358,0.01205106498894,"HDAC1/NCOR1/DDX5/PRMT2/FOXP1",5
"GO:0009895","negative regulation of catabolic process","22/599","360/18842",0.0611111111111111,1.92229641995919,3.20158139255906,0.00276806874425227,0.0262513809180373,0.0121701522964055,"BCLAF1/HNRNPC/TPT1/FXR1/FUS/RPS7/NCOR1/ARID5A/WNK1/IL10RA/PPP2CA/RPL5/ZFP36/ROCK1/MCL1/TAF15/RPL11/PABPC1/HSP90AB1/PTPN22/THRAP3/DHX36",22
"GO:0030968","endoplasmic reticulum unfolded protein response","9/599","93/18842",0.0967741935483871,3.04410576767731,3.58074208233183,0.00280269067989797,0.0264560964411764,0.0122650585073138,"HSPA1A/BAX/DNAJB9/SHISA5/PTPN1/PIK3R1/VCP/DDIT3/PTPN2",9
"GO:0045445","myoblast differentiation","9/599","93/18842",0.0967741935483871,3.04410576767731,3.58074208233183,0.00280269067989797,0.0264560964411764,0.0122650585073138,"TGFB1/REST/IFRD1/ACTB/DDX5/DDIT3/BTG1/RBPJ/MBNL1",9
"GO:1904377","positive regulation of protein localization to cell periphery","8/599","76/18842",0.105263157894737,3.31113258940339,3.65816304936988,0.00280973663935204,0.0264610696499534,0.0122673640891957,"PRNP/ARF6/PIAS1/CIB1/PIK3R1/RHOG/EZR/PRKCH",8
"GO:0030032","lamellipodium assembly","7/599","60/18842",0.116666666666667,3.66983861992209,3.75324552061077,0.00284265057236444,0.0265859877263301,0.0123252761669955,"RAC2/CDC42/WAS/TWF2/PIK3R1/ARPC2/HSP90AA1",7
"GO:0034113","heterotypic cell-cell adhesion","7/599","60/18842",0.116666666666667,3.66983861992209,3.75324552061077,0.00284265057236444,0.0265859877263301,0.0123252761669955,"ITGB2/LCK/CD44/CD47/WNK1/SKAP1/CD2",7
"GO:0071384","cellular response to corticosteroid stimulus","7/599","60/18842",0.116666666666667,3.66983861992209,3.75324552061077,0.00284265057236444,0.0265859877263301,0.0123252761669955,"TGFB1/RAN/REST/NR3C1/ZFP36/ANXA1/ZFP36L2",7
"GO:0045589","regulation of regulatory T cell differentiation","6/599","45/18842",0.133333333333333,4.19410127991096,3.88711980201137,0.00285689467304646,0.0266577827078059,0.0123585603535077,"TGFB1/PSMA5/PSMB8/PSMB10/PSMB9/SOCS1",6
"GO:1905897","regulation of response to endoplasmic reticulum stress","9/599","94/18842",0.0957446808510638,3.01172166376585,3.54300368511993,0.00301432232647489,0.0280329627137811,0.0129960944382838,"HSPA1A/BAX/DNAJB9/ERP29/SHISA5/PTPN1/PIK3R1/DDIT3/PTPN2",9
"GO:0065004","protein-DNA complex assembly","15/599","210/18842",0.0714285714285714,2.24683997138087,3.29236429357652,0.00301808443112154,0.0280329627137811,0.0129960944382838,"TAF7/DRAP1/BAZ1A/MED10/PIAS1/NPM1/MED4/TSPYL2/GTF2B/MED28/HMGB2/NASP/SMARCA5/BDP1/NAP1L4",15
"GO:0006406","mRNA export from nucleus","8/599","77/18842",0.103896103896104,3.26813086746309,3.61373618285548,0.00305028010917645,0.0282673218336694,0.0131047434343118,"TPR/SMG1/RBM8A/WNK1/MAGOH/YTHDC1/SRSF3/DDX39A",8
"GO:0048863","stem cell differentiation","14/599","190/18842",0.0736842105263158,2.31779281258237,3.30809892767073,0.00309613695338508,0.028626924587221,0.0132714554366477,"REST/HDAC1/CDC42/PHF5A/EIF2AK2/TMSB4X/N4BP2L2/PTPRC/BATF/RBPJ/NUDT21/LBH/ZFP36L2/DHX36",14
"GO:0042088","T-helper 1 type immune response","7/599","61/18842",0.114754098360656,3.60967733107091,3.6992154917005,0.00312501340928516,0.0288282487006556,0.0133647893884534,"STAT4/PSMA5/PSMB8/PSMB10/PSMB9/ARID5A/ANXA1",7
"GO:0000470","maturation of LSU-rRNA","5/599","32/18842",0.15625,4.91496243739566,4.01629355031767,0.00315754610422664,0.0290623121021676,0.0134733012893058,"RPL35/DDX18/RPL7A/NSA2/RPL37",5
"GO:0030521","androgen receptor signaling pathway","6/599","46/18842",0.130434782608696,4.10292516513029,3.81798973290059,0.00319882605943521,0.029375644740379,0.0136185624448379,"TMF1/HDAC1/NCOR1/DDX5/PRMT2/FOXP1",6
"GO:0051494","negative regulation of cytoskeleton organization","12/599","151/18842",0.0794701986754967,2.49979546484759,3.35290692531575,0.00324461177172262,0.0296061308417781,0.0137254159077086,"PFN1/SPTAN1/WAS/GMFG/TWF2/CIB1/TMSB4X/NPM1/CORO1B/PIK3R1/PAK2/CORO1A",12
"GO:0001771","immunological synapse formation","3/599","10/18842",0.3,9.43672787979967,4.83551879486958,0.00324580641157705,0.0296061308417781,0.0137254159077086,"MSN/CD6/CCR7",3
"GO:0043320","natural killer cell degranulation","3/599","10/18842",0.3,9.43672787979967,4.83551879486958,0.00324580641157705,0.0296061308417781,0.0137254159077086,"NKG7/HLA-F/CORO1A",3
"GO:0035455","response to interferon-alpha","4/599","20/18842",0.2,6.29115191986644,4.28992403045081,0.00326493708024765,0.0297138556249445,0.0137753571668495,"TPR/EIF2AK2/ADAR/IFITM1",4
"GO:0045727","positive regulation of translation","11/599","132/18842",0.0833333333333333,2.62131329994435,3.38714878545859,0.00329435543707896,0.0299145161501197,0.0138683834788322,"CNBP/RPS4X/FXR1/USP16/CCL5/RPL26/NPM1/RPL5/PRKCH/PABPC1/DHX36",11
"GO:0048255","mRNA stabilization","8/599","78/18842",0.102564102564103,3.22623175377766,3.57003290582317,0.00330654446956269,0.0299581785757923,0.0138886253995039,"BCLAF1/HNRNPC/FUS/ARID5A/ZFP36/TAF15/PABPC1/THRAP3",8
"GO:0060261","positive regulation of transcription initiation by RNA polymerase II","7/599","62/18842",0.112903225806452,3.55145672895686,3.64630938353609,0.00342830808919455,0.0309914988918885,0.0143676731744429,"TAF7/MED10/SUB1/PIAS1/MED4/MED28/DHX36",7
"GO:1903076","regulation of protein localization to plasma membrane","10/599","114/18842",0.087719298245614,2.75927715783616,3.41395856779267,0.00344612021799106,0.0309914988918885,0.0143676731744429,"TGFB1/PRNP/ARF6/ACTB/WNK1/CIB1/PIK3R1/RHOG/EZR/PRKCH",10
"GO:0044092","negative regulation of molecular function","15/599","213/18842",0.0704225352112676,2.21519433798114,3.23190081891207,0.00344987650219617,0.0309914988918885,0.0143676731744429,"TAF7/IFI16/BAX/NOSIP/PTPN1/PTPRC/EIF4A2/ADAR/CALM1/ZFP36/CALM3/ROCK1/PDCD4/PTPN22/DNAJA1",15
"GO:0097696","cell surface receptor signaling pathway via STAT","13/599","172/18842",0.0755813953488372,2.37747020227511,3.28845220611355,0.00345113513159241,0.0309914988918885,0.0143676731744429,"TGFB1/STAT4/JAK1/CCL5/PIAS1/IL10RA/PTPRC/CALM1/SOCS1/PTPN2/IL7R/OCIAD2/IL2RG",13
"GO:0014015","positive regulation of gliogenesis","6/599","47/18842",0.127659574468085,4.01562888502113,3.75079143294523,0.00357035313994529,0.0319913099228211,0.014831186029331,"TGFB1/TNFRSF1B/ID2/PPP1CC/CXCR4/PRKCH",6
"GO:1902235","regulation of endoplasmic reticulum stress-induced intrinsic apoptotic signaling pathway","5/599","33/18842",0.151515151515152,4.766024181717,3.92350741695511,0.00362567266885454,0.032415430314715,0.0150278084385473,"HSPA1A/ERP29/PTPN1/DDIT3/PTPN2",5
"GO:0015931","nucleobase-containing compound transport","16/599","236/18842",0.0677966101694915,2.13259387114117,3.17264118227715,0.00373691101150752,0.0333365314191407,0.0154548313352189,"RAN/FXR1/TPR/SMG1/SRSF7/CD47/RBM8A/WNK1/MRPL18/HNRNPA1/ZFP36/MAGOH/G3BP2/YTHDC1/SRSF3/DDX39A",16
"GO:0045732","positive regulation of protein catabolic process","15/599","215/18842",0.0697674418604651,2.19458787902318,3.19214884341001,0.00376495248180546,0.033513030972913,0.0155366566097202,"SNX9/HSPA1A/TNFRSF1B/PLK3/TIPARP/OAZ1/PIAS1/LAPTM5/MSN/VCP/CDKN1B/TNFAIP3/HSPA1B/EZR/HSP90AA1",15
"GO:0050821","protein stabilization","16/599","237/18842",0.0675105485232067,2.12359558476504,3.15418103891595,0.00389335186102713,0.0345329145142653,0.0160094750896931,"PTGES3/PFN1/HSPA1A/STK4/UXT/ZNF207/CCNH/PIK3R1/PFDN5/PPP1CA/HSPD1/HSPA1B/CBLB/CCT4/HSP90AB1/HSP90AA1",16
"GO:0030833","regulation of actin filament polymerization","10/599","116/18842",0.0862068965517241,2.71170341373554,3.35082894896034,0.00390505241735595,0.0345329145142653,0.0160094750896931,"SNX9/PFN1/ARF6/SPTAN1/COTL1/TWF2/EVL/TMSB4X/HCLS1/CCR7",10
"GO:0071357","cellular response to type I interferon","10/599","116/18842",0.0862068965517241,2.71170341373554,3.35082894896034,0.00390505241735595,0.0345329145142653,0.0160094750896931,"PSMA5/JAK1/SP100/PSME1/TANK/IRF7/PTPN1/PSMD13/IFITM1/PTPN2",10
"GO:0033630","positive regulation of cell adhesion mediated by integrin","4/599","21/18842",0.19047619047619,5.99157325701566,4.1470856617081,0.00393301381517982,0.034554335661937,0.0160194059436295,"CD3E/CCL5/CIB1/SKAP1",4
"GO:0045590","negative regulation of regulatory T cell differentiation","4/599","21/18842",0.19047619047619,5.99157325701566,4.1470856617081,0.00393301381517982,0.034554335661937,0.0160194059436295,"PSMA5/PSMB8/PSMB10/PSMB9",4
"GO:0046579","positive regulation of Ras protein signal transduction","4/599","21/18842",0.19047619047619,5.99157325701566,4.1470856617081,0.00393301381517982,0.034554335661937,0.0160194059436295,"PPP1CC/PPP1CB/PPP1CA/KRAS",4
"GO:0006376","mRNA splice site recognition","6/599","48/18842",0.125,3.93196994991653,3.68542671126068,0.00397299212474863,0.0348301836595134,0.0161472892024815,"LUC7L2/SF1/SRSF10/YTHDC1/SRSF5/CELF2",6
"GO:0051051","negative regulation of transport","24/599","418/18842",0.0574162679425837,1.80607232149276,3.0198644120691,0.00404282154388717,0.0353659755315475,0.0163956825613753,"TGFB1/REST/RGS2/ERP29/ARF6/TNFRSF1B/SP100/TPR/CD47/OAZ1/WNK1/SDCBP/CALM1/CALM3/B2M/ANXA1/HLA-F/UBAC2/ARL6IP5/RAP1B/UCP2/PIM3/INSIG1/DDX39A",24
"GO:0031032","actomyosin structure organization","14/599","196/18842",0.0714285714285714,2.24683997138087,3.17953177238583,0.00409049825511308,0.0357060912204387,0.0165533603515505,"PFN1/IQGAP1/CDC42/PTGER4/WAS/CD47/RGCC/EVL/PIK3R1/CNN2/AKAP13/ROCK1/PAK2/WDR1",14
"GO:1903078","positive regulation of protein localization to plasma membrane","7/599","64/18842",0.109375,3.44047370617696,3.54369804871203,0.00410162001993707,0.0357263426200098,0.0165627489097282,"PRNP/ARF6/CIB1/PIK3R1/RHOG/EZR/PRKCH",7
"GO:0001916","positive regulation of T cell mediated cytotoxicity","5/599","34/18842",0.147058823529412,4.6258469999018,3.83437762364305,0.00414154554952798,0.035919943131483,0.0166525021961038,"HLA-C/HLA-E/HLA-F/HLA-B/HLA-A",5
"GO:1901532","regulation of hematopoietic progenitor cell differentiation","5/599","34/18842",0.147058823529412,4.6258469999018,3.83437762364305,0.00414154554952798,0.035919943131483,0.0166525021961038,"EIF2AK2/TMSB4X/N4BP2L2/NUDT21/DHX36",5
"GO:1901654","response to ketone","14/599","197/18842",0.0710659898477157,2.23543469233833,3.15855881895832,0.00427898763044132,0.0370328588314741,0.0171684504277127,"TGFB1/GNG2/PTGER4/NR3C1/PTPRC/TXNIP/CALM3/FOXP1/DUSP1/NASP/CCR7/UCP2/PIM3/JUND",14
"GO:0140507","granzyme-mediated programmed cell death signaling pathway","3/599","11/18842",0.272727272727273,8.57884352709061,4.55595943425405,0.00435827871200966,0.0374793501950153,0.0173754440296985,"GZMA/NKG7/SRGN",3
"GO:2000035","regulation of stem cell division","3/599","11/18842",0.272727272727273,8.57884352709061,4.55595943425405,0.00435827871200966,0.0374793501950153,0.0173754440296985,"YME1L1/CDK2AP2/LBH",3
"GO:2000269","regulation of fibroblast apoptotic process","3/599","11/18842",0.272727272727273,8.57884352709061,4.55595943425405,0.00435827871200966,0.0374793501950153,0.0173754440296985,"STK17A/BTG1/STK17B",3
"GO:0070849","response to epidermal growth factor","6/599","49/18842",0.122448979591837,3.85172566522435,3.62180433571713,0.00440826803392729,0.0378290908027714,0.0175375839366969,"IQGAP1/TPR/ZFP36/SYAP1/ZFP36L2/EEF1A1",6
"GO:0045860","positive regulation of protein kinase activity","10/599","119/18842",0.0840336134453782,2.64334114280103,3.25859770548161,0.00468267136327364,0.0399742965334052,0.0185321023024335,"SNX9/TNFRSF1B/TAOK3/LCP2/CIB1/PTPRC/LTB/ABI1/SYAP1/LAT",10
"GO:0034114","regulation of heterotypic cell-cell adhesion","4/599","22/18842",0.181818181818182,5.7192290180604,4.01319110863256,0.00468779629216577,0.0399742965334052,0.0185321023024335,"LCK/CD44/WNK1/SKAP1",4
"GO:0090083","regulation of inclusion body assembly","4/599","22/18842",0.181818181818182,5.7192290180604,4.01319110863256,0.00468779629216577,0.0399742965334052,0.0185321023024335,"HSPA1A/HSPA1B/DNAJB6/DNAJB1",4
"GO:0034063","stress granule assembly","5/599","35/18842",0.142857142857143,4.49367994276175,3.74864775444134,0.00470773669877638,0.040060174549965,0.0185719153905034,"PRRC2C/G3BP1/DAZAP2/G3BP2/RPS23",5
"GO:0042542","response to hydrogen peroxide","8/599","83/18842",0.0963855421686747,3.03188044330913,3.36162768459002,0.00484771770523439,0.0411650338191347,0.0190841286570691,"FYN/KLF2/RPS3/TXNIP/TNFAIP3/SOD1/OSER1/DUSP1",8
"GO:0006469","negative regulation of protein kinase activity","7/599","66/18842",0.106060606060606,3.3362169272019,3.44509222702404,0.00487054536061739,0.0412471479665498,0.0191221968136683,"TAF7/PTPN1/PTPRC/ADAR/PDCD4/PTPN22/DNAJA1",7
"GO:0001913","T cell mediated cytotoxicity","6/599","50/18842",0.12,3.77469115191987,3.55983940804359,0.00487771151119583,0.0412471479665498,0.0191221968136683,"HLA-C/PTPRC/HLA-E/HLA-F/HLA-B/HLA-A",6
"GO:0072594","establishment of protein localization to organelle","21/599","356/18842",0.0589887640449438,1.85553638085948,2.95297155638129,0.00511071659277363,0.0431276479211397,0.0199939974595923,"TGFB1/RAN/STK4/SRPRA/NIPBL/HSPA4/ZFAND2A/SRP54/M6PR/TPR/TOMM7/IL10RA/NPM1/LAPTM5/PIK3R1/HSPA8/ADAR/HSPD1/CBLB/HCLS1/HSP90AA1",21
"GO:0043434","response to peptide hormone","24/599","427/18842",0.0562060889929742,1.76800522338167,2.90877083185448,0.00525129615173869,0.0442220146886045,0.0205013463975303,"TGFB1/STAT4/ATP2B1/FYN/JAK1/CACYBP/KLF2/LEPROTL1/PTPN1/VAMP2/PIK3R1/PHIP/OSBPL8/BTG1/ROCK1/SOCS1/NR4A2/SYAP1/SRSF5/PTPN2/RPS6/UCP2/JUND/INSIG1",24
"GO:0019081","viral translation","5/599","36/18842",0.138888888888889,4.36885549990725,3.66608622022379,0.00532679476919996,0.0447649274703574,0.0207530410134527,"EIF3G/PCBP2/OAZ1/EIF3F/ATG12",5
"GO:0071216","cellular response to biotic stimulus","16/599","245/18842",0.0653061224489796,2.05425368811966,3.00970536582984,0.00534851113346118,0.0448545592783449,0.0207945943609591,"CD55/TNFRSF1B/TNIP1/GBP2/ARID5A/TXNIP/CARD16/CD6/TNFAIP3/ZFP36/DDIT3/B2M/HMGB2/PDCD4/PTPN22/PDE4B",16
"GO:0002183","cytoplasmic translational initiation","6/599","51/18842",0.117647058823529,3.70067759992144,3.49945280634456,0.00538285565307712,0.0449568129544034,0.0208419992123223,"EIF3G/RPS3/EIF3F/EIF5/EIF4A2/EIF3K",6
"GO:0071385","cellular response to glucocorticoid stimulus","6/599","51/18842",0.117647058823529,3.70067759992144,3.49945280634456,0.00538285565307712,0.0449568129544034,0.0208419992123223,"TGFB1/REST/NR3C1/ZFP36/ANXA1/ZFP36L2",6
"GO:0032212","positive regulation of telomere maintenance via telomerase","4/599","23/18842",0.173913043478261,5.47056688684039,3.88727710797105,0.00553412448207437,0.0459181021849094,0.0212876533427728,"PTGES3/HNRNPA1/CCT4/HSP90AA1",4
"GO:0045649","regulation of macrophage differentiation","4/599","23/18842",0.173913043478261,5.47056688684039,3.88727710797105,0.00553412448207437,0.0459181021849094,0.0212876533427728,"TGFB1/ID2/PTPN2/HCLS1",4
"GO:0050732","negative regulation of peptidyl-tyrosine phosphorylation","4/599","23/18842",0.173913043478261,5.47056688684039,3.88727710797105,0.00553412448207437,0.0459181021849094,0.0212876533427728,"SAMSN1/PTPN2/IL7R/IL2RG",4
"GO:1904951","positive regulation of establishment of protein localization","17/599","268/18842",0.0634328358208955,1.995328034286,2.9737069635995,0.00555788160499539,0.0459181021849094,0.0212876533427728,"TGFB1/ITGB2/RAN/FYN/PRNP/ARF6/ANP32B/GLUD1/PLK3/TPR/OAZ1/VAMP2/CIB1/PIK3R1/HCLS1/HSP90AA1/EMD",17
"GO:0000819","sister chromatid segregation","16/599","246/18842",0.0650406504065041,2.0459030633712,2.99203367203268,0.00555796625039941,0.0459181021849094,0.0212876533427728,"RAN/DYNLT3/HSPA1A/EML4/NIPBL/BUB3/TPR/ZNF207/ACTB/PPP1CC/HSPA1B/IK/BCL7B/DUSP1/CHMP1B/SMARCA5",16
"GO:0034340","response to type I interferon","10/599","122/18842",0.0819672131147541,2.57834095076494,3.1691666324707,0.00557714323162364,0.0459181021849094,0.0212876533427728,"PSMA5/JAK1/SP100/PSME1/TANK/IRF7/PTPN1/PSMD13/IFITM1/PTPN2",10
"GO:0051384","response to glucocorticoid","10/599","122/18842",0.0819672131147541,2.57834095076494,3.1691666324707,0.00557714323162364,0.0459181021849094,0.0212876533427728,"TGFB1/REST/NR3C1/ZFP36/KRAS/CALM3/ANXA1/DUSP1/UCP2/ZFP36L2",10
"GO:0036337","Fas signaling pathway","3/599","12/18842",0.25,7.86393989983306,4.30979082375532,0.00567493302541885,0.0463471894369721,0.0214865783906533,"SP100/IL7R/IL2RG",3
"GO:0043335","protein unfolding","3/599","12/18842",0.25,7.86393989983306,4.30979082375532,0.00567493302541885,0.0463471894369721,0.0214865783906533,"ERP29/VCP/HSP90AA1",3
"GO:0044346","fibroblast apoptotic process","3/599","12/18842",0.25,7.86393989983306,4.30979082375532,0.00567493302541885,0.0463471894369721,0.0214865783906533,"STK17A/BTG1/STK17B",3
"GO:0090085","regulation of protein deubiquitination","3/599","12/18842",0.25,7.86393989983306,4.30979082375532,0.00567493302541885,0.0463471894369721,0.0214865783906533,"TNIP1/TANK/VCP",3
"GO:0072678","T cell migration","7/599","68/18842",0.102941176470588,3.23809289993126,3.35020525871013,0.00574317881759633,0.0468103671096858,0.0217013077732644,"GPR183/CD69/TNFRSF14/CCL5/WNK1/MSN/CD99",7
"GO:0042306","regulation of protein import into nucleus","6/599","52/18842",0.115384615384615,3.62951072299987,3.44057068658879,0.00592523286394328,0.0480050303288339,0.022255154192443,"TGFB1/RAN/TPR/PIK3R1/HCLS1/HSP90AA1",6
"GO:0045066","regulatory T cell differentiation","6/599","52/18842",0.115384615384615,3.62951072299987,3.44057068658879,0.00592523286394328,0.0480050303288339,0.022255154192443,"TGFB1/PSMA5/PSMB8/PSMB10/PSMB9/SOCS1",6
"GO:0141085","regulation of inflammasome-mediated signaling pathway","6/599","52/18842",0.115384615384615,3.62951072299987,3.44057068658879,0.00592523286394328,0.0480050303288339,0.022255154192443,"IFI16/EIF2AK2/GBP2/HSPA8/PPP2CA/PTPN22",6
"GO:0000723","telomere maintenance","12/599","163/18842",0.0736196319018405,2.31576144289562,3.05711237981027,0.00597644824871169,0.0483235128317146,0.02240280282761,"PTGES3/HNRNPC/SP100/TERF2IP/SMG1/RFC1/HNRNPA1/PPP1CA/CCT4/HSP90AB1/HSP90AA1/DHX36",12
"GO:0033144","negative regulation of intracellular steroid hormone receptor signaling pathway","5/599","37/18842",0.135135135135135,4.25077832423408,3.58648323723209,0.00600123756808719,0.0483680062402317,0.0224234299923115,"HDAC1/NCOR1/CNOT2/FOXP1/LBH",5
"GO:1905477","positive regulation of protein localization to membrane","8/599","86/18842",0.0930232558139535,2.9261171720309,3.24398676476898,0.00600578347994007,0.0483680062402317,0.0224234299923115,"FYN/PRNP/ARF6/CIB1/PIK3R1/RHOG/EZR/PRKCH",8
"GO:0000070","mitotic sister chromatid segregation","14/599","205/18842",0.0682926829268293,2.14819821653976,2.99518086676651,0.00605431065002139,0.0486622711454195,0.022559851338023,"RAN/DYNLT3/HSPA1A/EML4/NIPBL/BUB3/TPR/ZNF207/PPP1CC/HSPA1B/IK/DUSP1/CHMP1B/SMARCA5",14
