"p_val","avg_log2FC","pct.1","pct.2","p_val_adj","gene"
0,5.72770046417956,0.559,0.035,0,"RRM2"
0,5.65157376019754,0.468,0.028,0,"PLK1"
0,5.5775925237976,0.693,0.091,0,"UBE2C"
0,5.33218468251379,0.676,0.046,0,"MKI67"
0,5.30101644566161,0.474,0.027,0,"CENPA"
0,5.28906861656178,0.655,0.059,0,"NUSAP1"
0,5.25479444841835,0.341,0.015,0,"NCAPH"
0,5.20698868823888,0.418,0.019,0,"CCNA2"
0,5.12547350281711,0.338,0.015,0,"DLGAP5"
0,5.09242427936099,0.333,0.014,0,"CKAP2L"
0,5.05143855969282,0.454,0.029,0,"CDCA3"
0,4.93304344874495,0.574,0.055,0,"CCNB2"
0,4.91903661225512,0.254,0.015,0,"HIST1H1B"
0,4.91779060523724,0.603,0.06,0,"CDK1"
0,4.87297812685542,0.395,0.022,0,"GTSE1"
0,4.83390714094177,0.372,0.019,0,"SPC25"
0,4.83056761902738,0.661,0.062,0,"TPX2"
0,4.82869441499725,0.349,0.016,0,"KIF4A"
0,4.73673736514235,0.39,0.021,0,"AURKB"
0,4.73542824764704,0.354,0.021,0,"KIF2C"
0,4.73372719819983,0.343,0.023,0,"NDC80"
0,4.68189834137929,0.302,0.016,0,"NCAPG"
0,4.63430517654893,0.472,0.05,0,"TOP2A"
0,4.58373124652946,0.278,0.018,0,"KIF14"
0,4.57792523621883,0.484,0.035,0,"KIFC1"
0,4.55358627209145,0.359,0.028,0,"DEPDC1"
0,4.54925141079899,0.702,0.082,0,"BIRC5"
0,4.51440784114304,0.381,0.026,0,"CASC5"
0,4.48389922504448,0.339,0.024,0,"NEK2"
0,4.47822445642544,0.453,0.04,0,"ASPM"
0,4.46502209751858,0.555,0.078,0,"CDC20"
0,4.42463051109995,0.48,0.036,0,"NUF2"
0,4.40139202018268,0.317,0.016,0,"HJURP"
0,4.38987676169739,0.597,0.065,0,"CDKN3"
0,4.38133535889873,0.37,0.03,0,"PRR11"
0,4.37273110058394,0.283,0.019,0,"BUB1B"
0,4.32850723175901,0.672,0.086,0,"PRC1"
0,4.32432696533796,0.405,0.034,0,"MND1"
0,4.31914977584823,0.455,0.043,0,"KIF23"
0,4.31663659854454,0.526,0.05,0,"CDCA8"
0,4.30752663859614,0.359,0.026,0,"HMMR"
0,4.30294150638697,0.755,0.103,0,"TYMS"
0,4.27200034828399,0.348,0.026,0,"PBK"
0,4.24436771516447,0.272,0.019,0,"FAM64A"
0,4.22960476567727,0.689,0.123,0,"CENPF"
0,4.19454367841489,0.253,0.015,0,"ESCO2"
0,4.09946950478825,0.403,0.038,0,"SGOL1"
0,4.08532381781672,0.634,0.112,0,"PTTG1"
0,4.07514728435439,0.257,0.02,0,"MTFR2"
0,4.05034608555779,0.3,0.022,0,"SPC24"
0,4.02736875797913,0.373,0.036,0,"OIP5"
0,4.00827690801342,0.553,0.064,0,"PKMYT1"
0,3.94611397761036,0.282,0.02,0,"CEP55"
0,3.93316901759055,0.35,0.041,0,"CENPE"
0,3.91155270108075,0.475,0.048,0,"CDCA5"
0,3.90219856036957,0.396,0.033,0,"FOXM1"
4.24131498749452e-304,3.89026506287693,0.254,0.023,1.1756501013836e-299,"TTK"
0,3.85929273454993,0.338,0.029,0,"MELK"
0,3.84674865489138,0.464,0.048,0,"MYBL2"
0,3.83511748425535,0.316,0.038,0,"MXD3"
0,3.821632472879,0.333,0.035,0,"TROAP"
0,3.76989276363393,0.423,0.07,0,"AURKA"
0,3.73757226289482,0.517,0.132,0,"CCNB1"
0,3.71532406784936,0.395,0.042,0,"DIAPH3"
0,3.7031142902323,0.855,0.466,0,"HIST1H4C"
0,3.66419683191489,0.293,0.028,0,"CDCA2"
0,3.64290223602294,0.313,0.033,0,"ARHGAP11A"
0,3.63080095659814,0.432,0.052,0,"FANCI"
0,3.63048058487527,0.552,0.073,0,"ASF1B"
0,3.52734980475563,0.325,0.042,0,"TACC3"
0,3.5167072527653,0.366,0.038,0,"ANLN"
0,3.45503001352023,0.391,0.058,0,"FAM83D"
7.38615959556824e-221,3.39828483261765,0.27,0.047,2.04736957829556e-216,"LKAAEAR1"
0,3.374610744381,0.402,0.066,0,"FAM111B"
0,3.34908493061877,0.424,0.064,0,"CLSPN"
1.09503171254179e-291,3.31404414017741,0.291,0.037,3.03531840399458e-287,"RAD51"
2.14254042329311e-232,3.28226494119602,0.312,0.061,5.93890779932616e-228,"HIST1H1D"
0,3.27677672755082,0.649,0.136,0,"ZWINT"
1.01936755611994e-273,3.27600972129296,0.275,0.035,2.82558492880887e-269,"ARHGAP11B"
6.27637435459207e-260,3.26354951301338,0.289,0.044,1.73974820734938e-255,"KIAA1524"
0,3.24273691736911,0.477,0.083,0,"RAD51AP1"
0,3.23390229213938,0.312,0.037,0,"SHCBP1"
0,3.21268617036908,0.436,0.081,0,"SGOL2"
3.55334231555556e-270,3.16077719752212,0.283,0.039,9.84950956448846e-266,"CDC45"
2.93490965013646e-262,3.15007806125116,0.255,0.03,8.13527605921326e-258,"MCM10"
6.54127247441403e-294,3.14336793090706,0.334,0.053,1.81317531718283e-289,"RACGAP1"
1.26184380787453e-238,3.06392419435764,0.263,0.038,3.49770485104742e-234,"PARPBP"
0,3.02039050164859,0.497,0.101,0,"CENPU"
8.01066826347635e-226,3.00735875325451,0.431,0.124,2.22047713595301e-221,"HIST1H1E"
0,3.00655083115824,0.405,0.07,0,"CENPK"
0,3.00326004951857,0.52,0.099,0,"PHF19"
4.36682018215539e-185,3.00014455587063,0.251,0.048,1.21043888629165e-180,"INCENP"
1.63951621987223e-304,2.96310753190113,0.454,0.113,4.54457500986383e-300,"KNSTRN"
8.64121104044951e-252,2.90909690106898,0.302,0.05,2.3952572883022e-247,"POC1A"
0,2.8782051317294,0.481,0.118,0,"MAD2L1"
0,2.82752389037063,0.532,0.101,0,"ORC6"
0,2.81439555070706,0.553,0.149,0,"CKAP2"
4.5053250382507e-256,2.79332916762081,0.333,0.063,1.24883104735271e-251,"TCF19"
2.09335614142936e-319,2.76424042263702,0.423,0.087,5.80257388842805e-315,"TRIP13"
0,2.73292450821238,0.442,0.089,0,"LMNB1"
0,2.72973880842692,0.506,0.124,0,"CENPN"
0,2.71596304377986,0.513,0.121,0,"CENPM"
0,2.71049570861369,0.708,0.226,0,"UBE2T"
2.84555890990261e-237,2.70403803580576,0.403,0.107,7.88760474235904e-233,"KIF20B"
1.0883320595196e-241,2.67202606979283,0.312,0.056,3.01674763578239e-237,"UHRF1"
8.14311871071853e-272,2.65695628339589,0.385,0.083,2.25719107542407e-267,"C21orf58"
0,2.61449966237335,0.801,0.265,0,"TK1"
4.92419558656169e-312,2.60480033798909,0.73,0.417,1.36493777463903e-307,"HMGB2"
2.66746094091175e-258,2.59295639807089,0.434,0.116,7.39393498211327e-254,"KIAA0101"
1.5899612218008e-210,2.58021521602619,0.346,0.086,4.40721351070964e-206,"GPSM2"
9.89671095892385e-271,2.5697394954996,0.362,0.07,2.7432693107041e-266,"CDKN2C"
2.25647505666136e-315,2.56557173397428,0.481,0.119,6.25472320955961e-311,"TMSB15A"
0,2.55915835404774,0.763,0.315,0,"SMC4"
7.68060571845232e-184,2.49793196229365,0.358,0.107,2.1289870990978e-179,"MNS1"
4.31398426324099e-248,2.46424228854978,0.466,0.142,1.19579329792777e-243,"DHFR"
0,2.44489819263929,0.715,0.271,0,"TMPO"
2.52460134872523e-185,2.44241501238391,0.254,0.048,6.99794247853145e-181,"C1QTNF2"
6.51057270848897e-231,2.39845302929633,0.668,0.351,1.80466564906606e-226,"KPNA2"
0,2.38758737193895,0.965,0.572,0,"STMN1"
9.89216829959319e-204,2.36874614241279,0.311,0.068,2.74201013096424e-199,"NCAPD2"
1.10834481412273e-161,2.36737006000019,0.266,0.061,3.07222099026679e-157,"CDT1"
2.69116487802856e-140,2.34086886414065,0.274,0.075,7.45963992540735e-136,"HIST1H2BJ"
1.25612893337362e-169,2.31863244444249,0.265,0.058,3.48186379041834e-165,"CCNF"
3.03313920475202e-158,2.28816447082356,0.255,0.058,8.40755856165213e-154,"CDC6"
1.82655489029437e-148,2.28470616357855,0.262,0.065,5.06302750040697e-144,"CCDC18"
1.47602304569461e-299,2.27818617281284,0.502,0.136,4.0913882803609e-295,"ECT2"
9.96825608724027e-162,2.27453010995541,0.268,0.062,2.76310090482213e-157,"BRCA2"
6.98200063980559e-237,2.22069829572663,0.401,0.102,1.93534075734771e-232,"LINC00221"
5.68468176488284e-163,2.21158098593785,0.296,0.076,1.57573693840787e-158,"C16orf59"
8.25194246804701e-281,2.2103410462793,0.678,0.284,2.28735593271795e-276,"AIM1"
1.38640673074251e-144,2.20476965868273,0.251,0.061,3.84298081694517e-140,"ZNF726"
3.1599809609157e-270,2.20113390994964,0.584,0.22,8.75915122556222e-266,"CDCA4"
1.28448790641633e-239,2.2001108130026,0.548,0.211,3.56047202779542e-235,"ATAD2"
3.42134589344059e-168,2.1891346459529,0.506,0.224,9.48362868202797e-164,"FEN1"
4.51695273238672e-237,2.18334402173253,0.404,0.103,1.25205412789027e-232,"CHEK1"
1.29387167927404e-203,2.16922166633563,0.366,0.095,3.5864829077797e-199,"NRM"
3.69530088554412e-235,2.15354567248622,0.396,0.098,1.02430045246397e-230,"RMI2"
5.06719003077505e-181,2.13375743711797,0.364,0.105,1.40457440463054e-176,"LMNB2"
2.96439387504748e-323,2.13067098415658,0.726,0.355,8.21700338224411e-319,"RNASEH2A"
2.38194906419729e-165,2.12373085600543,0.452,0.157,6.60252461104847e-161,"IGKV3-15"
9.00952454502721e-245,2.1214775611924,0.411,0.101,2.49735010863609e-240,"LIN28B"
6.67576711693708e-127,2.11239040326304,0.274,0.082,1.85045588714379e-122,"HIST1H2BH"
2.70740999808942e-226,2.10997422960976,0.668,0.39,7.50466977370408e-222,"UBE2S"
6.16253705474336e-281,2.09694228708375,0.598,0.228,1.70819364620431e-276,"DBF4"
9.03489108121834e-262,2.09455489891997,0.594,0.235,2.50438145880291e-257,"MIS18BP1"
5.18819899335694e-263,2.09118165665664,0.567,0.199,1.43811687896861e-258,"BARD1"
0,2.08726977097818,0.799,0.315,0,"HMGB3"
3.96383026658989e-251,2.07986378096773,0.684,0.331,1.09873411159605e-246,"H2AFX"
6.75593460886711e-236,2.07816624302083,0.496,0.161,1.87267751423187e-231,"RTN4IP1"
9.86983347192176e-195,2.07658270802704,0.339,0.083,2.73581914008199e-190,"RTKN2"
1.20488408784846e-146,2.06590054351906,0.277,0.073,3.33981820310715e-142,"ANXA2R"
2.37850970984734e-246,2.04904942913373,0.558,0.218,6.59299106472585e-242,"SMC2"
1.32275206146746e-133,2.04378949924003,0.283,0.083,3.66653643918165e-129,"C9orf40"
0,2.04339174099588,0.818,0.454,0,"DTYMK"
8.63976320793152e-163,2.04261582496984,0.342,0.102,2.39485596360654e-158,"DONSON"
1.03194976289941e-175,2.04162609698028,0.432,0.155,2.86046154778087e-171,"CDKN2D"
1.07508122702502e-181,2.02923792522297,0.412,0.137,2.98001765319064e-177,"C14orf80"
1.46083588294185e-251,2.01208704428751,0.649,0.297,4.04929098392651e-247,"ANP32E"
2.7194771799735e-274,1.9951527597266,0.689,0.323,7.53811879516855e-270,"DNAJC9"
4.22999145077763e-196,1.97827347617251,0.415,0.13,1.17251133024105e-191,"LRR1"
3.05701122924406e-149,1.97719930244055,0.32,0.096,8.47372942634162e-145,"HELLS"
4.09996454848086e-223,1.95894155546035,0.496,0.169,1.13646917319341e-218,"EZH2"
6.53487384584919e-130,1.9589111434626,0.251,0.066,1.81140168133094e-125,"CENPL"
2.49545051865454e-167,1.95750118476534,0.431,0.163,6.91713929265851e-163,"VRK1"
1.23910761205501e-117,1.94932602408617,0.271,0.083,3.43468238985529e-113,"ATAD5"
1.98703462919869e-142,1.94652572365011,0.311,0.093,5.50786128867584e-138,"GNG4"
0,1.92867870687519,0.951,0.787,0,"TUBA1B"
1.40525119635884e-157,1.92735790866534,0.406,0.135,3.89521579118706e-153,"IGKV1-9"
2.81281935301865e-272,1.91809124346622,0.634,0.25,7.79685396463239e-268,"GMNN"
1.79495860605858e-243,1.91172744708591,0.718,0.397,4.97544576013377e-239,"SAC3D1"
6.62659941857661e-143,1.89868337635078,0.365,0.127,1.83682709283525e-138,"CENPH"
4.67464173802954e-112,1.89659571643804,0.26,0.08,1.29576394336441e-107,"CENPJ"
2.74729514353443e-159,1.8743060654812,0.355,0.11,7.61522740836309e-155,"ZWILCH"
1.65603503214287e-204,1.87287278530338,0.577,0.25,4.59036350559681e-200,"HES6"
1.35614608672976e-103,1.86439006298771,0.272,0.093,3.75910133780623e-99,"DSCC1"
8.29088029967351e-185,1.85910388647738,0.473,0.175,2.2981491102665e-180,"MIS18A"
1.08604784793088e-122,1.85421897422213,0.271,0.08,3.0104160296796e-118,"CDCA7"
1.35638240386958e-204,1.85168137488178,0.487,0.17,3.75975638528609e-200,"CDC25B"
1.63310022489086e-200,1.85035251383297,0.733,0.473,4.52679051337498e-196,"PCNA"
0,1.84892436216243,0.69,0.186,0,"CENPW"
1.87659285479304e-116,1.84711530815617,0.338,0.127,5.20172773420083e-112,"CHAF1A"
4.648283546672e-93,1.83744089679695,0.28,0.104,1.28845771630201e-88,"HYLS1"
2.11225412532861e-129,1.83503412096804,0.344,0.123,5.85495720999837e-125,"RFC3"
2.45813624506751e-107,1.83423503153746,0.251,0.077,6.81370785770263e-103,"TIMELESS"
1.03325195474004e-209,1.82873791621405,0.57,0.232,2.8640710933439e-205,"BTG3"
7.91318286514267e-206,1.8287001746424,0.721,0.429,2.1934551583889e-201,"CKB"
1.40242716376658e-251,1.81780063278913,0.647,0.279,3.88738785524458e-247,"IMPA2"
0,1.8091415816214,0.898,0.619,0,"DEK"
0,1.8003688173104,0.882,0.593,0,"CKS1B"
7.40968684815915e-161,1.77746847539829,0.481,0.202,2.05389109744123e-156,"RFC4"
2.94225869054033e-229,1.76261303458648,0.661,0.317,8.15564686430875e-225,"MCM7"
2.80626199049635e-144,1.75763306064534,0.373,0.128,7.77867761145684e-140,"LINC01285"
2.69769177136323e-144,1.75241430395418,0.411,0.156,7.47773182104174e-140,"LIG1"
1.13393219572096e-92,1.75097364696463,0.256,0.086,3.14314665331892e-88,"IGHV6-1"
1.40011368219459e-130,1.74870411167504,0.417,0.175,3.88097511567518e-126,"LBR"
4.38044222728812e-211,1.7245263494136,0.584,0.258,1.21421478098199e-206,"TEX30"
3.35400563737283e-164,1.70247443450002,0.387,0.124,9.29696822623374e-160,"CLCA2"
1.33046100757331e-213,1.69921471098221,0.638,0.298,3.68790486689245e-209,"QRSL1"
1.58683776725512e-123,1.69566333733642,0.299,0.095,4.39855560705448e-119,"DLEU2"
2.16244595596368e-227,1.69497384449012,0.701,0.366,5.99408394533572e-223,"SAE1"
1.29388189176754e-140,1.69231116863065,0.305,0.088,3.58651121579044e-136,"LGALS12"
8.52229684363642e-240,1.69067118986971,0.823,0.499,2.36229546208758e-235,"ATG5"
2.61736265254572e-182,1.68195479125088,0.486,0.17,7.25506753659149e-178,"IGKV3-20"
0,1.65939745098362,0.922,0.77,0,"H2AFV"
2.85997884113642e-260,1.65745641091036,0.711,0.318,7.92757534974605e-256,"PHGDH"
7.17679772852414e-127,1.65498240787654,0.43,0.187,1.98933656236961e-122,"ACOT7"
7.9279320630962e-78,1.6465224859626,0.25,0.094,2.19754348856964e-73,"PLEK2"
8.02568524754429e-101,1.64277200421989,0.255,0.082,2.2246396937668e-96,"HAUS8"
2.97939046293704e-190,1.63747975346734,0.673,0.357,8.25857242421517e-186,"C6orf203"
3.82631036522974e-157,1.63331247406014,0.575,0.292,1.06061497013803e-152,"RFC2"
9.27891124365465e-187,1.63316918050323,0.757,0.54,2.57202140762863e-182,"CKS2"
1.51260181789833e-123,1.63014757970322,0.334,0.113,4.19278097903239e-119,"IGKV1-5"
7.43755269826448e-78,1.62757716466651,0.253,0.097,2.06161523243193e-73,"MMS22L"
0,1.62598927667675,0.965,0.91,0,"HMGN2"
5.04424367861534e-118,1.62324680998026,0.367,0.144,1.39821390527539e-113,"REEP4"
0,1.62098711211335,0.969,0.899,0,"H2AFZ"
6.55318090487994e-81,1.61212239575126,0.251,0.093,1.81647621502367e-76,"MCM2"
3.30999013709658e-110,1.60916066026399,0.346,0.136,9.17496166101802e-106,"RCCD1"
0,1.60391035811009,0.996,0.962,0,"HMGB1"
1.08934624295642e-64,1.60122063480742,0.266,0.118,3.01955885085091e-60,"MCM6"
2.87459249110604e-244,1.59553762165544,0.773,0.461,7.96808292609683e-240,"DNMT1"
9.12094145990559e-90,1.59138594668365,0.341,0.149,2.52823376327123e-85,"MCM5"
1.21968347455362e-137,1.58506514693999,0.425,0.169,3.38084062311519e-133,"GINS2"
2.7651745465448e-94,1.57681492794166,0.257,0.087,7.66478732556754e-90,"HACE1"
1.13083418881828e-78,1.57669440819347,0.28,0.113,3.1345592879854e-74,"TDP1"
5.45481558804069e-118,1.57328014896559,0.425,0.189,1.512020332849e-113,"NCAPH2"
6.90218518005381e-132,1.57273120040955,0.486,0.224,1.91321671005911e-127,"CKAP5"
0,1.5709815594453,0.93,0.812,0,"SIVA1"
2.50364854698221e-129,1.55033660698848,0.498,0.241,6.93986340737998e-125,"MCM3"
0,1.5485753033761,0.973,0.873,0,"TUBB"
4.96330969506752e-165,1.54492286588281,0.662,0.402,1.37577981437576e-160,"NUDT1"
4.48917305702504e-164,1.53682095281425,0.739,0.523,1.24435387967677e-159,"WDR34"
9.80405682489587e-104,1.53594476801881,0.325,0.124,2.71758651129288e-99,"NDC1"
6.0251458437411e-118,1.52521110347234,0.451,0.209,1.67011017642659e-113,"POLD3"
5.26876043600145e-187,1.52289252285839,0.671,0.332,1.46044770525524e-182,"SFN"
6.72752268683022e-163,1.51971185972926,0.58,0.286,1.86480201356247e-158,"TEX9"
4.7823186531433e-147,1.5179806192578,0.563,0.286,1.32561090746479e-142,"PDSS2"
6.22381265831169e-164,1.51510556604177,0.577,0.282,1.72517863075742e-159,"SKA2"
5.28561680598841e-131,1.50547829919739,0.333,0.107,1.46512012245193e-126,"CTAG2"
1.23391896070031e-67,1.5045809419556,0.402,0.238,3.42029996716518e-63,"GGH"
8.54372463138912e-137,1.5045082727715,0.463,0.202,2.36823503057475e-132,"PARP2"
1.95383737827147e-131,1.50427045146784,0.428,0.175,5.4158418288307e-127,"TTLL7"
3.23667260798373e-88,1.50167532616905,0.313,0.128,8.97173280207011e-84,"PCNT"
9.62755708250846e-118,1.5016256532624,0.264,0.077,2.66866254770052e-113,"TDO2"
1.09268428256956e-131,1.49483344701994,0.329,0.104,3.02881156285456e-127,"MAEL"
5.62321989581822e-130,1.48973343291209,0.511,0.248,1.55870032292185e-125,"PREP"
3.12096482811988e-155,1.48387040092512,0.642,0.36,8.6510024070655e-151,"SYNE2"
4.36068028567069e-151,1.46937913950864,0.568,0.291,1.20873696838506e-146,"CLN6"
6.02612716809403e-90,1.46591552862066,0.386,0.185,1.67038218972398e-85,"DSN1"
6.73978629093722e-82,1.45783153979175,0.3,0.125,1.86820136198489e-77,"KIAA1211L"
4.97235497555969e-77,1.45141454110375,0.34,0.161,1.37828707567539e-72,"G2E3"
1.04089778446692e-166,1.44525186558666,0.619,0.328,2.88526456876385e-162,"BCL2L12"
2.81081859146708e-110,1.44344555606747,0.364,0.144,7.7913080536876e-106,"HRASLS"
5.21226930676908e-75,1.4393877379811,0.262,0.103,1.44478892914332e-70,"SUV39H2"
1.72503319227724e-213,1.42939965999804,0.785,0.517,4.78161950567329e-209,"NASP"
1.35582766639548e-73,1.42908051716953,0.363,0.19,3.75821870848164e-69,"CNTNAP2"
5.50008983543565e-135,1.42658758267626,0.653,0.426,1.52456990148441e-130,"MZT1"
5.59387055238956e-81,1.42076211317745,0.256,0.095,1.55056497841686e-76,"SOX11"
7.97860174246105e-110,1.41663083997501,0.448,0.212,2.21158861699278e-105,"TMEM237"
1.4510422467569e-140,1.4163770394795,0.473,0.201,4.02214400378545e-136,"OXCT1"
2.78853170142401e-89,1.41296700067934,0.347,0.151,7.72953102317722e-85,"ITM2C"
9.24358851059857e-193,1.40744284283123,0.704,0.402,2.56223029925282e-188,"PGP"
2.54818076787613e-91,1.40528705542652,0.333,0.14,7.06330227047583e-87,"SLC43A3"
5.64630244250081e-108,1.40453854226155,0.447,0.211,1.5650985740368e-103,"HAUS2"
6.21184320015154e-85,1.39986232182796,0.423,0.223,1.72186081665001e-80,"RRM1"
1.47766205867035e-186,1.39926681047864,0.977,0.91,4.09593146042834e-182,"CD24"
7.63216358369761e-224,1.39354284096205,0.478,0.147,2.11555942376514e-219,"FABP7"
1.77003576712094e-245,1.38501648496799,0.932,0.748,4.90636214288254e-241,"IDH2"
1.25602790508714e-114,1.38417471607833,0.403,0.167,3.48158375011106e-110,"CDCA7L"
1.63572979104161e-95,1.38136103989064,0.398,0.183,4.53407940778823e-91,"CDK5RAP2"
0,1.37658315094853,0.951,0.786,0,"HN1"
7.52517164194451e-201,1.37340277102439,0.774,0.53,2.0859023274306e-196,"USP1"
5.53104912536074e-67,1.36683094744301,0.297,0.137,1.53315150705874e-62,"CEP295"
3.58028288644108e-80,1.36306248283997,0.35,0.161,9.92418613292604e-76,"WHSC1"
1.15652349826602e-109,1.36272079115864,0.504,0.257,3.20576748484358e-105,"NDE1"
9.53766816066792e-115,1.36186459253287,0.482,0.232,2.64374623745554e-110,"RANGAP1"
3.61697133636114e-82,1.35600689221008,0.275,0.105,1.00258828472594e-77,"CHAC2"
1.93506058487346e-77,1.35113785336169,0.308,0.135,5.36379443521075e-73,"OLMALINC"
1.6436190401903e-124,1.34799655239376,0.56,0.305,4.55594761750348e-120,"EXOSC8"
1.56344562959902e-67,1.34632628064261,0.621,0.431,4.33371494068551e-63,"NSMCE4A"
2.47258489867073e-77,1.33861287897372,0.344,0.161,6.8537580806254e-73,"UBR7"
5.87850718734859e-159,1.33795812609513,0.656,0.357,1.62946340726116e-154,"RPL39L"
1.02135684902265e-131,1.33569908702811,0.397,0.148,2.83109904980588e-127,"KYNU"
2.44105274087863e-61,1.33454490503029,0.418,0.25,6.76635409244148e-57,"FAM111A"
7.94080247832329e-143,1.33305315292789,0.619,0.348,2.20111103896643e-138,"CMC2"
1.782347410933e-189,1.32890766520987,0.802,0.587,4.94048878836518e-185,"CARHSP1"
2.8566569668781e-90,1.32269523468748,0.338,0.143,7.91836744648941e-86,"ALYREF"
3.07804666595043e-63,1.31582365773393,0.34,0.172,8.53203755334799e-59,"RNF26"
1.02223951773905e-116,1.31476799637398,0.575,0.337,2.83354571922087e-112,"PSIP1"
1.5585068746635e-52,1.31252516768433,0.266,0.129,4.32002520587975e-48,"ZNF595"
8.72981610199831e-125,1.31195018060286,0.569,0.298,2.41981772531291e-120,"PNP"
6.97193326164673e-130,1.31111422375067,0.441,0.181,1.93255018079586e-125,"CSRP2"
1.20302808306397e-109,1.30313949354809,0.499,0.254,3.33467354344501e-105,"RCC1"
1.34922000876322e-101,1.30257008767846,0.485,0.251,3.73990294229077e-97,"RNF168"
1.49265858798654e-128,1.29769492873986,0.613,0.346,4.13750034003989e-124,"GCHFR"
1.91560248624246e-73,1.29633207975309,0.28,0.116,5.30985853161548e-69,"CTNNAL1"
7.32335920644074e-70,1.28998611161877,0.269,0.113,2.02996193843331e-65,"CEP57L1"
1.01785656760118e-78,1.28873060402569,0.297,0.122,2.82139661973372e-74,"FGFR4"
4.46772000502789e-93,1.28831807363028,0.553,0.331,1.23840730819368e-88,"GOT1"
7.3074807882412e-93,1.28325939675949,0.446,0.231,2.02556059969258e-88,"H2AFY2"
4.45285242175354e-148,1.27968859561395,0.52,0.225,1.23428616278587e-143,"LINC01133"
1.88497299204274e-56,1.27849254633929,0.269,0.125,5.22495663664326e-52,"TTF2"
1.32502680109605e-107,1.27805408093479,0.587,0.356,3.67284178995814e-103,"ACAT2"
2.86412538711884e-98,1.27190976651802,0.483,0.251,7.93906916055472e-94,"RHNO1"
9.69531070428288e-53,1.27047645062481,0.262,0.125,2.68744317412017e-48,"RFC5"
1.48081144935806e-73,1.26127231845126,0.333,0.154,4.1046612564756e-69,"ACER3"
3.71067455427598e-96,1.26085803690207,0.43,0.208,1.02856187969976e-91,"THOP1"
5.75062702652343e-92,1.25710691894751,0.505,0.284,1.59401630548203e-87,"ACYP1"
3.2775389631085e-92,1.25516224967575,0.339,0.139,9.08501025184044e-88,"NCAPD3"
9.88608217483577e-68,1.25205066626028,0.347,0.173,2.74032311804273e-63,"FOXRED1"
1.14709375792104e-223,1.25203717788548,0.872,0.741,3.17962918758133e-219,"RANBP1"
1.03387002382098e-101,1.25039780236778,0.514,0.281,2.86578431902937e-97,"ITGB3BP"
7.96281907317051e-220,1.24528465802867,0.879,0.759,2.20721381889213e-215,"DUT"
1.10830878724606e-111,1.24050822017313,0.749,0.587,3.07212112736735e-107,"TUBA1C"
5.58056629590883e-99,1.23840757618552,0.547,0.325,1.54687717156297e-94,"SF3A2"
2.41743690322114e-59,1.23786991077822,0.269,0.123,6.70089335203868e-55,"COQ2"
2.87843156592108e-73,1.23779935794015,0.451,0.258,7.97872445757664e-69,"GTF3C5"
1.33491388132656e-88,1.23284233378866,0.454,0.236,3.7002477876491e-84,"CEP70"
2.95268866504495e-99,1.22855370580767,0.489,0.253,8.18455771063809e-95,"MVD"
2.48679428491568e-74,1.22609876191971,0.39,0.197,6.89314507835778e-70,"HAUS4"
5.61300974492547e-69,1.22525378609226,0.297,0.132,1.55587017119589e-64,"LIMD2"
3.34419513836804e-173,1.21328773533922,0.456,0.155,9.26977450404237e-169,"IGKV4-1"
9.35359066486255e-105,1.21046713003417,0.426,0.191,2.59272179639325e-100,"TEAD4"
2.31612099700635e-126,1.20939098019864,0.662,0.41,6.42005579160191e-122,"C12orf45"
1.4339021162419e-141,1.2089806781459,0.641,0.35,3.97463327601093e-137,"MPHOSPH6"
3.02321886159321e-68,1.20021724078083,0.318,0.149,8.38006036245021e-64,"KIAA1841"
2.33234157164622e-57,1.19669329922334,0.372,0.208,6.46501760244617e-53,"SLC10A3"
3.11410182192056e-155,1.19075973063111,0.826,0.665,8.63197884018161e-151,"HNRNPAB"
8.29417769537203e-101,1.18202825534273,0.597,0.364,2.29906311538017e-96,"CCDC34"
5.80992926674696e-263,1.18075077390718,0.955,0.868,1.61045429344959e-258,"CALM1"
1.36050562305932e-79,1.17965554854791,0.332,0.146,3.77118553655812e-75,"AIF1L"
7.55673579278813e-92,1.17669955694763,0.443,0.219,2.09465159440294e-87,"RPP25"
4.36701654266545e-146,1.17447809706295,0.747,0.494,1.21049331546144e-141,"MRPS11"
6.97542198087727e-54,1.16835694266953,0.256,0.117,1.93351721887937e-49,"FBLN5"
1.14920094773471e-89,1.16832220428101,0.633,0.462,3.18547010702585e-85,"DDX39A"
1.48424353008332e-125,1.16078492998085,0.722,0.48,4.11417464103796e-121,"MAD2L2"
7.46393078198603e-56,1.15877864842667,0.358,0.196,2.06892697345871e-51,"BIN1"
1.47278773658639e-56,1.15833813293931,0.428,0.265,4.08242032704382e-52,"LRRC45"
0,1.15493917266491,1,0.999,0,"PTMA"
2.73351339065127e-82,1.15228921563213,0.478,0.269,7.57702576754625e-78,"EMC9"
2.31415987607794e-87,1.15144824235281,0.377,0.172,6.41461976050044e-83,"MCM4"
2.03964013365594e-82,1.14988079659843,0.425,0.215,5.65367848648091e-78,"R3HDM1"
9.48641237510466e-140,1.14904634060062,0.732,0.511,2.62953864625526e-135,"KIF22"
2.03096632852944e-54,1.14488827728067,0.302,0.151,5.62963556605075e-50,"CTPS1"
1.72302035025456e-158,1.14404402344717,0.825,0.599,4.77604010887061e-154,"PSMC3"
5.62813225064481e-129,1.14349405501344,0.795,0.583,1.56006197855624e-124,"EPHX1"
2.18076525434113e-71,1.14280751408339,0.323,0.148,6.04486320850818e-67,"SSX2IP"
2.13089200349439e-144,1.14192272676877,0.737,0.522,5.90661954448609e-140,"SMC3"
1.65838380929976e-57,1.1411800218804,0.488,0.333,4.59687408099801e-53,"PXMP4"
3.19869719170191e-88,1.13547881734542,0.512,0.292,8.86646874567852e-84,"SMC6"
1.67806257146781e-45,1.12664854331229,0.265,0.135,4.65142164185162e-41,"ZNF738"
3.75339327692825e-88,1.11746535902601,0.486,0.266,1.04040308243174e-83,"RBBP8"
7.35123015836446e-106,1.11741690676582,0.631,0.401,2.03768748759705e-101,"ZNF106"
1.05402275502993e-137,1.11584328096848,0.642,0.347,2.92164567466746e-133,"CBR3"
3.67143976238728e-104,1.11400119692024,0.671,0.453,1.01768638773613e-99,"EBP"
1.06198634702743e-46,1.10690801743186,0.276,0.141,2.94371995532534e-42,"COQ3"
4.37014773570169e-167,1.1054186161935,0.799,0.578,1.21136125085915e-162,"TOMM40"
2.22885056200743e-159,1.10539074346091,0.85,0.692,6.17815087282839e-155,"CALM3"
5.28249679135241e-128,1.1053419856066,0.785,0.639,1.46425528559497e-123,"RAD21"
3.35619684154928e-121,1.10479275897223,0.711,0.461,9.30304202509046e-117,"TPGS2"
1.55250572512442e-152,1.10437538280122,0.814,0.579,4.30339061947239e-148,"ETFA"
1.47094245003415e-74,1.1018664281577,0.351,0.161,4.07730537724965e-70,"TRIM29"
9.74030454760782e-82,1.09629586557419,0.578,0.375,2.69991501755141e-77,"C14orf142"
1.07002133343324e-91,1.09454782845673,0.506,0.276,2.96599213414359e-87,"PRADC1"
8.24452351462562e-48,1.09084423333826,0.301,0.158,2.28529947301908e-43,"GTPBP8"
3.28117607757669e-149,1.0889871363606,0.869,0.71,9.09509196943482e-145,"FDPS"
3.41840814191953e-59,1.08880012630303,0.4,0.225,9.47548552858676e-55,"CASP8AP2"
3.32791659011379e-49,1.08646669033354,0.273,0.134,9.2246519961364e-45,"SLC36A4"
3.26461924498189e-61,1.0846532927059,0.286,0.129,9.0491980851653e-57,"PADI2"
1.02993167929665e-182,1.08055962324961,0.873,0.708,2.85486762184239e-178,"PPM1G"
9.73129975611685e-100,1.07872655125668,0.634,0.4,2.69741897939803e-95,"MESP1"
4.85240406956072e-92,1.07853699610417,0.484,0.259,1.34503788404153e-87,"PEG10"
8.95663320660808e-45,1.07783495160948,0.261,0.131,2.48268915853969e-40,"CCDC85C"
1.12303630834223e-57,1.07632856527222,0.387,0.219,3.11294434309383e-53,"PDLIM7"
1.72242386783902e-60,1.07428444798131,0.361,0.19,4.77438671926299e-56,"FTO"
1.71805119249226e-111,1.07411997198843,0.661,0.436,4.7622661004693e-107,"SUPT16H"
1.44916153058705e-69,1.06849758297935,0.423,0.23,4.01693084663424e-65,"CCM2"
1.99081106758416e-25,1.06795445306163,0.617,0.528,5.51832919823654e-21,"HIST1H1C"
9.36021540214811e-70,1.06691399671172,0.717,0.616,2.59455810732143e-65,"SEPP1"
1.04281051775627e-98,1.06531259158888,0.795,0.636,2.89056647416862e-94,"C14orf1"
8.68310849795829e-250,1.06476078983942,0.968,0.863,2.40687084454906e-245,"PKM"
4.15009678606844e-80,1.06139748621543,0.49,0.277,1.15036532813031e-75,"C12orf75"
2.49879618089828e-68,1.05691134119004,0.344,0.164,6.92641313383193e-64,"RP11-111M22.3"
1.53555679190103e-66,1.05610679130497,0.471,0.281,4.25640987147046e-62,"PPP5C"
1.67848107267231e-43,1.05437098334441,0.255,0.129,4.65258168534038e-39,"CCHCR1"
6.24051571637096e-68,1.05090138774338,0.509,0.316,1.72980855142087e-63,"ICMT"
2.03916877676214e-78,1.04942361381542,0.434,0.227,5.65237193230697e-74,"TOPBP1"
1.68424167215576e-70,1.04864555381889,0.463,0.271,4.66854949104854e-66,"TFDP1"
8.70107686859298e-21,1.04800935321074,0.425,0.301,2.41185149720529e-16,"IGHG1"
5.47063783278942e-80,1.04114158740205,0.588,0.391,1.5164061008709e-75,"SMC1A"
8.21985082803635e-97,1.03698777328912,0.648,0.442,2.27846045102339e-92,"GLRX5"
8.93675331836914e-123,1.02887890066844,0.775,0.568,2.47717865231874e-118,"HNRNPUL1"
7.73694017107714e-73,1.02823259746426,0.473,0.27,2.14460244602087e-68,"DTX2"
3.24485269357448e-56,1.02724886342284,0.392,0.22,8.99440718131911e-52,"ARMC6"
1.89977669855408e-99,1.02589304748458,0.643,0.411,5.26599103072206e-95,"PPIH"
3.39123491096822e-38,1.02579234901,0.275,0.152,9.40016404971282e-34,"SLC25A19"
7.03290011181385e-100,1.02321695078347,0.699,0.481,1.94944958199368e-95,"SLC25A33"
7.65963425418394e-37,1.02313089175871,0.251,0.135,2.12317401891725e-32,"SOGA1"
8.21888399086519e-52,1.02250126582325,0.317,0.166,2.27819245342792e-47,"SASS6"
9.00910543744803e-104,1.02085729132375,0.394,0.164,2.49723393620622e-99,"EGFR"
1.01709528119032e-51,1.01869032945896,0.524,0.363,2.81928640993146e-47,"CEP57"
5.31631928519568e-199,1.01573161353604,0.926,0.856,1.47363054266339e-194,"NUCKS1"
2.8474205628238e-91,1.01127635023064,0.585,0.358,7.89276505809129e-87,"G6PD"
7.05937044248678e-96,1.01018307643151,0.836,0.73,1.95678689295291e-91,"HMG20B"
1.50215103310264e-36,1.00943338054049,0.306,0.179,4.1638124486572e-32,"SHMT1"
2.2151809972734e-87,1.00624255612661,0.547,0.319,6.14026020634214e-83,"SMYD2"
2.82210411512281e-78,1.00618055970524,0.636,0.47,7.82259039670891e-74,"BCL7C"
3.33281352398952e-19,1.00561348289387,0.372,0.294,9.23822580714654e-15,"CKLF"
5.89106431787857e-58,1.00383666154597,0.487,0.308,1.63294411827276e-53,"RPA2"
2.00588777492518e-140,1.00237392203037,0.805,0.603,5.56012032331511e-136,"MRPL37"
8.72206157670044e-54,1.00216426532033,0.468,0.298,2.41766824844559e-49,"HAUS1"
2.94688475402887e-56,1.00214864542899,0.448,0.272,8.16846984969261e-52,"SH3GL1"
3.70467304585827e-57,1.00189172833922,0.324,0.163,1.02689832158145e-52,"FAF1"
4.12885582354582e-46,1.00108287261917,0.347,0.198,1.14447754572867e-41,"ATAD3A"
7.16345174402445e-63,1.00052452122685,0.422,0.237,1.98563718892614e-58,"NUDT15"
3.78713587094159e-35,1.0003160114073,0.268,0.152,1.0497561920663e-30,"FKBPL"
8.77919909599509e-89,0.998402371622243,0.687,0.494,2.43350619741888e-84,"SNRPA1"
4.81017746048531e-56,0.997140370728845,0.34,0.175,1.33333309027192e-51,"CHAMP1"
4.01715222941276e-31,0.996898607634053,0.252,0.145,1.11351442647092e-26,"CCDC82"
3.96473509916353e-217,0.996298924144623,0.932,0.852,1.09898492213714e-212,"SNRPG"
1.11176562350157e-76,0.996100173048222,0.582,0.369,3.08170313178399e-72,"SRRT"
5.33519488770547e-197,0.995248485056246,0.884,0.729,1.47886267092308e-192,"LSM2"
4.344361583013e-93,0.994800722187303,0.643,0.435,1.20421358719537e-88,"RDX"
1.0432139646075e-94,0.994577757494651,0.636,0.424,2.89168478849552e-90,"NGRN"
4.00414606526327e-104,0.993401853044217,0.317,0.113,1.10990924783033e-99,"IGLV1-40"
9.21764337981175e-121,0.992387383156065,0.746,0.55,2.55503856845002e-116,"SSRP1"
2.66839419104506e-65,0.989980716447807,0.481,0.292,7.3965218581578e-61,"RABL6"
4.00589266352242e-55,0.989271504758039,0.307,0.151,1.11039338740178e-50,"CDH3"
3.20395179760843e-45,0.988184972728391,0.278,0.143,8.88103398779081e-41,"PITPNC1"
4.37833544671604e-40,0.985688846170078,0.301,0.168,1.21363080247522e-35,"SNX7"
1.5344008366323e-224,0.984468964147267,0.937,0.864,4.25320567906107e-220,"AP2S1"
4.0605690009461e-77,0.983415278446666,0.544,0.33,1.12554912137225e-72,"ITGAE"
1.39495755521507e-215,0.983321154444857,0.903,0.768,3.86668284730065e-211,"SNRPD1"
5.01250062559525e-52,0.98053359393686,0.423,0.258,1.38941504840875e-47,"HIRIP3"
8.56266853124924e-68,0.976279310704399,0.387,0.199,2.37348609017698e-63,"SNHG10"
8.79671792991435e-47,0.975501276181968,0.347,0.196,2.43836224299296e-42,"MSH2"
7.80219547101335e-94,0.975430005352947,0.675,0.47,2.16269056261019e-89,"GMPS"
4.29831132972312e-93,0.973447025497925,0.665,0.435,1.19144891748595e-88,"PGD"
6.71181372727147e-73,0.972930886216293,0.468,0.264,1.86044764706238e-68,"DHTKD1"
3.41676186656901e-59,0.972779537249614,0.532,0.352,9.47092221794264e-55,"TUBG1"
3.40420400647081e-53,0.972164138930092,0.412,0.244,9.43611308553645e-49,"POLR2D"
3.2927145521535e-81,0.971750288699531,0.401,0.193,9.1270754671143e-77,"NMB"
1.48348497896077e-49,0.970241881452073,0.282,0.139,4.11207201318136e-45,"GFOD1"
3.71974359804965e-45,0.969289691352826,0.305,0.163,1.03107572794338e-40,"RNF145"
2.0318315333444e-39,0.967081828177502,0.288,0.158,5.63203382727735e-35,"SCRN1"
2.22014383975596e-20,0.966540327741155,0.253,0.166,6.15401670941955e-16,"RNF39"
5.37855991632366e-61,0.963038726805677,0.652,0.499,1.49088302320575e-56,"ID2"
2.37732566174098e-95,0.961837003916642,0.54,0.296,6.58970900177982e-91,"LINC00152"
1.65834365921058e-115,0.960743239435668,0.61,0.337,4.59676278896579e-111,"FAM3B"
1.64171933387247e-40,0.958128266376818,0.374,0.234,4.55068182156111e-36,"NUP37"
6.90306787673801e-85,0.955476596557632,0.643,0.429,1.91346138475301e-80,"KLHDC3"
6.89074562737128e-139,0.954254923062973,0.825,0.64,1.91004578045105e-134,"POLD2"
1.9887453223506e-49,0.953527145322305,0.264,0.127,5.51260315902364e-45,"PTK7"
3.1614729235002e-43,0.953308877784988,0.277,0.144,8.76328679665021e-39,"TINCR"
9.00168404028941e-60,0.952611734547561,0.382,0.202,2.49517679912782e-55,"EDN1"
4.36991225596138e-42,0.951865766593928,0.334,0.199,1.21129597822994e-37,"CYP2R1"
2.81703907478105e-42,0.950235261657675,0.321,0.181,7.80855061138558e-38,"MVK"
5.7068585157537e-87,0.95021089321296,0.546,0.306,1.58188411198177e-82,"SMCO4"
1.34621066156921e-38,0.950092930109602,0.338,0.202,3.7315613328037e-34,"DLST"
3.14583181141736e-235,0.94982374531059,0.941,0.846,8.71993119806777e-231,"HNRNPA3"
1.10746051998698e-192,0.948607381731,0.921,0.839,3.06976981535192e-188,"STRA13"
7.80922146305784e-37,0.946875300586096,0.356,0.226,2.164638097345e-32,"SLC25A10"
6.59839608701753e-199,0.946672506409067,0.926,0.817,1.82900941136039e-194,"GGCT"
1.02087902236774e-72,0.945695625943932,0.521,0.312,2.82977456210113e-68,"PAGR1"
2.00045723804408e-73,0.944790938705483,0.536,0.33,5.54506741813439e-69,"THOC3"
2.86449902162962e-76,0.942989515098176,0.575,0.369,7.94010483805514e-72,"HLTF"
4.86144986404521e-103,0.940146119099609,0.737,0.502,1.34754528781469e-98,"CD82"
5.0302079923387e-56,0.938897794184736,0.635,0.495,1.39432335339637e-51,"SLBP"
3.38603816877038e-156,0.938526853825803,0.906,0.768,9.38575920001461e-152,"RALY"
2.0142861168699e-47,0.937510629648054,0.34,0.191,5.58339968735167e-43,"NUP93"
5.69800021766051e-77,0.935697903499613,0.838,0.738,1.57942868033332e-72,"TUBB4B"
6.80441153497973e-54,0.93520487614863,0.42,0.245,1.88611483338103e-49,"FKBP14"
5.06875590634925e-59,0.931228313660729,0.496,0.311,1.40500844968095e-54,"MRPL46"
9.94692498694261e-198,0.930051931695862,0.956,0.817,2.75718813713062e-193,"ENO1"
4.16380807014664e-153,0.926451422930021,0.846,0.638,1.15416595896395e-148,"WASF2"
4.04205782810224e-39,0.925729345260035,0.304,0.172,1.12041800937166e-34,"KLHL23"
1.30082574622079e-52,0.925709278305994,0.441,0.277,3.60575888594942e-48,"RPS6KA5"
5.34855701909638e-124,0.92528432282677,0.802,0.627,1.48256652012333e-119,"MTHFD2"
3.60510271428173e-32,0.924906565982161,0.272,0.158,9.99298421371754e-28,"NT5C2"
8.84052725486299e-147,0.924350313763991,0.975,0.937,2.45050574977547e-142,"DBI"
3.23542261590169e-55,0.924001252014915,0.423,0.245,8.96826794901789e-51,"SPATA33"
2.35671600573487e-38,0.922809871330704,0.393,0.253,6.53258109629648e-34,"CD3EAP"
2.82424529159852e-81,0.922400764091247,0.724,0.569,7.82852552378194e-77,"TMEM106C"
9.98301068893429e-117,0.92223454809624,0.799,0.639,2.76719073286569e-112,"HP1BP3"
1.79146931805387e-92,0.916492006969541,0.654,0.422,4.96577380271353e-88,"GMDS"
4.25451984987798e-90,0.916132412059078,0.693,0.48,1.17931035718768e-85,"HTATSF1"
3.13421034443904e-50,0.915995141389628,0.256,0.118,8.68771765375058e-46,"DCBLD2"
3.26179801696888e-78,0.915550643304376,0.7,0.527,9.04137792323605e-74,"IDI1"
1.16988147951001e-57,0.915393924388955,0.564,0.383,3.24279447305379e-53,"DBN1"
7.22906569005915e-83,0.915341901334174,0.636,0.437,2.0038247186275e-78,"MAPK13"
2.55572711223265e-203,0.914628252390264,0.912,0.833,7.08421998239768e-199,"LSM4"
9.66129883100988e-108,0.914049552616179,0.791,0.639,2.67801542296763e-103,"FAM96A"
2.08935664893573e-43,0.912811066361391,0.3,0.161,5.79148769518494e-39,"BRF1"
1.03987593991227e-70,0.912356331566278,0.595,0.397,2.88243211784283e-66,"ADK"
3.13638295952547e-44,0.910315909886133,0.429,0.273,8.69373992550865e-40,"LMF2"
2.7069252739059e-76,0.909634725898836,0.547,0.329,7.50332616673977e-72,"RRP1B"
1.5474682069091e-89,0.909632973440452,0.718,0.524,4.28942712273132e-85,"RPS6KB2"
3.23640921578983e-63,0.909282705411853,0.37,0.189,8.97100270524784e-59,"UACA"
7.69506960349608e-39,0.909275070454771,0.322,0.188,2.13299634339308e-34,"CPSF4"
8.80610521796169e-108,0.908286368066637,0.839,0.715,2.4409643053668e-103,"PLP2"
4.61604294217762e-51,0.907371270746565,0.288,0.142,1.27952094314222e-46,"HMGN5"
8.81545669946958e-14,0.907290296870069,0.337,0.272,2.44355644252597e-09,"FABP5"
2.57903632852493e-49,0.905612279638438,0.501,0.34,7.14883079903825e-45,"CYB561A3"
1.3701099229195e-57,0.905275454005452,0.367,0.197,3.79780769534056e-53,"SAMD1"
3.54301021714739e-96,0.903986116149389,0.708,0.481,9.82087002091086e-92,"CBX1"
7.64621999113334e-110,0.903465165523367,0.749,0.508,2.11945571934225e-105,"CTNNBIP1"
5.06695458499139e-66,0.903396303192356,0.535,0.346,1.40450914141376e-61,"NTAN1"
8.01037196185542e-92,0.901958098013713,0.706,0.488,2.2203950041067e-87,"STIP1"
5.07501957587413e-68,0.901035423104858,0.562,0.361,1.40674467623655e-63,"AKT1"
3.48104248204946e-75,0.898061809945591,0.58,0.369,9.6491016559929e-71,"RNASEH1"
8.51100001264297e-88,0.897510658851832,0.664,0.443,2.3591640935045e-83,"PITHD1"
1.30115869430302e-116,0.896664916183536,0.768,0.565,3.60668178473855e-112,"DNAJC8"
4.43664619334196e-27,0.896537956161867,0.281,0.173,1.22979395833246e-22,"TTLL5"
1.38005631599204e-59,0.896508411538552,0.54,0.367,3.82537810229832e-55,"PKP4"
3.47043848996071e-99,0.896079407722364,0.832,0.682,9.6197084503221e-95,"CDK2AP2"
9.04307294586599e-87,0.895464297565482,0.604,0.375,2.50664938986459e-82,"HPCAL1"
7.00388134071008e-38,0.894794908904654,0.336,0.201,1.94140586883143e-33,"STYX"
2.14131476862643e-53,0.893732317719958,0.465,0.284,5.9355104071556e-49,"TRNAU1AP"
4.14563673464811e-50,0.893721413763282,0.418,0.247,1.14912904647711e-45,"LUZP1"
4.70604835049233e-72,0.892244508867408,0.508,0.298,1.30446954227297e-67,"UPF3B"
9.54874345887128e-72,0.891886195710245,0.517,0.309,2.64681619936453e-67,"ASF1A"
1.11644810559911e-86,0.889182403821607,0.696,0.5,3.09468250391018e-82,"PSMD14"
3.99681537908629e-46,0.886675280697171,0.486,0.33,1.10787725492893e-41,"F12"
4.65526240906176e-52,0.886427787449308,0.4,0.229,1.29039218716783e-47,"SMAD1"
3.50619254406677e-108,0.885902644344321,0.766,0.553,9.71881511289867e-104,"DYNC1H1"
2.36067885042136e-200,0.885722805762902,0.977,0.857,6.54356570548298e-196,"YBX1"
5.93057799530373e-76,0.885596512950948,0.608,0.411,1.64389691451824e-71,"DESI2"
4.94834246716659e-57,0.885510914885483,0.419,0.239,1.37163104847391e-52,"RAP2B"
1.95120328007589e-55,0.882628056244709,0.394,0.22,5.40854037204235e-51,"UBXN11"
1.54244119018683e-44,0.880354420411483,0.369,0.217,4.27549273507887e-40,"UBAC1"
5.93471970187731e-67,0.879852836065995,0.621,0.458,1.64504495416337e-62,"COMMD4"
2.54491567890676e-56,0.878851831556546,0.595,0.418,7.05425177036165e-52,"ATF5"
1.6552308299833e-62,0.878564925460021,0.532,0.339,4.58813433763071e-58,"ILKAP"
7.48613421605428e-29,0.878352770332713,0.263,0.155,2.07508154334809e-24,"LCLAT1"
1.16150666884005e-60,0.877450632253079,0.559,0.362,3.21958033535772e-56,"PRRC2A"
7.33031324128696e-37,0.874753973724474,0.287,0.161,2.03188952735233e-32,"ARRB2"
4.51028327910566e-53,0.873398926239265,0.377,0.204,1.2502054221353e-48,"MIR4435-2HG"
1.50443870453292e-26,0.872602886980088,0.336,0.224,4.17015364509481e-22,"MSH6"
5.90046498448571e-123,0.870942940619194,0.823,0.662,1.63554988904959e-118,"ILF3"
1.20543855469881e-60,0.869508382125675,0.525,0.342,3.34135512976963e-56,"NFATC2IP"
1.08833985990119e-29,0.869297695608587,0.251,0.141,3.01676925766011e-25,"ORAI1"
3.05052977459333e-63,0.867865765653328,0.533,0.33,8.45576348219525e-59,"CCNK"
2.0027729899931e-69,0.866904807227754,0.607,0.412,5.55148645096188e-65,"RSRC1"
6.23287606292224e-81,0.866725249258974,0.649,0.429,1.72769091588142e-76,"ODF2L"
5.78409736094234e-85,0.865060851019246,0.614,0.386,1.60329394747961e-80,"AK4"
1.10907665263804e-27,0.863703242169894,0.296,0.187,3.07424957344739e-23,"EED"
2.96524486603855e-143,0.863126664488937,0.899,0.741,8.21936224417224e-139,"SNRPC"
3.10903429807273e-91,0.862691853850038,0.707,0.5,8.61793217082781e-87,"PHF5A"
4.09426489946722e-73,0.862173944841234,0.655,0.462,1.13488928748332e-68,"CDK16"
4.52708401872434e-197,0.861602048838417,0.92,0.815,1.2548624191502e-192,"SNRPB"
5.42302760840607e-80,0.861540045090823,0.703,0.493,1.50320902277408e-75,"UCP2"
8.06811569127056e-55,0.860082678223844,0.459,0.279,2.23640098846329e-50,"PHACTR4"
1.78307372265351e-63,0.859244259308328,0.566,0.372,4.94250205182325e-59,"ABT1"
3.65033976553872e-83,0.858515943465497,0.563,0.331,1.01183767960968e-78,"ADPRHL2"
2.47208015049333e-67,0.858137087625611,0.556,0.353,6.85235896915247e-63,"SEPHS2"
1.20478885016017e-59,0.857736570500886,0.58,0.39,3.33955421375898e-55,"CEBPG"
9.88616797329737e-34,0.856770427877616,0.273,0.154,2.7403469005183e-29,"MICA"
3.58474595943545e-125,0.856528314709224,0.394,0.147,9.93655732495913e-121,"IGKV3-11"
1.33449845155862e-113,0.856075990571637,0.838,0.696,3.69909625787535e-109,"HMGA1"
2.37229456880829e-105,0.854684053637197,0.754,0.559,6.57576331527969e-101,"BOLA3"
7.604836597209e-46,0.85409193135551,0.527,0.365,2.10798465638036e-41,"SIGMAR1"
9.79259338508097e-67,0.85348794840927,0.588,0.396,2.71440896041059e-62,"ADSL"
7.2617417194783e-29,0.852850243840836,0.311,0.196,2.01288218722219e-24,"NUP85"
1.8199264583021e-63,0.852734002341209,0.591,0.398,5.0446541497676e-59,"CKAP4"
1.42151248528701e-98,0.851937543470519,0.784,0.625,3.94029045796706e-94,"YY1"
3.10263004271319e-210,0.851350828069472,0.959,0.903,8.60018021539668e-206,"SLC25A5"
7.15926035026938e-70,0.850751404978889,0.634,0.455,1.98447537649117e-65,"TFAM"
7.74487952531073e-52,0.850481446033352,0.505,0.335,2.14680315562088e-47,"RAD1"
4.96039581320939e-61,0.849615983024948,0.519,0.324,1.37497211546351e-56,"C1orf198"
3.51273094089393e-42,0.849266583804416,0.397,0.245,9.73693889506387e-38,"AP1M1"
2.46081816312829e-39,0.84733414389608,0.296,0.163,6.82114186637531e-35,"EEFSEC"
1.26835331237839e-159,0.846704379618421,0.914,0.817,3.51574854658166e-155,"EIF5"
2.63125596161904e-58,0.844766574276793,0.552,0.369,7.2935784000118e-54,"SF3A3"
4.10038474333611e-37,0.843339971985557,0.352,0.212,1.13658564700534e-32,"ODC1"
1.22860856997333e-44,0.842797154168092,0.471,0.314,3.40558009510908e-40,"TBC1D7"
9.8045824945528e-70,0.84256496265852,0.645,0.463,2.71773222166509e-65,"DKC1"
1.01413365982141e-47,0.841604962909648,0.372,0.211,2.81107709165895e-43,"TRIOBP"
8.81110358109812e-90,0.841593429829848,0.703,0.501,2.44234980164459e-85,"GLRX3"
1.25296510280256e-100,0.84106938123299,0.869,0.747,3.47309396845843e-96,"AKR1A1"
6.09540074661458e-58,0.84044333151286,0.558,0.374,1.68958413295409e-53,"PSMG1"
1.17872766891405e-234,0.839060402541229,0.964,0.907,3.26731522546286e-230,"COX5A"
6.69375218765739e-58,0.838405016933902,0.475,0.289,1.85544116889675e-53,"PDE6D"
4.83263211181775e-43,0.838139318864207,0.364,0.216,1.33955729507476e-38,"RRP36"
3.06172836357747e-28,0.837961482469377,0.322,0.208,8.4868048510004e-24,"ACOT9"
3.62574123274603e-60,0.837300479885141,0.516,0.332,1.00501921230487e-55,"ACAA2"
2.06333263705629e-65,0.83709908053121,0.518,0.312,5.71935173665632e-61,"ABLIM1"
7.25871277296982e-48,0.836921322422392,0.463,0.295,2.0120425935395e-43,"UBL4A"
5.56904011260646e-190,0.836421228560799,0.935,0.849,1.54368222881338e-185,"C19orf43"
3.30061571754301e-180,0.835554098252095,0.913,0.805,9.14897670745747e-176,"PPP1CA"
1.74527011366599e-34,0.834951030893294,0.352,0.221,4.83771422807076e-30,"PPIL1"
1.08428579874874e-87,0.832228498723751,0.844,0.748,3.00553180555165e-83,"NFIC"
3.64915037575048e-226,0.830009343887513,0.961,0.878,1.01150799265428e-221,"RAN"
4.42937118949541e-102,0.829904148578074,0.875,0.751,1.22777740001623e-97,"ILF2"
1.57034007472347e-53,0.829238755939517,0.474,0.293,4.35282565312598e-49,"ECE2"
1.54965867383982e-32,0.827807677712477,0.25,0.139,4.2954988780166e-28,"ZBTB7C"
6.1964935234975e-32,0.827645550443841,0.261,0.147,1.71760603977827e-27,"ME1"
2.55799485121615e-61,0.825895970014392,0.432,0.245,7.09050592808606e-57,"PLIN2"
1.28258682261687e-58,0.825459535213358,0.414,0.227,3.55520241361169e-54,"LINC01315"
4.56114535847946e-67,0.824705409195628,0.623,0.427,1.26430388191692e-62,"ZBTB8OS"
4.01312679944337e-29,0.823603446791558,0.254,0.146,1.11239861753771e-24,"NUP35"
2.3694422952906e-75,0.823343376275904,0.616,0.405,6.56785709831602e-71,"TJP1"
4.43519827689255e-29,0.82285600319582,0.283,0.171,1.22939261037185e-24,"KAZN"
4.71310248867391e-45,0.822269510053183,0.392,0.23,1.30642487883552e-40,"PDE4B"
4.12708068346989e-33,0.822268444411871,0.255,0.141,1.14398549465102e-28,"NPAT"
3.04925055244641e-42,0.821641237123855,0.451,0.293,8.45221760632621e-38,"TCEB3"
2.63478361209983e-59,0.820730756404409,0.684,0.516,7.30335669437952e-55,"GSN"
9.74092254910117e-61,0.820657371997071,0.594,0.418,2.70008632138535e-56,"SNRNP40"
5.06948490370874e-27,0.820016849491095,0.374,0.26,1.40521052045902e-22,"LYAR"
5.06981138935309e-81,0.819576588170187,0.622,0.397,1.40530101901478e-76,"EML4"
2.15144398787552e-82,0.819345607877365,0.729,0.538,5.96358758999215e-78,"SMARCB1"
4.08729913196347e-44,0.819276710073706,0.338,0.191,1.13295844638895e-39,"PRKRIR"
8.8039744463802e-113,0.819244346991395,0.859,0.683,2.44037367679213e-108,"CCT5"
2.74754024274366e-46,0.819186280359007,0.513,0.347,7.61590679886114e-42,"RAD51C"
5.9753918613954e-39,0.819120602550655,0.475,0.33,1.65631887006019e-34,"RNASEH2B"
7.94250301536496e-195,0.818117231703024,0.998,0.995,2.20158241082901e-190,"TMSB10"
3.74636810285914e-71,0.817762064832452,0.512,0.3,1.03845577443153e-66,"TFAP2B"
1.25834681106309e-42,0.817699410277473,0.453,0.296,3.48801152558578e-38,"DCPS"
1.70268665695728e-113,0.81730142572624,0.865,0.736,4.71967714441989e-109,"PSMB2"
9.47881083133026e-64,0.81610263110461,0.504,0.305,2.62743157433644e-59,"UCK2"
1.08023936604707e-36,0.8151567972772,0.411,0.269,2.99431549874588e-32,"FTSJ1"
3.41486405534048e-63,0.813485718642588,0.506,0.315,9.46566167499826e-59,"BRD7"
1.33713225236417e-59,0.813204290688451,0.604,0.426,3.70639689032823e-55,"RNF126"
1.88257551654052e-63,0.812331194200804,0.56,0.369,5.21831107429867e-59,"VMA21"
7.89170644422076e-42,0.81219363443972,0.299,0.162,2.18750210927355e-37,"MAP4K4"
7.03159052332024e-49,0.812099136204109,0.527,0.359,1.94908657715914e-44,"UTP11L"
3.09336203659421e-58,0.811750441761257,0.626,0.46,8.57449022923548e-54,"UBN1"
4.48887217279202e-46,0.811537072583665,0.401,0.24,1.24427047757622e-41,"WDFY2"
9.5223924467159e-85,0.811435185492335,0.752,0.557,2.63951196230518e-80,"MCUR1"
1.37336258024558e-39,0.811155283134158,0.269,0.142,3.80682373618274e-35,"ITPR3"
2.54831940629502e-30,0.810667177428917,0.301,0.18,7.06368656230917e-26,"RCAN1"
1.94442362328632e-57,0.810043547037303,0.38,0.203,5.38974784138735e-53,"DUSP22"
5.57376967845313e-37,0.810002234469116,0.335,0.202,1.54499321717042e-32,"XRCC1"
8.01864269886033e-100,0.809557383766251,0.712,0.451,2.22268756969709e-95,"MARCKS"
6.78000286778044e-94,0.809520933030775,0.719,0.519,1.87934899492006e-89,"NUDT21"
9.4295880721971e-44,0.809319381558495,0.415,0.259,2.61378751773231e-39,"CRTC3"
3.99613108376816e-56,0.80905866406293,0.607,0.436,1.1076875751097e-51,"EIF2S1"
4.9028845211757e-82,0.80876136246322,0.708,0.521,1.35903056042469e-77,"NUDT14"
2.66101200198251e-43,0.808725725038994,0.367,0.214,7.37605916829532e-39,"SEPHS1"
2.83187327359859e-43,0.805121633900831,0.325,0.179,7.84966952708794e-39,"FBLN1"
2.13166935266425e-93,0.805067758973284,0.749,0.569,5.90877427865003e-89,"POLE4"
2.04949918824687e-73,0.802206534107152,0.687,0.483,5.6810067999015e-69,"SNRPA"
5.27048112836818e-139,0.801974644996614,0.884,0.746,1.46092466397238e-134,"SLIRP"
8.34626559633867e-35,0.800785539625234,0.317,0.189,2.31350136064912e-30,"DDB2"
1.3501940520109e-62,0.799520934699418,0.614,0.438,3.74260289276901e-58,"NUDT3"
1.03372719754171e-87,0.798653692801578,0.733,0.546,2.86538841886587e-83,"SRSF4"
3.23049772121075e-24,0.797882022370522,0.259,0.159,8.95461663342409e-20,"IKBKG"
1.18542761388107e-33,0.797571441713495,0.278,0.16,3.28588680291694e-29,"OAZ3"
1.13537146002021e-123,0.796148796198074,0.835,0.67,3.14713615003003e-119,"RBM17"
1.34521954593846e-33,0.795950064564819,0.464,0.327,3.72881405938683e-29,"RP11-12G12.7"
3.10721822525723e-55,0.795687749150262,0.493,0.315,8.61289819859052e-51,"CBX5"
9.82821261465082e-49,0.793566353478556,0.453,0.279,2.72428225465506e-44,"DTNB"
2.6039450831772e-68,0.793449806718962,0.515,0.304,7.21787537605888e-64,"CLIC4"
5.16525019320654e-34,0.792748293536206,0.271,0.151,1.43175570105492e-29,"SPECC1"
2.5591094044258e-32,0.792505563026807,0.306,0.183,7.09359535812788e-28,"EMSY"
3.97296774591276e-53,0.791765005625226,0.459,0.276,1.10126692948956e-48,"INF2"
9.90870642540115e-48,0.790991130912604,0.464,0.298,2.74659433405695e-43,"HMCES"
5.41377885224851e-65,0.790206616290207,0.716,0.558,1.50064536005476e-60,"PLEKHJ1"
2.55453911617556e-30,0.789664564293891,0.266,0.154,7.08092697612702e-26,"MGAT4B"
1.61634675727785e-52,0.789449675877725,0.485,0.301,4.48035157649847e-48,"HSPA14"
8.73402874388837e-63,0.789394066868348,0.589,0.405,2.42098542751842e-58,"DAZAP1"
9.41551678208769e-31,0.78804031973593,0.304,0.184,2.60988709682689e-26,"KRI1"
1.15821092588346e-26,0.787331656460316,0.296,0.187,3.21044486545637e-22,"THAP11"
2.99012369772334e-175,0.787128066480946,0.925,0.822,8.28832387771932e-171,"CCT6A"
5.46758284236947e-33,0.785562083285986,0.304,0.18,1.51555928807639e-28,"LRRC57"
8.04898638333719e-26,0.785247753991892,0.289,0.182,2.23109853559724e-21,"AP1S2"
1.78497271155341e-66,0.784733251120177,0.686,0.535,4.94776585915489e-62,"BAZ1B"
1.59827306969509e-172,0.784417205104804,0.939,0.839,4.43025312188783e-168,"SERBP1"
4.95717039703426e-23,0.78280562727326,0.288,0.188,1.37407806235393e-18,"PIR"
1.77835532976221e-65,0.782391273598404,0.645,0.459,4.92942313856788e-61,"ITGB1BP1"
1.68456636994403e-50,0.781043953392177,0.55,0.387,4.66944952084786e-46,"FAM192A"
1.49804160715953e-31,0.78087610222431,0.492,0.369,4.1524215308855e-27,"TSEN54"
5.0534519934414e-46,0.780647174862387,0.366,0.208,1.40076635806202e-41,"STEAP3"
1.47277379014457e-30,0.780560545833491,0.439,0.311,4.08238166890173e-26,"CSE1L"
6.13921677363684e-51,0.779464000214965,0.497,0.314,1.7017294974844e-46,"NCOA7"
3.08048054534813e-110,0.778894149469645,0.827,0.594,8.53878402365049e-106,"NGFRAP1"
2.80150325592497e-49,0.77687418314228,0.568,0.401,7.76548687509843e-45,"ACOT13"
4.66580553816353e-55,0.776547440276577,0.442,0.256,1.29331463712355e-50,"FLNA"
1.704440418023e-30,0.776086491048467,0.274,0.159,4.72453839471796e-26,"GTF2A1"
3.11341406759351e-126,0.775495771666255,0.85,0.74,8.63007245396246e-122,"ANP32B"
4.56430495794559e-39,0.774985657468479,0.524,0.394,1.26517969129294e-34,"TMC5"
1.39284454861345e-82,0.774509100631641,0.745,0.601,3.86082580430162e-78,"FKBP3"
9.67478974351842e-40,0.774401986337248,0.263,0.138,2.68175496900587e-35,"RAB38"
6.06439769503997e-27,0.774262623923063,0.39,0.27,1.68099039708813e-22,"ATG4D"
1.50386569370095e-56,0.774051080800368,0.55,0.366,4.16856531636966e-52,"CCSER2"
7.18053299695748e-57,0.773830676705852,0.564,0.388,1.99037194142664e-52,"CNN2"
2.04795173614117e-194,0.773763888453306,0.974,0.883,5.67671741740972e-190,"ANXA2"
1.87025753777514e-38,0.773543335155366,0.348,0.209,5.18416686895891e-34,"PITX1"
4.62550619539542e-38,0.772811568608205,0.377,0.235,1.28214406230166e-33,"FAM58A"
3.56299303094218e-80,0.772687316687281,0.765,0.645,9.87626038246863e-76,"RPA3"
1.73232550693745e-40,0.77134397899209,0.421,0.27,4.80183307267993e-36,"CDC34"
9.18874941633154e-65,0.769669289130832,0.694,0.531,2.54702945071294e-60,"PABPN1"
1.6764757300276e-71,0.769234108324898,0.396,0.193,4.64702307606352e-67,"KCNK1"
1.13502577845817e-36,0.76910199280639,0.413,0.268,3.14617795530821e-32,"KDF1"
6.58921789712781e-69,0.768886414319677,0.661,0.453,1.82646530890486e-64,"HYI"
7.46190046863782e-28,0.767535445918657,0.274,0.167,2.06836419090172e-23,"ACSL1"
3.4393114373367e-62,0.767219437768973,0.651,0.47,9.53342737315359e-58,"PEF1"
3.91975237607644e-37,0.765669034888396,0.339,0.202,1.08651616112463e-32,"IRAK1"
1.18734444424959e-94,0.765666768894278,0.8,0.657,3.29120006501544e-90,"PIN1"
4.86235705676948e-40,0.764559379856667,0.424,0.274,1.34779675256593e-35,"SORBS3"
5.52512608308246e-38,0.764217288946778,0.345,0.203,1.53150969896963e-33,"FERMT2"
1.14796938871865e-47,0.762568016243797,0.417,0.252,3.18205634858923e-43,"CNFN"
1.93747865701303e-105,0.762139978573144,0.858,0.723,5.37049708937442e-101,"MRPS15"
1.23237755585094e-102,0.761019984884559,0.822,0.635,3.41602734706321e-98,"EIF4EBP1"
5.20823080298721e-35,0.758377128771953,0.277,0.154,1.44366949628002e-30,"CORO1C"
7.96059552721842e-73,0.758167582633842,0.711,0.535,2.20659747418967e-68,"NUDT5"
1.31663806587255e-41,0.756336789310835,0.412,0.261,3.64958905479212e-37,"IPO9"
3.70856592691383e-37,0.755521504735368,0.352,0.213,1.02797738928125e-32,"STAG1"
1.16164026740027e-58,0.755000380273449,0.579,0.392,3.21995065720682e-54,"PACSIN3"
1.05246646204463e-29,0.754185924797965,0.391,0.264,2.9173317861415e-25,"CAMK2G"
8.84913677451592e-82,0.753065542058192,0.749,0.535,2.45289222252807e-77,"PFN2"
5.35455626645983e-35,0.752997053008539,0.405,0.27,1.4842294515e-30,"ABHD17A"
2.13281015474469e-54,0.750657270660481,0.468,0.278,5.91193646793682e-50,"PAQR4"
2.34953659812881e-70,0.750540634791578,0.692,0.519,6.51268049635324e-66,"PFKL"
6.3753247480967e-28,0.750303247508196,0.273,0.164,1.76717626692493e-23,"MDFI"
1.38302536048184e-26,0.750260332117139,0.306,0.197,3.83360799671961e-22,"E2F4"
1.54068782234142e-32,0.750196378021604,0.383,0.25,4.27063257474819e-28,"RP11-1094M14.11"
2.87436085147267e-59,0.749608590186139,0.484,0.286,7.9674408441971e-55,"USB1"
1.27518913295078e-71,0.749586488696393,0.692,0.521,3.53469675762626e-67,"FAM136A"
9.50542328374924e-78,0.749358462937591,0.903,0.85,2.63480828002245e-73,"CRIP2"
1.24111809759359e-63,0.748095400009661,0.653,0.467,3.44025525471966e-59,"UCHL3"
3.06087862397414e-51,0.747969920362677,0.518,0.342,8.48444945779392e-47,"COQ9"
1.6065333702432e-70,0.747836961181217,0.709,0.542,4.45314984897713e-66,"ATG3"
1.27578704063453e-94,0.747732069176657,0.861,0.741,3.53635409793487e-90,"PGAM1"
7.3903773034394e-96,0.746818412665417,0.945,0.894,2.04853868474037e-91,"PRELID1"
1.25506444385323e-26,0.74631076739154,0.276,0.166,3.47891313191677e-22,"MPZL2"
3.9155542046497e-47,0.746286364729509,0.507,0.338,1.08535246998685e-42,"EIF4EBP2"
7.7078928693942e-43,0.746149401432445,0.408,0.249,2.13655082446738e-38,"ZCCHC11"
3.51698300362943e-44,0.74605125421737,0.454,0.29,9.74872518776042e-40,"HERC2"
2.11797828462744e-35,0.744553427888357,0.379,0.236,5.87082400715879e-31,"STK17A"
4.64197586390605e-34,0.744247953255186,0.268,0.148,1.28670928971612e-29,"DLEU1"
1.27291343717886e-65,0.744145758460085,0.709,0.549,3.52838875651608e-61,"PPP1R7"
5.50871044048959e-142,0.744111354211484,0.894,0.776,1.52695944699931e-137,"AP2M1"
3.93068735149213e-22,0.743204727154452,0.251,0.156,1.0895472269601e-17,"COA7"
5.43454871535707e-148,0.742909503743669,0.902,0.771,1.50640255840983e-143,"MTCH1"
4.16098215845596e-128,0.742485685949098,0.884,0.808,1.15338264450241e-123,"LSM5"
1.22260774756332e-33,0.742305143554322,0.542,0.41,3.38894641547078e-29,"HADH"
1.55981940297503e-31,0.741090875779347,0.349,0.221,4.32366340310649e-27,"TRIM26"
9.39710769256756e-69,0.741061787449868,0.685,0.524,2.6047842813028e-64,"UFD1L"
1.05687883366696e-76,0.740888777506065,0.735,0.58,2.92956243904146e-72,"TPRKB"
4.47604463804349e-45,0.740494549588934,0.411,0.249,1.24071481321928e-40,"TFRC"
1.11217736493188e-28,0.740353846521637,0.475,0.352,3.08284443785469e-24,"ALDH7A1"
1.08500920278561e-76,0.739424671848343,0.795,0.652,3.00753700920144e-72,"EMD"
1.36818173597796e-19,0.738601704347612,0.282,0.187,3.79246295395732e-15,"HIST1H2BK"
3.52921288934433e-38,0.738563362133359,0.326,0.187,9.78262520797354e-34,"PACS2"
3.22351199677752e-58,0.736753334137874,0.738,0.582,8.93525290386761e-54,"GPI"
1.55019677627877e-28,0.736296072021068,0.26,0.151,4.29699044416713e-24,"USP28"
1.76063998984063e-83,0.735568538861488,0.812,0.705,4.88031798783925e-79,"SRSF10"
6.17570772929708e-82,0.734504347616976,0.826,0.704,1.71184442548386e-77,"MRPS16"
2.075865317301e-34,0.733745069804754,0.367,0.229,5.75409107302664e-30,"WDR5"
1.09193766634216e-30,0.733548590562343,0.333,0.206,3.02674201733385e-26,"TRIM69"
1.99267114684835e-56,0.733434411816119,0.503,0.341,5.52348515194894e-52,"APOD"
4.49773024329683e-33,0.733267466155473,0.335,0.205,1.24672584613945e-28,"DGKZ"
1.44126555279813e-26,0.733104764530464,0.276,0.17,3.99504398580114e-22,"FOXP4"
1.23326751877589e-34,0.732882449601584,0.405,0.268,3.41849423529489e-30,"KHSRP"
4.71329289673656e-39,0.732559771566166,0.468,0.319,1.30647765804641e-34,"CFAP20"
4.62839862569619e-18,0.73240981726978,0.31,0.222,1.28294581505673e-13,"NIF3L1"
6.91476896428837e-34,0.731706290184043,0.561,0.437,1.91670480921109e-29,"NABP2"
3.81330516741145e-20,0.731553043724804,0.848,0.823,1.05701005935478e-15,"PFDN2"
5.74480932827487e-140,0.729841299724327,0.933,0.878,1.59240369770451e-135,"GNAS"
8.0210567807219e-134,0.72971788045955,0.918,0.824,2.2233567290483e-129,"SRSF3"
2.20547716255493e-31,0.728536028841158,0.436,0.3,6.11336214688601e-27,"NUP62"
7.4214879164897e-54,0.728345268058815,0.732,0.602,2.05716223557178e-49,"CDK4"
1.88938250545198e-28,0.727698652544911,0.361,0.237,5.23717936686234e-24,"NUP107"
8.07509694028427e-36,0.727565193046482,0.465,0.319,2.2383361208774e-31,"TXNRD1"
6.67378202254524e-25,0.727316237011889,0.488,0.38,1.84990563882932e-20,"TMEM57"
1.45863511536547e-122,0.72712651298049,0.866,0.735,4.04319067628154e-118,"SRRM1"
6.69764965058945e-39,0.726742317271351,0.373,0.227,1.85652150664689e-34,"DIAPH1"
9.12919975507311e-42,0.726705938893538,0.483,0.32,2.53052288010872e-37,"USP39"
5.58833085671285e-52,0.726249101795845,0.588,0.419,1.54902943017223e-47,"LIMS1"
5.91570758131471e-48,0.725502950317208,0.526,0.352,1.63977498446462e-43,"FN3KRP"
2.96438942267245e-213,0.725353938659584,0.991,0.989,8.21699104070578e-209,"CHCHD2"
3.42214697576935e-38,0.724767785945333,0.393,0.245,9.48584920213505e-34,"MGME1"
4.54109775753051e-82,0.724701900566613,0.797,0.636,1.25874688740988e-77,"LRRC59"
1.99910024805438e-110,0.724628757592616,0.887,0.794,5.54130597758194e-106,"PDCD5"
1.33761978202659e-89,0.724272777558362,0.861,0.719,3.70774827379951e-85,"POLR2E"
6.42091028681652e-179,0.724256182332534,0.965,0.924,1.77981212240267e-174,"NDUFS5"
2.54021978942561e-59,0.724053503169454,0.327,0.157,7.04123523430884e-55,"CCL28"
8.486440554207e-23,0.723515864733563,0.337,0.235,2.35235645722064e-18,"FANCL"
3.7935517584124e-54,0.72280740271327,0.624,0.453,1.05153461191433e-49,"COMMD2"
1.39321397484771e-32,0.721873076595228,0.349,0.219,3.86184981688038e-28,"YLPM1"
1.99656754178014e-25,0.721797500617206,0.294,0.185,5.53428556906038e-21,"TIPIN"
7.75911670949971e-36,0.72176719261603,0.46,0.317,2.15074956070622e-31,"MTF2"
4.78108402589599e-84,0.72147393661917,0.835,0.698,1.32526868113811e-79,"XRCC6"
1.14886857388963e-37,0.720914861079815,0.435,0.288,3.18454879996466e-33,"CIAPIN1"
2.46937438631256e-31,0.720832998039369,0.413,0.279,6.84485886141979e-27,"MPV17L2"
4.96875193332763e-38,0.719870662583912,0.505,0.361,1.37728834839908e-33,"CYB5B"
2.6452941064182e-38,0.719426291307886,0.529,0.382,7.3324907335806e-34,"GNL1"
3.6975037764958e-32,0.717773106283444,0.425,0.291,1.02491107180687e-27,"PANK2"
3.359079987206e-31,0.717624410137127,0.352,0.222,9.31103381653632e-27,"RQCD1"
4.18151172831749e-23,0.717049829910204,0.378,0.268,1.15907323597232e-18,"TACC2"
1.65348998835802e-63,0.716609018377762,0.658,0.477,4.58330889872959e-59,"SRPK1"
4.42067544515096e-76,0.715969494497634,0.762,0.615,1.22536702664139e-71,"MAGOH"
5.16634674657173e-37,0.715923564076023,0.417,0.272,1.43205965468222e-32,"FAIM"
6.79039474313693e-39,0.715475494920961,0.471,0.321,1.88222951885013e-34,"CHRAC1"
8.86375216895607e-49,0.71490879150891,0.499,0.324,2.45694346371293e-44,"NPM3"
1.58345763056044e-57,0.71463429150147,0.652,0.467,4.38918620615048e-53,"YIF1B"
5.33242967920096e-41,0.714095264410094,0.391,0.241,1.47809618277771e-36,"HIF1A"
5.9357047240958e-30,0.714012500185276,0.442,0.311,1.64531799247211e-25,"ZC3H14"
1.6676814757539e-23,0.713710606371292,0.387,0.277,4.62264628264225e-19,"GPR137"
2.74958847644715e-78,0.712434541879418,0.643,0.415,7.62158429786386e-74,"BACE2"
2.53220753416424e-44,0.710215707782833,0.469,0.302,7.01902606394987e-40,"RP9"
3.46716756606383e-33,0.709191034671051,0.46,0.317,9.61064177637234e-29,"TMEM55B"
1.41970251626821e-59,0.709169694974327,0.656,0.493,3.93527340484384e-55,"COA1"
7.95684963292088e-32,0.708087116574301,0.503,0.361,2.20555914974934e-27,"PLEKHA1"
1.44885773776294e-27,0.707646671014925,0.307,0.19,4.01608876330509e-23,"C6orf106"
9.71428190311696e-92,0.7073591988315,0.751,0.551,2.69270180072499e-87,"ATP1B3"
3.81033677937325e-19,0.707319005021826,0.501,0.42,1.05618725187447e-14,"PSMB9"
1.77296324051853e-23,0.707056686829076,0.261,0.162,4.91447680639332e-19,"MYO9B"
7.75494595201334e-38,0.706958447999418,0.47,0.33,2.14959346843858e-33,"FTSJ2"
5.2907419759478e-22,0.706347476861373,0.278,0.18,1.46654076831297e-17,"MYO19"
6.06306749585256e-49,0.7051122870769,0.505,0.327,1.68062167917537e-44,"SDHAF3"
3.21835676600361e-37,0.704665724676213,0.46,0.312,8.9209631196854e-33,"NMI"
1.20164718498374e-35,0.70385894067842,0.49,0.343,3.33084583205644e-31,"PMM1"
2.74865292053874e-167,0.702779363461487,0.941,0.84,7.61899103044132e-163,"ARPC2"
2.96644515398543e-42,0.701228467270927,0.415,0.255,8.22268932233222e-38,"CCDC109B"
4.07597382381228e-62,0.701019753155046,0.741,0.608,1.12981918422253e-57,"HNRNPH3"
2.76423484859694e-44,0.700971435709505,0.519,0.368,7.66218257682585e-40,"ATPAF1"
1.84189162126826e-45,0.700966674149779,0.554,0.396,5.10553938499348e-41,"ZNF511"
2.64507517599567e-46,0.70079660088979,0.265,0.128,7.33188388034239e-42,"GUCY1A3"
2.53384799732277e-61,0.700462516740559,0.725,0.609,7.02357326377898e-57,"HSPB11"
8.29798456592592e-28,0.699437964056947,0.315,0.198,2.30011834182901e-23,"CENPB"
4.66356595332196e-39,0.699216086661526,0.525,0.381,1.29269384660131e-34,"POLE3"
1.01816285772467e-206,0.699156168289385,0.995,0.988,2.82224562532702e-202,"PPIA"
1.74791899857737e-78,0.698754894841033,0.821,0.725,4.8450566721566e-74,"SUMO3"
3.50608399092396e-34,0.698139717841371,0.363,0.226,9.71851421444212e-30,"PMS1"
6.58575669176454e-53,0.698109203441048,0.773,0.655,1.82550589739021e-48,"TSTA3"
9.39313166157046e-42,0.697801013523604,0.558,0.395,2.60368216527072e-37,"TIMM23"
8.93172936341581e-50,0.69779768267797,0.352,0.187,2.47578606224523e-45,"PROM1"
6.61279548417229e-44,0.69777543563447,0.531,0.369,1.83300078025772e-39,"UBE2Q2"
7.63941840893003e-44,0.696324078558415,0.566,0.405,2.11757038877131e-39,"TAF11"
2.95499347865848e-26,0.695554676922039,0.4,0.277,8.19094642349343e-22,"ZFYVE19"
8.14344467922782e-34,0.695393070796098,0.431,0.294,2.25728143063516e-29,"OSGEP"
4.99010852210486e-119,0.694659966537391,0.869,0.734,1.38320818124225e-114,"C20orf24"
1.44064068419475e-34,0.694404720941249,0.547,0.421,3.99331191251943e-30,"C19orf48"
5.03787206309174e-58,0.694136846239052,0.632,0.461,1.3964477571684e-53,"PDXK"
9.57188212978624e-26,0.694014571487166,0.439,0.322,2.65323000755545e-21,"CCND3"
1.35140892505857e-23,0.693683076290259,0.391,0.28,3.74597039936985e-19,"RGS19"
2.44467555086717e-15,0.693131757905241,0.283,0.197,6.77639615944872e-11,"ATE1"
1.05768035485656e-85,0.692932946800194,0.891,0.79,2.93178417562689e-81,"SNRPD3"
5.93832420658542e-59,0.692637391492068,0.657,0.493,1.64604408682341e-54,"POLR2C"
2.03418461592519e-125,0.692612416573536,0.943,0.861,5.63855633688302e-121,"NCL"
2.15055380704358e-39,0.692388736069416,0.356,0.209,5.96112009774411e-35,"PARD3"
1.63416059000409e-24,0.691913270247683,0.322,0.213,4.52972973943235e-20,"PRNP"
6.03567506536089e-21,0.691645864654594,0.257,0.162,1.67302877136738e-16,"MTFMT"
3.10776914318938e-47,0.69079626895662,0.559,0.388,8.61442528800665e-43,"ACIN1"
4.85858992059366e-47,0.690216523401472,0.628,0.474,1.34675254008936e-42,"PSMD1"
1.11438891913484e-49,0.689474446706924,0.544,0.36,3.08897464494985e-45,"YES1"
4.48829237585075e-47,0.689421797623558,0.578,0.419,1.24410976366207e-42,"NIPA2"
4.66235920107306e-25,0.688647573203155,0.306,0.198,1.29235934694544e-20,"MTHFD1"
2.30711802994841e-10,0.688477531374301,0.254,0.191,6.39510046721399e-06,"CENPV"
3.40272998442159e-44,0.687123291730144,0.768,0.715,9.43202724381821e-40,"PLA2G16"
3.79048551504272e-46,0.686015736639906,0.524,0.358,1.05068467991469e-41,"PGM1"
9.50145323793662e-50,0.685276780442295,0.591,0.416,2.63370782302365e-45,"EIF2AK4"
8.38957027715538e-20,0.685201458388909,0.368,0.271,2.3255049851247e-15,"HOMER3"
1.23015211557075e-29,0.685107010587953,0.484,0.354,3.40985864915055e-25,"GSS"
2.88205273219046e-29,0.684206706074401,0.354,0.232,7.98876196835873e-25,"LPIN1"
3.39562568278546e-49,0.683772363028643,0.595,0.424,9.41233483011301e-45,"PREB"
8.98577748416007e-42,0.683726282323664,0.529,0.375,2.49076766083433e-37,"KATNBL1"
6.02658591590283e-25,0.68370942833118,0.308,0.196,1.67050935002911e-20,"TAF1B"
1.63079283072867e-67,0.683463323904794,0.733,0.579,4.52039464749679e-63,"SMARCA4"
2.30245238946068e-25,0.683432644949772,0.255,0.152,6.38216777834607e-21,"USP12"
5.97021138796024e-15,0.683374042719538,0.311,0.229,1.6548828946287e-10,"NSDHL"
1.15933821360543e-15,0.683014700049542,0.557,0.487,3.2135695942929e-11,"NR4A2"
3.56936947079652e-50,0.682954597773831,0.665,0.514,9.89393523610087e-46,"CISD1"
3.26197391965428e-17,0.682630451045332,0.31,0.222,9.04186550788969e-13,"EIF1AD"
5.11278956920099e-37,0.682107353745296,0.39,0.242,1.41721414068682e-32,"TCF7L2"
8.51146275830971e-31,0.681655610475301,0.412,0.284,2.35929236197587e-26,"TMEM241"
3.66106451223129e-46,0.681375592063402,0.671,0.515,1.01481047214539e-41,"NARF"
1.71725776697029e-36,0.6810456453733,0.475,0.332,4.76006680426495e-32,"CMSS1"
6.68092393161379e-32,0.680988203664512,0.269,0.151,1.85188530460403e-27,"RRAS2"
3.47421144291653e-61,0.680837939820405,0.603,0.408,9.63016669862032e-57,"ARL4A"
2.65547083374928e-24,0.680726135392322,0.348,0.24,7.36069960406963e-20,"LDHB"
2.63918232713443e-34,0.680395686881866,0.51,0.368,7.31554949258393e-30,"ACTR1A"
3.58139826973479e-44,0.679954915073666,0.709,0.616,9.92727786387786e-40,"GPAA1"
5.72505553821434e-24,0.679912111424265,0.334,0.222,1.58692814463763e-19,"CEP89"
1.99841675176718e-67,0.678848490361157,0.822,0.717,5.53941139422345e-63,"MEA1"
1.57141334052994e-36,0.678728253697234,0.534,0.407,4.35580063861494e-32,"CDC5L"
5.15794345048196e-60,0.678433515384447,0.72,0.578,1.42973034503909e-55,"UPF3A"
1.5879616901268e-50,0.678015531217315,0.701,0.561,4.40167100886249e-46,"PIH1D1"
2.52798382875134e-184,0.67704302561914,0.982,0.967,7.00731837491585e-180,"HNRNPA2B1"
1.81028762868512e-30,0.676390673987144,0.494,0.367,5.0179362779523e-26,"PPP2R5C"
1.47702193307306e-36,0.676125515755763,0.512,0.361,4.0941570962852e-32,"UCHL5"
7.08187068668328e-60,0.675992437651306,0.658,0.466,1.96302373564174e-55,"TMOD3"
1.33135716831417e-27,0.675870472661595,0.382,0.26,3.69038893485005e-23,"COTL1"
4.11334852243267e-56,0.675401145147299,0.572,0.371,1.14017907693311e-51,"GNG12"
2.76441895443697e-30,0.675200572022606,0.416,0.286,7.66269289980385e-26,"HMBS"
4.74571723388346e-78,0.674115814120442,0.827,0.713,1.31546536006016e-73,"TSEN34"
2.71004751026828e-23,0.674056871574542,0.301,0.198,7.51198069371264e-19,"CSNK1G2"
4.56851814481351e-24,0.674025748183472,0.292,0.186,1.26634754456086e-19,"SLC37A4"
2.31768344995642e-35,0.67322576320774,0.357,0.22,6.42438675493421e-31,"CDC42EP3"
7.46856347563046e-25,0.672809329932001,0.321,0.21,2.07021110981001e-20,"MRPL39"
3.54685409428112e-56,0.672744818759489,0.588,0.395,9.83152486393784e-52,"SMIM12"
5.71921933230785e-43,0.672670883263066,0.615,0.476,1.58531040672241e-38,"PDHA1"
7.51955557174833e-65,0.672451654570855,0.813,0.687,2.08434560893292e-60,"MTCH2"
4.05586664614313e-51,0.671756931063523,0.682,0.521,1.12424567564441e-46,"RUSC1"
1.70664030235683e-96,0.671505535601306,0.864,0.748,4.7306362541029e-92,"PARP1"
3.43691550050467e-55,0.670753981900392,0.756,0.618,9.52678607584889e-51,"RAB1B"
3.98275139032399e-45,0.670471932228874,0.544,0.376,1.10397885788391e-40,"USP48"
2.86282947377573e-63,0.669192576309164,0.743,0.608,7.93547701835894e-59,"SYNCRIP"
1.40887317749397e-44,0.669033737401889,0.492,0.323,3.90525556069554e-40,"RBMS1"
2.71464454196015e-46,0.668243871597161,0.559,0.389,7.52472320585933e-42,"PIK3R3"
7.94820378751386e-13,0.667884416908934,0.251,0.181,2.20316260786097e-08,"INO80C"
5.40835659325005e-18,0.667768162156559,0.273,0.186,1.49914236408298e-13,"ARRB1"
2.20368660988697e-26,0.666593310247532,0.269,0.16,6.10839891394569e-22,"PHTF2"
5.12301482388992e-19,0.666212644616304,0.308,0.213,1.42004847903405e-14,"DHX16"
3.84829466188991e-27,0.666038444612115,0.31,0.194,1.06670879732926e-22,"MRGBP"
1.65741764619938e-55,0.664582811253253,0.802,0.669,4.59419597350007e-51,"MT2A"
2.73580118409136e-32,0.664355997281258,0.409,0.27,7.58336730218284e-28,"OPN3"
1.00270504745202e-30,0.664120739783492,0.374,0.245,2.77939812103224e-26,"ADD3"
7.44696082291332e-64,0.663836045130435,0.403,0.205,2.06422307050334e-59,"ST8SIA6-AS1"
8.6945007185769e-21,0.663494454373504,0.341,0.237,2.41002865418233e-16,"PUSL1"
1.5689254447174e-43,0.663440806155509,0.613,0.456,4.34890444021216e-39,"ERI3"
1.29952443771198e-41,0.66289543197657,0.42,0.261,3.60215178889383e-37,"PSPH"
1.80711173691675e-16,0.662702631406828,0.313,0.225,5.00913302355955e-12,"REPS1"
3.97927182309333e-133,0.662579721756379,0.919,0.85,1.10301435664324e-128,"ATPIF1"
9.1232328034461e-36,0.662035880012656,0.607,0.462,2.52886890078722e-31,"PRPSAP1"
4.19471080766968e-57,0.661660476102974,0.727,0.573,1.16273188877796e-52,"KXD1"
7.5762662241786e-32,0.661113851520635,0.452,0.315,2.10006523468007e-27,"LEO1"
1.89855777224529e-75,0.660116023951878,0.818,0.682,5.26261228888672e-71,"AK2"
4.58718154724775e-37,0.659398301159266,0.429,0.278,1.2715208530816e-32,"SREBF2"
1.54977574412791e-38,0.659121713806598,0.502,0.353,4.29582338514815e-34,"EMC8"
6.4488549131917e-21,0.659119532088288,0.387,0.281,1.78755809338761e-16,"TRMT6"
3.48176693583946e-18,0.658733160545469,0.315,0.224,9.65110976945339e-14,"C6orf136"
1.07939582756951e-68,0.658555979687928,0.773,0.641,2.99197729443992e-64,"POP7"
8.12389594201722e-28,0.657863362860856,0.344,0.222,2.25186271616775e-23,"TXLNA"
2.20284554967535e-33,0.657721095852448,0.401,0.261,6.10606757914511e-29,"SPEN"
5.45142281150787e-65,0.657113481299334,0.811,0.702,1.51107988912187e-60,"PSMA4"
2.77471841922934e-32,0.656907352674086,0.32,0.194,7.69124198626182e-28,"STK32C"
3.52840789822375e-76,0.656745488429744,0.793,0.653,9.7803938530864e-72,"ARPC5L"
1.75706687984691e-22,0.656389346949485,0.497,0.388,4.87041368424766e-18,"HMGCS1"
4.64470706087426e-35,0.656173472231303,0.52,0.381,1.28746635020374e-30,"PCYT2"
1.89301954323192e-49,0.654827766758837,0.643,0.486,5.24726087188455e-45,"ACTL6A"
5.86030899642318e-34,0.654089652458199,0.529,0.393,1.62441905071854e-29,"SPTBN1"
2.31178569485524e-66,0.653679848831115,0.689,0.509,6.40803876756924e-62,"REEP3"
2.20502864483799e-26,0.65365317670731,0.415,0.293,6.11211890062641e-22,"ANKRD39"
1.11470254152635e-71,0.653182463178918,0.804,0.654,3.0898439748569e-67,"GTF3C6"
5.45549060221476e-28,0.652807740044598,0.26,0.152,1.51220744002791e-23,"C11orf80"
2.00126506792587e-62,0.652719538265678,0.754,0.632,5.54730664178373e-58,"LSR"
4.22083337570518e-93,0.652034049410843,0.84,0.707,1.16997280341172e-88,"ECHS1"
8.57602804856351e-40,0.651959983396671,0.619,0.469,2.37718921478132e-35,"UBE2J2"
6.7236533219482e-20,0.651902547862497,0.378,0.282,1.86372946431082e-15,"BDH1"
4.09644588503926e-62,0.651674212743925,0.799,0.666,1.13549383487403e-57,"PSMA3"
2.1533568003381e-27,0.65100607328701,0.375,0.254,5.96888971485717e-23,"CTCF"
6.36919680806528e-28,0.650610006298155,0.482,0.364,1.76547766322762e-23,"NAE1"
2.76256700120556e-63,0.650545331652503,0.901,0.815,7.65755947064168e-59,"PGK1"
4.8853205175278e-32,0.650224710574795,0.498,0.366,1.35416199425353e-27,"RMND5B"
2.06505883809821e-72,0.650182736377776,0.808,0.705,5.72413659332443e-68,"HNRNPR"
6.69836735170694e-40,0.650062767219323,0.615,0.477,1.85672044621965e-35,"NOLC1"
1.32386282821814e-57,0.649023438620966,0.764,0.651,3.66961537353787e-53,"THRAP3"
2.64727544215698e-154,0.649001361201496,0.977,0.928,7.33798279811493e-150,"TPI1"
8.84249287443554e-63,0.648941994033143,0.731,0.559,2.45105059986479e-58,"CYB5R3"
8.04417389387142e-33,0.648806068376635,0.523,0.383,2.22976456164222e-28,"UBL7"
3.43258261296316e-30,0.647822246814849,0.514,0.379,9.51477574487257e-26,"MRPL2"
1.08033239577338e-54,0.647616984805719,0.641,0.441,2.99457336784424e-50,"UQCRHL"
6.02173713110108e-60,0.646996828013278,0.841,0.754,1.66916531536991e-55,"HEBP2"
8.00492402976504e-28,0.64640926352847,0.319,0.2,2.21888489181057e-23,"AP1B1"
4.06414453658767e-32,0.646371146799121,0.737,0.667,1.12654022409674e-27,"CNIH4"
2.17985790680966e-14,0.646230371416711,0.256,0.18,6.0423481318857e-10,"RPP40"
2.23606573170782e-20,0.645783780222852,0.285,0.189,6.19815060172091e-16,"TCHP"
4.55235108132662e-50,0.645316613677568,0.694,0.554,1.26186619623292e-45,"PSMD7"
1.21818663589785e-25,0.645249469602635,0.452,0.334,3.37669153604526e-21,"TMEM138"
1.77826802914311e-17,0.644124868170846,0.401,0.319,4.92918114998179e-13,"PXMP2"
4.27597731669731e-51,0.643876381625278,0.491,0.301,1.18525815241533e-46,"FADS2"
1.53228440674852e-68,0.6430423290909,0.57,0.356,4.24733914706623e-64,"EGLN3"
6.92749746053968e-21,0.642197873258263,0.484,0.376,1.92023302108699e-16,"AHI1"
2.33397005620064e-15,0.6416096166096,0.396,0.303,6.46953159878254e-11,"DEDD"
4.74333871803976e-28,0.640438710472547,0.34,0.22,1.31480605925344e-23,"CDC42BPB"
3.71828045811754e-27,0.639454972724184,0.306,0.19,1.0306701601856e-22,"TNPO2"
1.85941038057555e-59,0.639192112846033,0.807,0.7,5.15409963391735e-55,"CLTB"
3.36803670371799e-34,0.638960008040734,0.488,0.343,9.33586093903589e-30,"PPP4R3A"
9.53736556313686e-43,0.638740138254356,0.529,0.367,2.64366236044591e-38,"FBXO22"
8.58002614881349e-26,0.638518519804459,0.357,0.238,2.37829744818961e-21,"UBR4"
3.5369111506583e-32,0.638492250077993,0.542,0.402,9.80396401850973e-28,"FUCA2"
1.76219835494207e-24,0.638220416915483,0.363,0.247,4.88463762006392e-20,"CDK11B"
5.15837498844198e-30,0.63811747583188,0.344,0.215,1.42984996304623e-25,"GCFC2"
1.57583072133182e-39,0.637703408909072,0.757,0.643,4.36804517645968e-35,"FDFT1"
3.47407849270499e-37,0.637325694139855,0.542,0.395,9.62979817392896e-33,"CCDC137"
1.46063193253147e-104,0.63641389363653,0.878,0.789,4.04872565378398e-100,"RAD23A"
1.55578847159816e-68,0.636229068812647,0.866,0.792,4.31249006442294e-64,"TMED9"
2.69494013902155e-61,0.636142224191937,0.767,0.621,7.47010457135383e-57,"PSMD2"
5.34589096618772e-25,0.635563093633555,0.506,0.387,1.48182751691757e-20,"ACTR6"
1.06921291354081e-56,0.634667147915535,0.779,0.646,2.96375127504376e-52,"TRAPPC3"
1.72156342634887e-13,0.634537165950319,0.288,0.211,4.77200166149643e-09,"DLG3"
5.42440653715503e-204,0.634318678960622,0.98,0.927,1.503591248034e-199,"PSMA7"
2.85171689076425e-34,0.634224313708879,0.407,0.26,7.90467404950942e-30,"MYO10"
6.40964085085019e-23,0.633799367179498,0.355,0.242,1.77668834744716e-18,"TRIP10"
5.4309793409637e-25,0.633476683817035,0.383,0.264,1.50541316352173e-20,"TSSC1"
6.42936368722937e-24,0.633399475341466,0.315,0.205,1.78215532046311e-19,"LDLRAP1"
4.64731516401635e-29,0.632463827851399,0.279,0.165,1.28818929031369e-24,"AGPAT5"
4.62589951046735e-17,0.632182437061289,0.265,0.179,1.28225308530644e-12,"AGBL5"
1.30806648244814e-82,0.632014302709912,0.824,0.682,3.625829482698e-78,"COX20"
3.47704662440787e-45,0.63201016485489,0.659,0.542,9.63802553819619e-41,"HNRNPD"
1.03774830336583e-45,0.631423304956731,0.682,0.526,2.87653452209973e-41,"RUVBL2"
7.55651924710586e-23,0.631219352488869,0.429,0.318,2.09459157010527e-18,"STK19"
2.37314603979247e-87,0.631145658802124,0.842,0.749,6.57812350770074e-83,"GTF2A2"
8.22886229828757e-41,0.630770382210014,0.597,0.44,2.28095834046233e-36,"ABCF1"
5.96560064792842e-15,0.630766542518171,0.353,0.262,1.65360484359928e-10,"GPN1"
1.619589617569e-40,0.629944717617538,0.615,0.47,4.48934046093952e-36,"MBD4"
2.397450574434e-38,0.629494649528732,0.596,0.451,6.6454932472736e-34,"FBXO9"
1.07613632659477e-45,0.629207819657726,0.664,0.509,2.98294228368805e-41,"C20orf27"
5.44042505147389e-167,0.628878372014448,0.993,0.968,1.50803142001805e-162,"PFN1"
3.59376555530632e-56,0.628865335204457,0.737,0.608,9.96155874275359e-52,"RBBP7"
4.1024433851853e-42,0.628519854960986,0.583,0.432,1.13715628193951e-37,"ANAPC15"
7.21148376374254e-27,0.62806774443612,0.349,0.234,1.9989511844718e-22,"DLAT"
3.78118160830064e-45,0.628040537018637,0.712,0.588,1.04810573000485e-40,"SNRNP25"
4.70074682409685e-57,0.627745438601441,0.691,0.54,1.30300001217141e-52,"HDGF"
1.65687074797355e-23,0.627720905121334,0.263,0.163,4.5926800263079e-19,"CENPT"
1.24209444289046e-45,0.627655545062406,0.731,0.602,3.44296158624806e-41,"RBBP4"
3.39333076352022e-22,0.626720944600176,0.277,0.177,9.40597354340171e-18,"GBF1"
4.00381260852167e-39,0.625757491735523,0.438,0.277,1.10981681695612e-34,"SLC25A13"
3.65936605222779e-24,0.625343569182292,0.556,0.427,1.01433967601702e-19,"CDC42EP1"
3.70271780854665e-23,0.625223435222385,0.364,0.257,1.02635634935105e-18,"TBC1D8"
1.3833528697983e-34,0.625188559604379,0.303,0.172,3.83451581979391e-30,"PFKP"
1.87262477010068e-49,0.624880562978982,0.665,0.516,5.19072860024208e-45,"ZFR"
1.13991924506597e-82,0.624326516856995,0.825,0.667,3.15974215539837e-78,"DDOST"
2.58821090135238e-24,0.623418855046113,0.29,0.184,7.17426179745866e-20,"MEX3A"
2.45922624357865e-78,0.622517058663666,0.898,0.862,6.81672922457566e-74,"KTN1"
4.05280389265328e-24,0.622215245966306,0.346,0.233,1.12339671100456e-19,"ALKBH3"
5.64049822377062e-37,0.622140729643153,0.455,0.3,1.56348970264698e-32,"MAP4K5"
6.55848695102273e-30,0.62170126259733,0.417,0.289,1.81794699795399e-25,"TAF3"
2.24995766900918e-44,0.621663081068307,0.66,0.525,6.23665766272653e-40,"PSMG3"
2.89642121549347e-50,0.621275301550685,0.733,0.594,8.02858996722636e-46,"NELFE"
1.13324224582187e-19,0.621056779236826,0.332,0.232,3.14123418119363e-15,"APEX2"
3.93487200225623e-164,0.620926725049791,0.995,0.989,1.0907071703054e-159,"GAPDH"
5.68059172966734e-56,0.620879120006172,0.71,0.541,1.57460322154649e-51,"EIF4E2"
6.352442139998e-48,0.62083120479356,0.659,0.512,1.76083343678605e-43,"SNX5"
2.66603047789193e-48,0.620769545815198,0.671,0.523,7.38996988166865e-44,"BAZ1A"
2.17857280776566e-22,0.620524094102655,0.334,0.224,6.03878596584564e-18,"MSL3"
1.57536527230064e-60,0.620124290588546,0.822,0.721,4.36675499829015e-56,"SEPT7"
2.16605833184427e-27,0.619972378935415,0.488,0.361,6.00409709003914e-23,"DR1"
8.09949707382091e-29,0.619681721903229,0.479,0.351,2.24509959389242e-24,"IWS1"
8.18819132412398e-18,0.619611843469042,0.271,0.181,2.26968475313393e-13,"NIN"
5.31125143767883e-20,0.619565034913202,0.28,0.184,1.47222578601019e-15,"TAZ"
1.29217033148329e-33,0.619527968202405,0.763,0.674,3.58176694183853e-29,"MT-ND6"
6.56554322000442e-69,0.618775206349757,0.788,0.653,1.81990292515303e-64,"TRA2B"
1.07743866498484e-142,0.61854708254213,0.957,0.904,2.98655223547149e-138,"P4HB"
4.06299766635351e-23,0.618472944100058,0.438,0.318,1.12622232313653e-18,"NFKBIB"
3.93520425815064e-95,0.61845829229998,0.932,0.873,1.09079926831678e-90,"BANF1"
1.20377282787418e-23,0.618393707357446,0.322,0.211,3.33673790158443e-19,"TIMM8A"
1.54684014821956e-83,0.618349614571581,0.9,0.827,4.2876862068498e-79,"PAFAH1B3"
6.5410620947514e-78,0.61752606147263,0.981,0.969,1.81311700204414e-73,"CALM2"
1.45824414984482e-25,0.617512830884806,0.512,0.392,4.04210695895486e-21,"ZNF326"
7.34323031433494e-21,0.616866369804765,0.266,0.17,2.0354700108305e-16,"HENMT1"
1.75570930335997e-55,0.616419420017003,0.712,0.559,4.86665061798351e-51,"ZFYVE21"
3.11636379861524e-33,0.616145168948048,0.559,0.432,8.63824881338158e-29,"PRPF38A"
8.28893368512167e-18,0.616116299463804,0.397,0.302,2.29760952817888e-13,"IFI27L1"
5.65352771420899e-23,0.615957743247058,0.304,0.197,1.56710134710159e-18,"ZC3H18"
8.26144682021952e-29,0.6152341426531,0.308,0.188,2.28999044409665e-24,"TP53I3"
4.75977144784707e-27,0.613411764355364,0.346,0.226,1.31936104762873e-22,"KDM1A"
3.9602519355631e-18,0.612383701689068,0.393,0.296,1.09774223401873e-13,"FARSB"
1.08479977089747e-27,0.612210952455984,0.631,0.518,3.00695648495069e-23,"WDR33"
2.99522166520355e-15,0.612114157813121,0.384,0.294,8.30245493377772e-11,"HCG18"
3.21401373242851e-28,0.611088834563355,0.319,0.2,8.90892466491859e-24,"SIN3B"
1.62755504165191e-21,0.610962999445801,0.445,0.329,4.51141981995494e-17,"TMEM97"
3.14939762956975e-31,0.61083556536635,0.366,0.231,8.72981528940439e-27,"PDK3"
7.44693076677288e-48,0.609547688039322,0.723,0.597,2.06421473924177e-43,"MESDC2"
6.53279843024244e-28,0.609371251264334,0.464,0.331,1.8108263968789e-23,"VTA1"
9.11544192476638e-35,0.609348987493745,0.523,0.371,2.52670934712599e-30,"SZRD1"
2.90199648800034e-21,0.609115201190795,0.395,0.289,8.04404406508815e-17,"CLASRP"
8.97181521044556e-25,0.608935551681337,0.381,0.265,2.4868974581834e-20,"BEX2"
4.61726052673635e-32,0.608791758183278,0.325,0.194,1.27985844540605e-27,"PTPN14"
1.60112559920693e-38,0.608439839731885,0.506,0.35,4.43816004844168e-34,"CCNB1IP1"
4.76114008389025e-30,0.607943337554411,0.496,0.355,1.31974041985354e-25,"SGTA"
1.70773725180595e-35,0.607794789196937,0.557,0.422,4.73367688828093e-31,"DHCR7"
1.21288163046856e-21,0.607785896737048,0.305,0.203,3.36198659149581e-17,"RAB32"
1.41570473778432e-19,0.60720267406364,0.426,0.322,3.92419196266435e-15,"GNPTAB"
1.09400760996404e-62,0.606802223025191,0.688,0.501,3.03247969405932e-58,"CDC123"
6.12107470237802e-31,0.606485146998955,0.543,0.407,1.69670069675216e-26,"HBS1L"
2.02586998149231e-108,0.606241482400312,0.942,0.893,5.61550900169853e-104,"TPM3"
1.15129354800645e-121,0.606106214436967,0.946,0.87,3.19127058571908e-117,"YWHAQ"
1.9885502659061e-40,0.605980986503594,0.677,0.544,5.51206248206513e-36,"PRKRA"
2.18108173599446e-97,0.605716571332297,0.912,0.846,6.04574046400306e-93,"RBM8A"
1.19966207378327e-31,0.605128722912013,0.507,0.367,3.32534330231984e-27,"DICER1"
1.81840827431353e-32,0.604874352314992,0.301,0.174,5.04044589556967e-28,"SLC7A1"
5.36598365062757e-74,0.604348409493296,0.834,0.724,1.48739700811746e-69,"XRCC5"
3.85827038802869e-83,0.603650802073625,0.861,0.737,1.06947396885767e-78,"CACYBP"
3.57316807380289e-24,0.603493542662483,0.439,0.32,9.90446458377422e-20,"MIIP"
2.95967965732118e-50,0.603319656732063,0.752,0.616,8.20393604212857e-46,"RALA"
7.32814682604255e-85,0.601481364610781,0.805,0.628,2.03128901871074e-80,"HDAC2"
4.14173627826539e-34,0.60068901303731,0.645,0.525,1.14804787897238e-29,"COPS8"
4.09434920603441e-44,0.600619401857786,0.721,0.595,1.13491265642068e-39,"PSMC1"
2.23253423621133e-40,0.600591628157718,0.379,0.226,6.18836164935419e-36,"TMEM107"
4.15791298472661e-27,0.600532778096843,0.528,0.406,1.15253190023637e-22,"AP3D1"
6.59566001756288e-43,0.600460200590902,0.583,0.417,1.82825100026825e-38,"GALE"
9.64306366557981e-22,0.600408665527304,0.271,0.173,2.67296081746207e-17,"HNRNPUL2"
9.79708172796181e-63,0.600271722189017,0.807,0.707,2.71565308417373e-58,"DCTPP1"
3.81660417825179e-39,0.599904321491394,0.446,0.287,1.05792451216961e-34,"NT5DC2"
2.50676355069453e-26,0.59922054661467,0.412,0.29,6.94849788617017e-22,"CPTP"
2.45346377524726e-46,0.599090654653908,0.606,0.438,6.80075623860787e-42,"GSK3B"
3.91865952645034e-18,0.598928206654787,0.276,0.187,1.08621323413677e-13,"NAT14"
2.68082670401177e-24,0.598016275218655,0.415,0.294,7.43098354085021e-20,"YARS"
2.43040723893216e-33,0.597311092221497,0.633,0.511,6.73684582559604e-29,"HES4"
5.97958832846608e-09,0.597238944677299,0.305,0.246,0.000165748208876751,"CTSC"
1.51841819882575e-12,0.596680058911341,0.367,0.293,4.20890340532508e-08,"SC5D"
1.70663772257545e-74,0.596568491890207,0.86,0.759,4.73062910320689e-70,"CDC37"
1.33346166739694e-46,0.596363242254319,0.588,0.419,3.69622239585757e-42,"MYCBP2"
9.34100369761476e-24,0.595888063575026,0.47,0.351,2.58923281494184e-19,"LRRC47"
7.56940882564889e-108,0.595484891774459,0.911,0.844,2.09816443238162e-103,"UBE2I"
3.89403713856153e-28,0.595362982807595,0.372,0.247,1.07938815443787e-23,"RCC2"
6.56850741349073e-48,0.595100289834469,0.897,0.831,1.82072456994549e-43,"TPM1"
7.34840130932106e-90,0.594495089630763,0.895,0.775,2.03690335893071e-85,"PSME2"
6.73291102693873e-65,0.594316765296035,0.838,0.731,1.86629560755715e-60,"RPN1"
2.70093121940692e-17,0.594091949808271,0.281,0.191,7.48671124707404e-13,"RNF220"
1.9355816771694e-24,0.593984190114805,0.345,0.235,5.36523885094586e-20,"ANKRD36C"
2.55032260076348e-100,0.593962947877925,0.892,0.777,7.06923921705629e-96,"HMGN3"
4.88671996148628e-42,0.593950681808517,0.638,0.511,1.35454990612438e-37,"BRD4"
5.08555638692689e-59,0.593601561532198,0.739,0.592,1.40966537489226e-54,"IQGAP1"
1.51703245588347e-15,0.593524066573037,0.36,0.272,4.20506226446338e-11,"RHPN2"
6.19379869372371e-54,0.592064442850797,0.891,0.862,1.71685905991327e-49,"TMED10"
6.37175883974721e-22,0.591883557570202,0.375,0.266,1.76618783278953e-17,"TDP2"
3.49567534259098e-42,0.591746031380394,0.62,0.47,9.68966248212794e-38,"LSM6"
1.34503834973765e-43,0.591546678662741,0.697,0.555,3.72831180163779e-39,"UBE2A"
3.66088424339874e-66,0.590983932558208,0.871,0.773,1.0147605034277e-61,"UQCRFS1"
4.63964007788467e-39,0.590639487448066,0.558,0.408,1.28606183318885e-34,"VPS36"
1.05110112873749e-12,0.590462858198619,0.257,0.187,2.91354721874745e-08,"CBLB"
4.27826963094857e-19,0.590363948704808,0.31,0.213,1.18589355900263e-14,"EPS8"
2.27269890541071e-24,0.590050033210153,0.346,0.233,6.29969409590795e-20,"CNOT1"
1.90683870965582e-13,0.589993695085417,0.3,0.222,5.28556621929497e-09,"XPNPEP1"
9.02965843972118e-27,0.589248260804881,0.459,0.334,2.50293102290631e-22,"NFYC"
4.08821379984864e-39,0.589078586731346,0.695,0.56,1.13321198318004e-34,"AHSA1"
8.7383196504248e-51,0.588598246480703,0.788,0.686,2.42217482390125e-46,"MDH1"
2.85156168334987e-41,0.588500667397494,0.667,0.514,7.90424383007749e-37,"EPN1"
1.88932516194547e-27,0.58825713618946,0.325,0.207,5.23702041639665e-23,"NUP50"
7.5863462787073e-26,0.587904446868553,0.266,0.16,2.10285932499488e-21,"FAM98B"
7.82031354065965e-106,0.587650083630908,0.93,0.842,2.16771271033545e-101,"PDIA6"
8.50351047613376e-22,0.587644383391323,0.33,0.223,2.35708806887952e-17,"MCMBP"
5.03160680004976e-27,0.587537047702674,0.683,0.58,1.39471108890579e-22,"FAM210B"
8.12022007350593e-41,0.587262552521491,0.642,0.488,2.25084380217511e-36,"ISG20"
1.13740839010361e-79,0.586783244845988,0.864,0.76,3.15278231652819e-75,"ADRM1"
2.64228238765553e-34,0.585774158453954,0.523,0.386,7.32414255034236e-30,"CDKN1A"
1.87329036136278e-52,0.585116209910898,0.823,0.73,5.19257355266149e-48,"TOP1"
3.55924437867575e-21,0.585074964123637,0.473,0.366,9.86586949325131e-17,"MGAT1"
4.64688878449056e-79,0.584809542951055,0.844,0.752,1.28807110217294e-74,"PAPOLA"
7.07160369328839e-18,0.584613468714031,0.338,0.244,1.96017782774261e-13,"RNF8"
6.73006959099567e-15,0.584216124576889,0.268,0.188,1.86550798992809e-10,"CASP8"
5.22589113146428e-32,0.583691658117629,0.392,0.251,1.44856476273058e-27,"KLF5"
2.0400485550317e-47,0.583339526255086,0.758,0.639,5.65481058969237e-43,"ACTN4"
2.8654893120826e-24,0.583101897411795,0.387,0.268,7.94284982416175e-20,"DNM2"
5.00954120035565e-98,0.582679249328994,0.969,0.942,1.38859472532658e-93,"HMGN1"
1.31863349527375e-29,0.582337220291551,0.448,0.318,3.65512018554931e-25,"TUBA4A"
1.39929630125371e-29,0.581761564379012,0.4,0.267,3.87870941744515e-25,"CTB-50L17.10"
1.39744048275108e-57,0.581652872573279,0.752,0.628,3.87356527413772e-53,"MRPL11"
1.11947974678629e-31,0.581462133598945,0.536,0.403,3.10308591011693e-27,"PRRG4"
3.33621505921795e-31,0.58126821891538,0.493,0.365,9.24765452264624e-27,"RIF1"
4.89378168507735e-16,0.580647048560336,0.338,0.247,1.35650734528659e-11,"TNFAIP2"
9.73791719324923e-25,0.580629434661342,0.389,0.267,2.69925326679675e-20,"COPS7B"
1.20840469499654e-17,0.58031028594753,0.272,0.186,3.34957697406092e-13,"FSCN1"
1.43735866036328e-24,0.580273674132841,0.306,0.195,3.98421447066097e-20,"MKNK1"
7.2596702345127e-23,0.579209858221997,0.314,0.205,2.01230799230457e-18,"SCMH1"
5.6109047350821e-33,0.57908833171388,0.598,0.475,1.55528668351741e-28,"CNPY3"
1.17728968288122e-14,0.578491926374395,0.287,0.205,3.26332927197845e-10,"CPSF3"
1.02897065791942e-68,0.578303849096061,0.85,0.757,2.85220376668684e-64,"NUDC"
1.4799124798609e-31,0.578126876876681,0.536,0.39,4.10216940292643e-27,"TMED5"
1.99714107645148e-39,0.577896011692218,0.495,0.332,5.53587534981586e-35,"CXADR"
4.52026058664557e-16,0.577514060807685,0.529,0.446,1.25297103201229e-11,"MAGOHB"
1.27135182062123e-37,0.577485262985627,0.53,0.37,3.52406011157998e-33,"NDUFAF4"
1.17534134199918e-14,0.57738619120448,0.332,0.246,3.25792866588753e-10,"WRAP73"
4.49733984837766e-20,0.576708932559377,0.38,0.28,1.2466176325718e-15,"RAB30-AS1"
9.63546670575721e-19,0.576281993483117,0.358,0.256,2.67085501616884e-14,"ANKRD54"
4.67127324985856e-43,0.575931792890323,0.724,0.573,1.29483023212829e-38,"TC2N"
1.17470706244508e-33,0.575894904864113,0.342,0.207,3.25617050639152e-29,"ENC1"
4.23535214860057e-35,0.575668769664119,0.65,0.53,1.17399726207059e-30,"SNW1"
3.79175120025396e-33,0.575562472451955,0.541,0.395,1.0510355151984e-28,"GLRX2"
5.11362953750955e-24,0.574805170190834,0.469,0.356,1.41744697150227e-19,"ANKRD11"
1.98250744471137e-44,0.574032582562401,0.459,0.278,5.49531238599544e-40,"HOXC10"
6.30257895506748e-42,0.573922682031352,0.796,0.744,1.74701186055516e-37,"LSM3"
8.58803591958413e-33,0.573364650883915,0.419,0.276,2.38051767654953e-28,"LHPP"
2.16724861145826e-60,0.572534659413494,0.834,0.725,6.00739642610115e-56,"FAAP20"
6.17584713312195e-13,0.571967114306254,0.25,0.178,1.71188306683007e-08,"CADM4"
6.07972754031672e-22,0.571447923146185,0.306,0.202,1.68523967690039e-17,"SF3B3"
8.98480458719567e-24,0.571442805307112,0.488,0.37,2.49049798352477e-19,"GSTZ1"
2.85273830863572e-45,0.571426333190818,0.752,0.626,7.90750531770735e-41,"RP11-532F12.5"
2.52414817233794e-27,0.571097946237535,0.257,0.148,6.99668631890354e-23,"FAT1"
1.24738128785626e-48,0.570985414373886,0.403,0.227,3.45761619180877e-44,"CDCP1"
2.04581669881051e-21,0.570300253195234,0.481,0.379,5.67079930743287e-17,"SPATS2"
2.23736800883258e-24,0.570290673497615,0.448,0.327,6.20176038368304e-20,"KIAA1217"
5.04599943495788e-43,0.56995510083794,0.599,0.437,1.39870058337597e-38,"LAPTM4B"
1.13705137041657e-20,0.568508005786025,0.469,0.361,3.1517926936577e-16,"ELF2"
2.74000925550041e-18,0.568503306081434,0.363,0.265,7.59503165532158e-14,"DOHH"
1.09708497701298e-23,0.568002218715578,0.342,0.227,3.04100984778227e-19,"CHD8"
5.72000537467651e-31,0.566684866189611,0.576,0.445,1.58552828980658e-26,"GARS"
9.26142070923207e-35,0.566218345532709,0.475,0.322,2.56717320639204e-30,"ASCC3"
1.55365139191715e-37,0.566150909727707,0.336,0.194,4.30656629325514e-33,"MALL"
9.03443880933121e-27,0.566051857225425,0.477,0.348,2.50425609355852e-22,"C1GALT1"
2.03490459553176e-14,0.565546088531049,0.289,0.208,5.6405520483545e-10,"PRPS1"
2.39764833022934e-24,0.565309327649885,0.312,0.199,6.64604140656272e-20,"C1orf109"
5.19338847051403e-28,0.565269306404448,0.502,0.369,1.43955535014178e-23,"BLOC1S6"
9.87222043871447e-30,0.564589722727102,0.461,0.325,2.73648078340727e-25,"IMMP1L"
8.94093420817795e-23,0.563672890894841,0.629,0.508,2.47833755316485e-18,"DDIT4"
1.54366946355245e-10,0.562430355763334,0.251,0.185,4.27889738602104e-06,"DPP9"
7.44241782911028e-26,0.562351427298999,0.38,0.258,2.06296379805108e-21,"TTC9C"
1.90154258138813e-28,0.562341145770576,0.588,0.456,5.27088588134976e-24,"CCDC167"
3.85642264702068e-15,0.56211106714002,0.255,0.175,1.06896179352766e-10,"SCAPER"
8.33465000220553e-21,0.561577714300484,0.532,0.433,2.31028163411135e-16,"HPRT1"
2.47269610422905e-33,0.560524110914052,0.518,0.376,6.85406633131251e-29,"ARID1A"
1.78668494493158e-46,0.560424674762427,0.763,0.641,4.95251199885586e-42,"CHCHD1"
2.60996248902499e-32,0.560383798420847,0.57,0.434,7.23455502332836e-28,"SIRT7"
1.03791876670188e-36,0.560049074007809,0.671,0.554,2.87700702942095e-32,"MKKS"
4.15166867494814e-34,0.559959465946587,0.605,0.462,1.15080104000888e-29,"NFIB"
1.68201413948394e-18,0.559905379799109,0.333,0.233,4.66237499323553e-14,"SGMS1"
1.50145665776258e-28,0.559323886643113,0.45,0.313,4.1618877096521e-24,"MGAT4A"
9.9293517438373e-33,0.559142152835983,0.556,0.413,2.75231700987426e-28,"DAXX"
5.66087617814224e-30,0.55868182136027,0.374,0.239,1.56913826781925e-25,"CYP51A1"
2.29484567637058e-86,0.558316917343231,0.879,0.784,6.36108273033162e-82,"PDAP1"
2.89581479619523e-25,0.558301627663287,0.452,0.331,8.02690903357355e-21,"ZFAND2B"
1.55905102042855e-24,0.557164295316628,0.42,0.297,4.3215335235259e-20,"C1orf174"
2.91470600710609e-76,0.556856424891338,0.875,0.778,8.07927358109736e-72,"SRSF7"
9.52882803327204e-22,0.556725122716256,0.257,0.16,2.64129584254268e-17,"TCF3"
6.47561877861304e-57,0.556599861384711,0.887,0.817,1.79497676924375e-52,"PTMS"
5.97998207014091e-19,0.556508079971401,0.43,0.32,1.65759123002236e-14,"DPAGT1"
9.64704730269271e-19,0.556468380445222,0.256,0.166,2.67406504183339e-14,"STK38"
9.81956973036813e-23,0.556133300188721,0.327,0.216,2.72188653356074e-18,"DEF8"
8.38716749597735e-35,0.555604168486484,0.586,0.449,2.32483895820996e-30,"IMMT"
2.71278187315833e-40,0.555127102573885,0.735,0.599,7.51956007420758e-36,"BAD"
1.22066640238438e-25,0.554630497902067,0.473,0.345,3.38356520076925e-21,"RTKN"
6.85389228147228e-45,0.554434792698666,0.751,0.614,1.8998304015013e-40,"RAB11B"
7.03981048882199e-25,0.554262419368908,0.275,0.168,1.95136506939657e-20,"CTDSPL2"
1.54237048447347e-16,0.554097952374062,0.348,0.256,4.275296745912e-12,"CEP104"
7.36486885713369e-19,0.553988453089022,0.383,0.276,2.04146799850889e-14,"MARVELD3"
3.51190992621755e-35,0.553437035652684,0.536,0.392,9.73466312448243e-31,"AFG3L2"
1.52977784846829e-13,0.553334527221854,0.399,0.315,4.24039121816924e-09,"GMPPA"
3.34727823020127e-55,0.553277296550218,0.782,0.672,9.27832052629491e-51,"ASNA1"
1.28281640599337e-60,0.552988390328874,0.795,0.693,3.55583879577302e-56,"KHDRBS1"
3.13002211991597e-28,0.552443159020209,0.644,0.526,8.67610831419508e-24,"CACUL1"
3.37525345745122e-18,0.552280764285178,0.358,0.26,9.35586505870905e-14,"EIF2B2"
2.21307493333137e-25,0.552258899094508,0.417,0.295,6.13442240770124e-21,"CCDC50"
7.12400042890593e-13,0.552210349512607,0.25,0.18,1.97470167888843e-08,"CBFB"
1.62655196026929e-21,0.550866274206334,0.32,0.215,4.50863937867045e-17,"EXOC5"
7.95607743816496e-24,0.550360779404337,0.506,0.393,2.20534510508494e-19,"NQO2"
5.00651437905132e-46,0.549779374691885,0.795,0.722,1.38775572072923e-41,"SFPQ"
1.59070802667275e-44,0.549451400566917,0.752,0.605,4.4092835791342e-40,"BUB3"
1.89366606742996e-19,0.549442251437938,0.397,0.297,5.2490529723091e-15,"ICE1"
4.52440540607013e-34,0.549257925269097,0.636,0.502,1.25411993450858e-29,"ABHD12"
1.17895710668703e-126,0.548933565186805,0.994,0.979,3.26795120402578e-122,"CFL1"
9.44475615414187e-14,0.54884563438569,0.297,0.215,2.61799195836658e-09,"MICU1"
1.19411673702417e-38,0.548785251317279,0.633,0.49,3.3099721833573e-34,"MRPS5"
5.94054505127325e-14,0.548749521820549,0.286,0.204,1.64665968276243e-09,"UTP4"
1.76132636110823e-42,0.548388765282179,0.672,0.521,4.8822205403559e-38,"SLC25A1"
3.11266092681722e-26,0.547818508923766,0.403,0.281,8.62798482304464e-22,"GADD45A"
1.18197296792683e-17,0.547413687249383,0.254,0.167,3.27631086979638e-13,"SMG9"
2.73672293630438e-32,0.546889762157163,0.719,0.716,7.5859223071421e-28,"EFHD1"
9.78719700585982e-18,0.546770114593968,0.358,0.26,2.71291313805428e-13,"FADD"
1.06548479892486e-33,0.54660583574283,0.578,0.443,2.95341731413982e-29,"STK25"
1.08643631660507e-30,0.545889082852252,0.595,0.477,3.01149282599759e-26,"CCAR1"
2.25936103607927e-19,0.545854088002444,0.444,0.336,6.26272285590813e-15,"RBMX2"
1.60539847413005e-13,0.545812600209242,0.251,0.174,4.45000403044108e-09,"SNAPC1"
1.58477844396281e-29,0.545248555599902,0.405,0.265,4.3928473688205e-25,"TEAD2"
2.57755960942848e-23,0.544034227989933,0.376,0.26,7.1447374813748e-19,"ICE2"
1.73958915931541e-100,0.543627308445292,0.942,0.892,4.82196719070637e-96,"PPIB"
1.9509755681572e-32,0.543265551191331,0.719,0.599,5.40790917737495e-28,"GORASP2"
4.6285141406441e-22,0.543207217413492,0.375,0.263,1.28297783464514e-17,"UMPS"
2.73675936460809e-13,0.542470435575562,0.529,0.47,7.58602328275715e-09,"ZDHHC12"
3.69428934408602e-49,0.542403263281794,0.606,0.426,1.0240200632872e-44,"SERPINH1"
2.59586808348959e-18,0.542199189668551,0.481,0.385,7.19548674062479e-14,"RRP7A"
1.67694466654458e-20,0.542099965673996,0.314,0.21,4.64832292119493e-16,"MBP"
3.77626894972522e-21,0.541938081194073,0.353,0.244,1.04674399017433e-16,"SLC31A1"
2.91491245390634e-42,0.541359189910219,0.721,0.564,8.07984583098299e-38,"CNN3"
2.23138085687459e-59,0.541243650353703,0.825,0.71,6.18516459717067e-55,"LAGE3"
1.49657496473747e-18,0.540667992726048,0.308,0.211,4.14835614475578e-14,"SEPT6"
9.12526083842886e-19,0.540632365895691,0.42,0.323,2.5294310518041e-14,"RRP1"
1.02673006786455e-31,0.54020658807546,0.535,0.384,2.84599307511373e-27,"ZPR1"
4.59594080926024e-24,0.539850398249341,0.274,0.169,1.27394883291885e-19,"TTYH3"
7.37721975715827e-19,0.539774098065561,0.343,0.242,2.0448915444867e-14,"ULK3"
1.77490247851948e-11,0.539432123582386,0.54,0.671,4.91985218020816e-07,"ARL6IP1"
1.57554435518169e-28,0.538813808289565,0.512,0.38,4.36725139812812e-24,"ECE1"
2.49305408086928e-16,0.53873783098633,0.291,0.202,6.91049660676156e-12,"CDK11A"
2.8222984506253e-31,0.538256771267705,0.666,0.545,7.82312907528827e-27,"RNF5"
4.02228101839808e-31,0.538255103035898,0.505,0.368,1.11493607548976e-26,"KPNA4"
9.73568313830192e-29,0.538233473085646,0.618,0.49,2.69863400910591e-24,"VBP1"
2.67721305590564e-52,0.536807726409655,0.806,0.701,7.42096686966485e-48,"PRPF40A"
5.43406604321324e-21,0.536264885457552,0.392,0.285,1.50626876651828e-16,"TBC1D9B"
5.95695788088602e-30,0.535964985328502,0.523,0.384,1.6512091550028e-25,"PPIE"
3.67919089925293e-38,0.53589957189913,0.725,0.625,1.01983492536392e-33,"PNN"
1.00501491251123e-45,0.535265211664959,0.682,0.542,2.78580083598988e-41,"C1orf35"
6.09462906943143e-47,0.535095737176707,0.844,0.755,1.6893702317557e-42,"ABRACL"
2.90882107812856e-48,0.535035835871239,0.799,0.681,8.06296114646454e-44,"FIBP"
2.58890534060578e-24,0.534911080098551,0.366,0.248,7.17618671362516e-20,"MOGS"
4.94530974378811e-26,0.534640220469143,0.509,0.381,1.37079040788063e-21,"SPAG9"
1.86564671039485e-44,0.534495216196908,0.714,0.564,5.1713861165435e-40,"PDLIM1"
3.79956523093936e-67,0.534352699483926,0.879,0.78,1.05320148636408e-62,"SF3B2"
2.31434609740975e-44,0.534074480427831,0.836,0.791,6.41513594741008e-40,"RHEB"
1.38776801088244e-23,0.533573181057322,0.443,0.322,3.84675414936504e-19,"SEPT11"
3.68565567333656e-16,0.533404751255482,0.384,0.292,1.02162689609216e-11,"LPAR2"
3.22245783884602e-18,0.53338312849058,0.343,0.244,8.93233088349728e-14,"CCP110"
1.24895975483494e-19,0.533361456808329,0.255,0.162,3.46199154442697e-15,"ATP2B4"
1.27859191528095e-52,0.53332058387666,0.855,0.776,3.54412892996727e-48,"LMAN2"
2.77163611139994e-96,0.532906516973026,0.905,0.829,7.6826981371895e-92,"RBX1"
7.3260829324912e-36,0.531944502483095,0.626,0.491,2.03071692805724e-31,"NAA50"
3.57846120000476e-27,0.531920264657739,0.446,0.319,9.9191366002932e-23,"GART"
2.56831870146555e-22,0.531779687247399,0.537,0.429,7.11912260859235e-18,"RNF130"
1.90012495413476e-50,0.531759380183857,0.755,0.624,5.26695636036614e-46,"PAK2"
3.76461260202212e-35,0.531575026768532,0.699,0.593,1.04351296715451e-30,"EBNA1BP2"
7.9603799957461e-18,0.530940371875533,0.572,0.488,2.20653773102086e-13,"PRPF19"
3.05702468877092e-43,0.530815781435869,0.784,0.668,8.47376673480411e-39,"EIF5B"
7.76405316443388e-46,0.530696132320388,0.741,0.616,2.15211789664943e-41,"NUTF2"
1.22535579383749e-16,0.529367213906647,0.401,0.304,3.39656372493814e-12,"NUMB"
6.55332615893929e-42,0.529260203733814,0.768,0.667,1.81651647799638e-37,"AHCY"
9.1021961103239e-11,0.528090707761365,0.254,0.188,2.52303773982068e-06,"PRKAR1B"
7.4067535142831e-35,0.527884042091789,0.637,0.499,2.05307800662413e-30,"INO80E"
1.26018090276426e-35,0.527805483023929,0.644,0.511,3.49309544437226e-31,"SUGT1"
9.57648214596774e-22,0.526640658974831,0.392,0.277,2.6545050860408e-17,"HNRNPLL"
7.65497529100411e-16,0.52625782415453,0.26,0.176,2.12188260091343e-11,"NRAS"
1.75333128727084e-28,0.526195550119939,0.628,0.513,4.86005899518605e-24,"TIMM10"
3.10175243911285e-35,0.526013495741222,0.653,0.53,8.59774758597691e-31,"ROCK1"
7.85378387214342e-109,0.525775442769208,0.958,0.918,2.17699035151944e-104,"ATP5G3"
8.90491712977193e-22,0.525586994311066,0.399,0.285,2.46835397920148e-17,"CCDC58"
2.1189883294772e-44,0.525571020287531,0.792,0.685,5.87362375047784e-40,"UQCC2"
2.09007140003157e-48,0.524709497779306,0.881,0.834,5.7934689137475e-44,"SPCS2"
8.76912235186398e-28,0.524675582112727,0.334,0.21,2.43071302471318e-23,"REV3L"
1.15998299941962e-33,0.524626200771136,0.641,0.531,3.21535687609124e-29,"PRKDC"
2.11773671637805e-24,0.524591724501607,0.634,0.545,5.87015440412832e-20,"SQLE"
6.50518992163737e-20,0.524363154372971,0.286,0.188,1.80317359437866e-15,"GYLTL1B"
1.21996466169733e-53,0.524284561526658,0.802,0.697,3.38162004575883e-49,"RCN2"
6.00946585469659e-19,0.524211181183729,0.332,0.234,1.66576384026335e-14,"AKAP8"
2.54526952204586e-45,0.52292598197331,0.791,0.678,7.05523258815891e-41,"UQCRC1"
2.24820556530443e-22,0.522854110320799,0.295,0.192,6.23180100646736e-18,"SMPD4"
4.14289082836848e-24,0.522607485823311,0.486,0.368,1.14836790871546e-19,"ATG4B"
2.5109935660145e-30,0.521725994679472,0.627,0.512,6.96022306563558e-26,"NOP56"
8.33482165329611e-21,0.52158558333748,0.32,0.216,2.31032921407715e-16,"ROCK2"
1.46501167797203e-25,0.521133018322118,0.61,0.494,4.06086587017067e-21,"LYRM2"
3.66228655384197e-20,0.520753141932367,0.335,0.227,1.01514920985946e-15,"C4orf27"
7.26208700812178e-72,0.519971734707362,0.914,0.842,2.01297789778127e-67,"CYCS"
4.82462396153825e-51,0.519914042931356,0.84,0.767,1.33733751589879e-46,"NDUFA6"
7.82695501523864e-30,0.519533029562328,0.583,0.44,2.169553660674e-25,"ELOVL1"
5.96310322685838e-17,0.519431965830658,0.602,0.521,1.65291258345287e-12,"PLIN3"
7.15145167818178e-25,0.519262171578415,0.534,0.407,1.98231089067521e-20,"CIAO1"
2.9190717948172e-56,0.519157076327656,0.846,0.755,8.09137510805381e-52,"RWDD1"
6.65533999912997e-22,0.5191254686349,0.52,0.416,1.84479369435884e-17,"COPS3"
3.42619240389061e-72,0.518503231626389,0.879,0.777,9.49706272434438e-68,"KIF5B"
7.1877537829843e-72,0.5180635337763,0.87,0.793,1.99237347110542e-67,"NOP10"
5.21215507743969e-83,0.517105612397966,0.95,0.904,1.44475726591551e-78,"PRDX5"
2.48846007238634e-39,0.516733954258325,0.742,0.658,6.8977624746477e-35,"PSMG2"
2.20176018819334e-91,0.51670120345317,0.985,0.978,6.10305906565311e-87,"HSP90AA1"
1.04082487964736e-40,0.516368588154295,0.746,0.616,2.88506248389452e-36,"U2SURP"
8.86545199279767e-25,0.516303495184327,0.353,0.236,2.45741463788359e-20,"VRK2"
1.66643298008246e-21,0.516104807092262,0.375,0.265,4.61918557749057e-17,"PHF6"
5.91338535835721e-51,0.516004140594059,0.899,0.84,1.63913128748304e-46,"CANX"
7.48783698792492e-32,0.515481102182057,0.676,0.56,2.07555353468291e-27,"MRPL47"
1.64587937018744e-44,0.515307486361226,0.7,0.55,4.56221302622257e-40,"DNAJC3"
4.64771639883781e-21,0.51524619233612,0.338,0.231,1.28830050859385e-16,"BTBD7"
3.40032375392145e-19,0.515245422444718,0.262,0.169,9.42535741349487e-15,"GCNT1"
1.18203902084971e-28,0.514839180094353,0.537,0.402,3.27649396189332e-24,"CTSZ"
2.28633134556899e-19,0.514816213708286,0.407,0.298,6.33748185678268e-15,"VCL"
1.23445848379983e-22,0.514809183189316,0.415,0.299,3.42179547124474e-18,"PTDSS1"
1.16015652445701e-23,0.514743985881379,0.401,0.284,3.21583787014239e-19,"KCTD1"
6.42616294327871e-12,0.514688336692237,0.25,0.183,1.78126810624743e-07,"UBALD2"
4.33872093514049e-20,0.514242722592793,0.369,0.264,1.20265005601159e-15,"NOL10"
3.77767487504409e-73,0.513791288747683,0.886,0.787,1.04713369861347e-68,"PGRMC1"
3.10587944603524e-22,0.513678308788379,0.458,0.339,8.60918723646507e-18,"YKT6"
3.5955808009147e-32,0.513402251073052,0.684,0.553,9.96659042205546e-28,"NSFL1C"
1.93076382428513e-08,0.513085860198655,0.334,0.279,0.000535188424453595,"UNG"
2.35924809576569e-18,0.512869742579417,0.336,0.239,6.53959979665292e-14,"BRCC3"
1.18633950743049e-21,0.512393129480456,0.592,0.498,3.28841448064658e-17,"MRPL19"
4.70199048639814e-20,0.512253553534945,0.493,0.381,1.3033447429247e-15,"LRRC42"
8.79536315855264e-34,0.512181570396688,0.722,0.607,2.43798671391921e-29,"IMP3"
3.84818950286109e-25,0.511974018121425,0.388,0.269,1.06667964829807e-20,"KCMF1"
3.75261088431328e-29,0.511321280071968,0.518,0.39,1.0401862110228e-24,"XPO1"
1.43862264656243e-28,0.511286001964109,0.484,0.349,3.98771811400639e-24,"HACD2"
2.92846412874418e-23,0.511262821002153,0.359,0.242,8.11740971846599e-19,"UBXN2A"
7.39202063651497e-34,0.511182374636348,0.584,0.439,2.04899420023558e-29,"SMIM10L1"
1.34782776816026e-32,0.511147517133219,0.364,0.228,3.73604379056341e-28,"AARD"
2.48730430228768e-11,0.510672074802654,0.383,0.314,6.89455879551122e-07,"LRRCC1"
2.33637309320347e-20,0.510187717565588,0.599,0.502,6.4761925770507e-16,"ATIC"
3.947699835525e-17,0.509596753259006,0.259,0.172,1.09426291740917e-12,"QSER1"
1.26931033013556e-26,0.509474957359975,0.555,0.427,3.51840130410274e-22,"NOP16"
4.22785550255639e-111,0.509205755130028,0.969,0.926,1.17191926675361e-106,"UQCRH"
3.29868973749012e-19,0.508438308237465,0.301,0.199,9.14363808334886e-15,"ENDOD1"
1.27597835627572e-92,0.508156234590651,0.614,0.384,3.53688440576068e-88,"MUCL1"
5.70720879913826e-35,0.507738133631917,0.746,0.649,1.58198120703313e-30,"IRX3"
1.80352792645213e-27,0.50753226027699,0.52,0.392,4.99919905933266e-23,"NSD1"
8.85211379193529e-12,0.507495713896724,0.266,0.193,2.45371742198654e-07,"PEX3"
7.31267390523168e-12,0.506885097562435,0.256,0.184,2.02700007979117e-07,"GNB5"
1.7217488884782e-47,0.506874352319571,0.768,0.638,4.77251574397273e-43,"DNAJC15"
1.08114971597007e-12,0.506768329050273,0.299,0.218,2.99683889769744e-08,"SMAGP"
5.09434315489688e-22,0.506667895691262,0.573,0.455,1.41210097910587e-17,"PRPF4B"
2.30599723694438e-18,0.506187201105065,0.341,0.242,6.39199374108613e-14,"C1orf50"
3.66503101120977e-26,0.505376260192574,0.596,0.473,1.01590994599724e-21,"LSM10"
1.17809752469784e-22,0.504301377147224,0.284,0.179,3.26556852870994e-18,"OPA3"
1.10706764429472e-14,0.504214503993149,0.294,0.209,3.06868080322053e-10,"PRKCZ"
8.52892655957547e-14,0.504118330954331,0.333,0.247,2.36413315304872e-09,"MRPS31"
5.17216108462713e-21,0.503812692399324,0.502,0.382,1.43367133104779e-16,"MRPL49"
1.77186741576412e-100,0.503758339436777,0.932,0.897,4.91143928975655e-96,"C14orf2"
7.55311014993282e-21,0.503643936097359,0.525,0.433,2.09364660245988e-16,"APOPT1"
2.70665048995088e-32,0.503220960071891,0.74,0.667,7.50256449309483e-28,"AKR7A2"
2.50839131642538e-18,0.502980519198742,0.563,0.466,6.95300988999951e-14,"BRIX1"
5.86368852168108e-22,0.502970205155268,0.304,0.194,1.62535582132478e-17,"NEK6"
2.80641387328622e-46,0.502760543853269,0.783,0.686,7.77909861536208e-42,"TPR"
4.30878246742557e-29,0.502545326666976,0.474,0.329,1.19435141214569e-24,"AKIRIN2"
2.05442081939579e-19,0.5020753107334,0.417,0.307,5.69464906928318e-15,"KIF2A"
7.41461191380702e-26,0.501889402050773,0.677,0.576,2.05525627638817e-21,"DGCR6L"
3.12545935776491e-21,0.500273861078481,0.551,0.448,8.66346079378857e-17,"MRPL48"
8.32102869194045e-56,0.499880652114841,0.876,0.773,2.30650594311897e-51,"SSU72"
2.88461189173385e-25,0.499436704717353,0.654,0.553,7.99585570269707e-21,"AES"
5.26114045515124e-21,0.499409573793407,0.424,0.309,1.45833552276337e-16,"ATL3"
6.30621765607078e-27,0.499223015300033,0.612,0.511,1.74802047208626e-22,"SDHA"
2.50864256021189e-21,0.498886481715679,0.358,0.248,6.95370631265133e-17,"SEH1L"
3.04065762835868e-26,0.498784819904069,0.523,0.387,8.42839888004744e-22,"SNRNP200"
2.68434023446075e-19,0.498766165781463,0.345,0.244,7.44072269590174e-15,"RPA1"
1.70393881475904e-36,0.497767146807842,0.766,0.66,4.72314800063059e-32,"CCT7"
5.42698292206301e-28,0.497766390893145,0.683,0.586,1.50430539616665e-23,"POLR2G"
1.63994233121129e-30,0.497240348607172,0.524,0.388,4.54575614788457e-26,"LGMN"
2.83840946243274e-42,0.496836426973495,0.76,0.631,7.86778718891732e-38,"ANP32A"
5.2548946641395e-23,0.496797766364656,0.6,0.503,1.45660425195283e-18,"PAICS"
2.54267437916279e-47,0.496290585734845,0.834,0.705,7.04803911160135e-43,"SPTSSA"
1.24969399439727e-32,0.495341471625589,0.745,0.639,3.4640267830698e-28,"PA2G4"
1.42293901823875e-25,0.494494558216155,0.679,0.579,3.94424466465599e-21,"OTUB1"
3.99933935635239e-60,0.494308384428003,0.853,0.816,1.10857687618732e-55,"EMP2"
1.39983586960499e-24,0.493684378682154,0.524,0.397,3.88020504695807e-20,"RABIF"
2.17358166348916e-28,0.493339023503491,0.707,0.609,6.02495101302561e-24,"PRKCSH"
7.95455067397179e-10,0.493322223488248,0.336,0.265,2.20492190131824e-05,"RPP30"
5.73545449456466e-18,0.493149986432614,0.446,0.343,1.58981063134838e-13,"MNAT1"
2.27022910373378e-33,0.493135816390894,0.477,0.332,6.29284805263968e-29,"WARS"
3.66541145813586e-18,0.492274773584445,0.463,0.368,1.01601540208068e-13,"TM7SF3"
1.06579346096205e-20,0.49222937329798,0.398,0.289,2.95427289444069e-16,"IPO5"
2.07521097027225e-61,0.492119683384013,0.96,0.927,5.75227728849766e-57,"GNG5"
1.8807707342689e-15,0.491863760931832,0.404,0.311,5.21330839831996e-11,"POLR2A"
1.84285283571712e-22,0.49185265609819,0.564,0.454,5.10820377532429e-18,"SPPL2A"
2.58644575203915e-29,0.491745046121187,0.582,0.439,7.16936898007733e-25,"MED8"
9.19147425082256e-14,0.491489313458574,0.423,0.334,2.54778474758551e-09,"MFAP1"
1.29913330598155e-12,0.491439712056844,0.297,0.219,3.60106761085026e-08,"ICK"
1.83921684378501e-39,0.491296776856835,0.784,0.671,5.09812516928768e-35,"NOL7"
2.30469104427514e-23,0.490582983881674,0.373,0.254,6.38837310562627e-19,"FAM210A"
1.22677290059179e-19,0.489886688309735,0.585,0.48,3.40049180315039e-15,"MLST8"
5.98051420476727e-20,0.4895404953081,0.429,0.317,1.65773873241944e-15,"SVBP"
9.45062211158223e-18,0.489222542238507,0.317,0.221,2.61961794310948e-13,"DSCR3"
5.18003008214936e-22,0.489092838423933,0.601,0.488,1.43585253847098e-17,"PWP1"
2.58334913770183e-27,0.488920299673204,0.603,0.481,7.16078547479571e-23,"FDX1"
1.64627747627498e-28,0.488576702433377,0.667,0.552,4.56331653648662e-24,"RPL7L1"
2.10582658732299e-23,0.488311636915493,0.515,0.406,5.83714071740059e-19,"TMEM54"
1.89853359113724e-13,0.488304041807437,0.273,0.195,5.26254526127331e-09,"TCOF1"
4.22803813937108e-18,0.487129001089849,0.447,0.342,1.17196989185227e-13,"PSMD10"
1.11268739747383e-20,0.486834695509017,0.418,0.305,3.08425819705771e-16,"CHTF8"
4.06175932872418e-36,0.486617103088128,0.699,0.564,1.12587906832906e-31,"TPD52L2"
4.20421765449855e-08,0.486545301356368,0.514,0.46,0.00116536709165045,"VPS26A"
2.12789157145179e-32,0.486250359500749,0.665,0.555,5.89830264690721e-28,"TXNDC12"
5.29997585155353e-65,0.486126621207722,0.643,0.412,1.46910030629212e-60,"LMO4"
3.98869515419281e-10,0.48491488385346,0.279,0.211,1.10562640979071e-05,"ASCC1"
8.18068271467209e-16,0.484706743186508,0.276,0.189,2.26760344167996e-11,"CIZ1"
5.69160446529152e-21,0.484344399181315,0.614,0.526,1.57765584173416e-16,"UGP2"
1.42525008165665e-18,0.483979625365859,0.553,0.453,3.95065070134407e-14,"TRIM27"
1.24950191967958e-16,0.481872412517079,0.314,0.218,3.46349437115982e-12,"HUS1"
1.59107020141388e-41,0.481738069776034,0.476,0.311,4.41028749129914e-37,"ERO1A"
1.27711840911188e-26,0.481235841937189,0.672,0.583,3.54004451821722e-22,"PSMB8"
6.92911721693866e-20,0.481169289287528,0.256,0.163,1.92068200136323e-15,"UHRF1BP1L"
4.69413343484758e-73,0.481153019676005,0.93,0.871,1.3011668468054e-68,"AURKAIP1"
1.42652877914445e-16,0.481135911366628,0.499,0.398,3.95419512291049e-12,"DDX49"
1.11084823305742e-18,0.480540853700408,0.561,0.454,3.07916021721188e-14,"MRPS18A"
1.64821336112695e-15,0.48053660885606,0.389,0.291,4.5686826157078e-11,"PAK1IP1"
2.82702069661948e-59,0.480386255304982,0.855,0.745,7.83621866895954e-55,"CAPZB"
1.53026869197737e-09,0.479807712959679,0.259,0.195,4.24175178729207e-05,"PML"
3.48440997231138e-18,0.479613207508209,0.304,0.21,9.65843600224991e-14,"FAM127C"
4.44819796225318e-16,0.479446803850907,0.407,0.31,1.23299599315696e-11,"SIAH1"
4.21816996173165e-27,0.479441518352839,0.473,0.339,1.1692345316924e-22,"DERA"
7.51881498251262e-14,0.478503772953578,0.263,0.183,2.08414032500267e-09,"CCDC88C"
1.11882753625522e-26,0.478158690922562,0.654,0.539,3.10127804774586e-22,"NOP58"
8.49702516630442e-16,0.477931489574855,0.403,0.303,2.35529040584792e-11,"TACO1"
7.92050424393209e-46,0.477890107745808,0.846,0.755,2.19548457137554e-41,"CAMTA1"
6.08917065294238e-16,0.477866543366165,0.423,0.323,1.6878572132891e-11,"SHMT2"
4.11182061627294e-21,0.477862745239532,0.468,0.354,1.1397555566247e-16,"UBALD1"
2.02209338850592e-11,0.477776380837619,0.3,0.23,5.60504066359956e-07,"CTXN1"
2.37988528964546e-10,0.477733529705622,0.313,0.241,6.59680403436826e-06,"GTF3C1"
1.91416677682864e-24,0.477317702147897,0.711,0.63,5.3058788886913e-20,"MFF"
2.55091949981661e-11,0.477096811560207,0.272,0.198,7.07089376154166e-07,"ORC3"
6.41502071777404e-18,0.476782794367577,0.476,0.369,1.77817959275979e-13,"BAIAP2L1"
3.14228607367502e-16,0.47654122218991,0.528,0.451,8.71010276761979e-12,"ECI1"
5.09162138858122e-40,0.476382368859334,0.855,0.802,1.41134653270083e-35,"LRRFIP1"
4.0416778051628e-15,0.475583824613366,0.503,0.429,1.12031267081308e-10,"TAP1"
2.41830540385827e-18,0.475476119156198,0.327,0.226,6.70330074895475e-14,"MTG1"
1.94651835548012e-51,0.47509981296511,0.886,0.793,5.39555422955533e-47,"SF3B5"
9.69780165351779e-35,0.475062402404553,0.771,0.664,2.6881336403386e-30,"MLEC"
4.03893950627582e-24,0.474351351768059,0.541,0.416,1.1195536417446e-19,"POR"
3.85306435973289e-59,0.474241927822639,0.885,0.8,1.06803090987436e-54,"HDLBP"
3.85057548019729e-17,0.474144396119234,0.377,0.274,1.06734101735589e-12,"MARK2"
7.53533466850718e-12,0.474046401253607,0.358,0.279,2.0887194167635e-07,"C19orf52"
8.08444129124901e-28,0.473948983800595,0.656,0.559,2.24092628152131e-23,"ARPP19"
4.67374706224913e-31,0.473527758942032,0.598,0.462,1.29551594818484e-26,"PMEPA1"
1.83628655416912e-14,0.473415771841203,0.531,0.442,5.09000269950137e-10,"DCAF7"
6.42444462795143e-29,0.473221272450722,0.527,0.395,1.78079180642186e-24,"NUDT8"
1.65631987137252e-14,0.473064331770767,0.424,0.333,4.5911530514575e-10,"VRK3"
4.62883162942646e-19,0.47288897348313,0.471,0.362,1.28306583936072e-14,"CINP"
2.04973819089691e-28,0.472729549408094,0.295,0.175,5.68166929134715e-24,"SLC7A5"
9.34022718345565e-28,0.472493714085793,0.636,0.521,2.58901757298207e-23,"STX10"
8.6567376069741e-12,0.472313075595519,0.316,0.24,2.39956109727715e-07,"FDXR"
7.86593844417033e-34,0.471795703018896,0.639,0.493,2.18035947733957e-29,"PSMA6"
1.22087536850913e-15,0.470507665710463,0.3,0.212,3.38414443397045e-11,"TRAPPC6B"
6.27189082832201e-18,0.470368949092294,0.518,0.422,1.73850541870258e-13,"NSUN5"
3.90713295936492e-12,0.469994541258541,0.285,0.209,1.08301818500636e-07,"C7orf49"
6.45889028242987e-39,0.469812166290123,0.772,0.645,1.79033979738674e-34,"CCDC124"
1.20555239852833e-62,0.469808814946131,0.96,0.922,3.34167069348069e-58,"LDHA"
1.17799648475085e-29,0.469562621279355,0.29,0.168,3.26528845608089e-25,"MRAS"
2.42508268327053e-18,0.468962748618602,0.474,0.37,6.72208668975757e-14,"FAM3A"
1.61558443020999e-22,0.468960495254016,0.504,0.386,4.47823848209907e-18,"NRBF2"
1.01008247356768e-33,0.468837345944584,0.712,0.593,2.79984760848226e-29,"ELAVL1"
1.22654940903011e-17,0.468260080986358,0.263,0.172,3.39987230689056e-13,"TP53BP2"
8.00042488790269e-53,0.46820397251248,0.852,0.758,2.21763777467775e-48,"RPS19BP1"
1.18825934415354e-31,0.467944904585938,0.701,0.592,3.29373607605919e-27,"SDHB"
6.63611026378998e-16,0.467234385458005,0.261,0.177,1.83946340401994e-11,"RAD18"
5.36339842267742e-12,0.467028607555154,0.32,0.239,1.48668040878196e-07,"ZNF672"
3.0606509820648e-13,0.466951519874474,0.269,0.191,8.48381845718543e-09,"TTLL12"
8.52885665309162e-19,0.466823506991992,0.429,0.322,2.36411377567047e-14,"SETD3"
2.71649153897659e-28,0.466181287494662,0.818,0.744,7.52984289688921e-24,"H2AFY"
2.8133327899755e-19,0.466025584643039,0.585,0.49,7.79827716053308e-15,"HSD17B12"
1.45928439626633e-14,0.464998920472642,0.424,0.336,4.04499041801065e-10,"PAK1"
1.56364018861079e-19,0.464694796253044,0.584,0.491,4.33425423881025e-15,"HDAC1"
2.2358445780561e-31,0.464662202399641,0.593,0.459,6.1975375859137e-27,"SCD"
4.4544979503818e-21,0.46446392053046,0.376,0.262,1.23474228686633e-16,"MAPK6"
1.09834012747906e-13,0.464298857793593,0.416,0.325,3.04448899935921e-09,"MRPS22"
2.46404552583699e-75,0.464220192234027,0.908,0.87,6.83008779306756e-71,"GNB2"
1.2964306596412e-20,0.463843636277817,0.456,0.34,3.59357614545945e-16,"PPME1"
5.11803432131816e-24,0.463490496241019,0.472,0.342,1.41866793352618e-19,"SMNDC1"
3.58764885138777e-19,0.463172669537658,0.488,0.382,9.94460385116175e-15,"TAF6"
1.98773694005387e-11,0.462954685842372,0.286,0.214,5.50980802413531e-07,"PELP1"
1.1155205132077e-14,0.462235770351872,0.284,0.2,3.09211131056043e-10,"SLC2A8"
5.20543379001135e-28,0.461734954046386,0.559,0.427,1.44289419225325e-23,"FAM207A"
7.59016808876197e-13,0.461662830234252,0.451,0.375,2.10391869252393e-08,"APOO"
1.78982301871534e-14,0.461474880317465,0.388,0.3,4.96121042557706e-10,"SMARCD2"
1.92373675691696e-22,0.461216662239754,0.588,0.474,5.33240591649812e-18,"SMARCA5"
5.81397696000591e-17,0.461093686374685,0.472,0.373,1.61157627354404e-12,"GNL2"
7.41661141245887e-55,0.460963589718793,0.886,0.799,2.05581051741947e-50,"ATP5A1"
1.51711426637202e-12,0.460589981414234,0.265,0.19,4.20528903495661e-08,"ASXL2"
5.89392526809427e-09,0.459925442500903,0.306,0.244,0.000163373714506305,"RANBP3"
8.65025747464035e-47,0.459743217192563,0.853,0.791,2.39776486939556e-42,"TXNDC17"
4.25088303493836e-24,0.459633365081371,0.56,0.439,1.17830226845456e-19,"U2AF2"
1.23989759694111e-34,0.45933175131708,0.828,0.753,3.43687214896105e-30,"MRPS26"
4.57734198014953e-13,0.458695940201269,0.353,0.268,1.26879342347765e-08,"GCLM"
6.68642583931195e-24,0.458356481783554,0.6,0.484,1.85341037839888e-19,"UBE2J1"
2.20064590484762e-44,0.457646519003477,0.823,0.736,6.09997038364711e-40,"NDUFB1"
1.35937433815499e-24,0.457503954362265,0.661,0.554,3.76804972793183e-20,"VTI1B"
5.10058700105744e-28,0.457452311735738,0.541,0.401,1.41383171082311e-23,"BAG5"
1.41188751594774e-65,0.456525684627112,0.942,0.912,3.91361100545554e-61,"CALR"
2.22572289135689e-19,0.456381484724856,0.469,0.362,6.16948128255215e-15,"TCERG1"
5.28939254652805e-11,0.456305269136974,0.286,0.212,1.46616671997211e-06,"SMARCD1"
4.14357290735556e-69,0.45613806197333,0.929,0.908,1.14855697418989e-64,"ATP5J"
6.67710273953417e-20,0.456104089771729,0.367,0.257,1.85082610837148e-15,"CPSF2"
1.77613192968335e-09,0.455799554562967,0.331,0.26,4.92326009588927e-05,"PRMT5"
1.42989829169706e-07,0.455100411193921,0.421,0.363,0.00396353507475507,"SMYD3"
7.57500007583747e-30,0.454940659974936,0.661,0.534,2.09971427102139e-25,"SLC52A2"
2.24364355077974e-21,0.454928769039394,0.546,0.432,6.21915555840637e-17,"RUVBL1"
1.72036932593117e-23,0.454828313272427,0.553,0.448,4.76869173454862e-19,"MPHOSPH10"
1.5403626128766e-10,0.454530214438511,0.279,0.208,4.26973112663265e-06,"NUP160"
1.74274176759745e-33,0.453671544971383,0.718,0.614,4.83070590560338e-29,"RTF1"
1.40609607848974e-16,0.453317512677526,0.339,0.242,3.89755771996572e-12,"KATNA1"
8.43067930156282e-31,0.453238298274734,0.727,0.61,2.3368999956002e-26,"RHBDD2"
4.71938061962069e-15,0.452876792081133,0.514,0.424,1.30816511395266e-10,"RERE"
1.52093672378671e-12,0.452520653104841,0.587,0.521,4.21588450466439e-08,"VKORC1"
7.71408356168437e-20,0.452264833964723,0.518,0.406,2.13826682246329e-15,"NGDN"
6.10719543312825e-20,0.452246305312164,0.64,0.539,1.69285350210882e-15,"RBM42"
2.46528116744982e-54,0.452026571771478,0.881,0.829,6.83351286805417e-50,"ARPC1A"
4.60395408117674e-14,0.451871322236646,0.284,0.202,1.27617003176138e-09,"THOC1"
1.29291468801964e-24,0.451717097705258,0.723,0.622,3.58383022372163e-20,"SNRNP70"
5.06670416415384e-52,0.450764334773683,0.916,0.861,1.4044397272618e-47,"EPCAM"
8.36113350395324e-22,0.450744524528115,0.564,0.453,2.3176225959608e-17,"SLC25A11"
2.02584383934745e-22,0.450738025933809,0.611,0.507,5.6154365382872e-18,"MRPS10"
1.05840599744003e-20,0.449762877397985,0.494,0.377,2.93379558430403e-16,"MRTO4"
3.24134100818969e-32,0.449178505520611,0.721,0.603,8.98467314060101e-28,"DAP"
1.11145069774524e-40,0.449018561690079,0.67,0.489,3.08083018908004e-36,"YBX3"
1.32714898159755e-83,0.448931408055682,0.953,0.914,3.67872426209026e-79,"SLC25A3"
1.11352927462211e-37,0.44861194846207,0.673,0.512,3.08659179632501e-33,"TOMM5"
2.17490659412875e-14,0.448147448448086,0.454,0.364,6.02862358826548e-10,"IVD"
2.30295542564857e-23,0.447804213173076,0.558,0.442,6.38356214435528e-19,"CCDC6"
5.43475802777155e-31,0.447411656453025,0.923,0.896,1.506460577718e-26,"MT-ND4L"
3.94015500420639e-22,0.447397556784373,0.259,0.161,1.09217156561597e-17,"UPP1"
2.67990268829112e-24,0.447111299947405,0.371,0.252,7.42842226167416e-20,"TCF12"
1.2876806006056e-17,0.446969460048092,0.47,0.362,3.56932185681867e-13,"UBTF"
2.57186545796573e-08,0.446594853924861,0.441,0.387,0.00071289538629352,"BID"
1.84920808766387e-11,0.446529674590948,0.508,0.444,5.12581989819548e-07,"PIGX"
1.88565448385806e-22,0.446383511176385,0.66,0.551,5.22684566380616e-18,"NFE2L2"
1.78977033401103e-22,0.445827382812679,0.694,0.6,4.96106438884517e-18,"FAM32A"
1.19667312027708e-20,0.445690024381252,0.428,0.311,3.31705822209604e-16,"PRR7"
7.42450073654148e-41,0.445360134477153,0.836,0.795,2.05799735916193e-36,"CBX3"
3.24441119646196e-12,0.444823350349812,0.254,0.184,8.99318339547291e-08,"CDK6"
2.95679942728681e-26,0.444818622675536,0.726,0.627,8.19595233249631e-22,"NUBP2"
8.39734666828347e-15,0.444470121393569,0.269,0.186,2.32766052298149e-10,"CARM1"
2.52852346422266e-36,0.444222028866578,0.833,0.755,7.0088141904788e-32,"PSMB6"
1.84345086976363e-09,0.443847438415248,0.429,0.372,5.10986146589782e-05,"KARS"
1.02914200562332e-47,0.443696388663281,0.786,0.617,2.85267872538729e-43,"ADAM15"
2.99884327854284e-18,0.443687300108473,0.511,0.409,8.31249368379291e-14,"MIER1"
6.55005151213606e-25,0.443566127606568,0.568,0.441,1.81560877864899e-20,"SLC25A37"
4.17320695099252e-14,0.443430846729872,0.262,0.182,1.15677123474562e-09,"CHD1L"
4.4696370215353e-14,0.443346479311271,0.348,0.259,1.23893868599937e-09,"PPP2R3C"
1.06010883299862e-23,0.442073019089978,0.562,0.422,2.93851567418887e-19,"LDLR"
2.56227657593601e-13,0.441993140491876,0.332,0.249,7.10237444083704e-09,"TRIM37"
6.79153188274925e-17,0.441879172857391,0.405,0.31,1.88254472257927e-12,"SERTAD4"
1.35116590870246e-35,0.441781510162679,0.69,0.553,3.74529678233235e-31,"PRMT2"
8.2065452255648e-16,0.441619414592914,0.442,0.341,2.27477227107431e-11,"HUWE1"
7.88310684181603e-20,0.44107928398614,0.426,0.312,2.18511838548299e-15,"RSPRY1"
4.92091677934163e-31,0.44068939903172,0.728,0.609,1.36402892206571e-26,"NELFCD"
2.16920314509534e-09,0.44068683541821,0.252,0.189,6.01281419788977e-05,"DNMT3A"
2.56972287693646e-07,0.440273603316081,0.253,0.199,0.00712301484258018,"ARHGEF26"
1.53121344305728e-42,0.440133344358108,0.834,0.76,4.24437054281047e-38,"RTN3"
1.37202589186754e-26,0.44002453099625,0.27,0.159,3.80311856966763e-22,"CDK2AP1"
1.7550930964695e-37,0.439984396207071,0.892,0.848,4.8649425541038e-33,"CIB1"
5.93071343474245e-18,0.439502212859216,0.494,0.393,1.64393445697626e-13,"DCAF11"
1.34559842102517e-21,0.439477469999567,0.519,0.401,3.72986426323966e-17,"SPTLC2"
1.36302886315485e-13,0.438566824996023,0.282,0.202,3.77817970577893e-09,"ESRRA"
2.7648501252546e-14,0.438516523836552,0.274,0.192,7.66388806219323e-10,"CCNY"
3.61965338472698e-14,0.438411790170348,0.372,0.286,1.00333172171247e-09,"SNX8"
9.77756539751194e-20,0.437970125178704,0.455,0.346,2.71024335253633e-15,"TOMM70A"
2.25862317446723e-16,0.437126657989787,0.557,0.461,6.26067757730572e-12,"FH"
3.21719476769645e-14,0.436940931438844,0.414,0.327,8.91774217657778e-10,"C1orf131"
1.82132797476156e-20,0.436456032402727,0.338,0.23,5.04853901324156e-16,"NVL"
1.03544441025734e-11,0.435987329803392,0.313,0.235,2.87014836079231e-07,"INAFM1"
1.00954272212361e-17,0.43586760489226,0.327,0.232,2.79835147145444e-13,"RECQL"
4.63934744097409e-30,0.435474410728284,0.796,0.692,1.28598071716361e-25,"OLA1"
2.03522071246471e-25,0.435013036007699,0.603,0.485,5.64142829288094e-21,"CTBP2"
8.66501945023808e-22,0.434711286835861,0.476,0.358,2.40185674141149e-17,"SMCHD1"
4.79008079692291e-13,0.434639640664262,0.297,0.218,1.32776249609906e-08,"CABIN1"
2.22976505261558e-30,0.434604561002146,0.782,0.677,6.18068574934513e-26,"HSD17B10"
2.84721245038147e-24,0.434254907287928,0.665,0.554,7.89218819121241e-20,"TIPRL"
3.39314486776124e-18,0.433832090973384,0.283,0.188,9.40545825894738e-14,"PPP3R1"
4.83516571793555e-18,0.433800582926988,0.516,0.415,1.34025958535456e-13,"BLOC1S2"
4.54051476746849e-15,0.433523304927371,0.463,0.365,1.25858528839459e-10,"CECR5"
6.65436874563111e-21,0.433516293131635,0.693,0.604,1.84452447260149e-16,"MRPL27"
7.85840289129619e-19,0.433384429837758,0.572,0.466,2.17827069743839e-14,"MAP7"
6.6644045310547e-35,0.433259000651615,0.728,0.624,1.84730629196305e-30,"PDCD10"
6.52187709350732e-19,0.433232470396504,0.335,0.233,1.8077991115493e-14,"PDS5B"
4.28762541287267e-21,0.433200315177147,0.735,0.685,1.18848688819417e-16,"SNRPF"
8.12426438263081e-38,0.432752140069362,0.842,0.776,2.25196484422143e-33,"SERINC2"
1.21319499232225e-31,0.431827588546629,0.869,0.815,3.36285519921804e-27,"EIF4G2"
1.85532960223624e-31,0.431433670566484,0.66,0.516,5.14278812443862e-27,"CAPG"
5.70665526615039e-23,0.431059213421065,0.503,0.378,1.58182777322423e-18,"ZNF22"
5.8731172145505e-17,0.430841353057267,0.614,0.539,1.62796936070125e-12,"CWC15"
4.71439643125475e-17,0.430791195913479,0.502,0.399,1.3067835467795e-12,"TDG"
1.08751966772951e-11,0.430527923354209,0.474,0.407,3.01449576697942e-07,"TRIM47"
1.06756685803983e-18,0.430267252707619,0.473,0.37,2.95918857380061e-14,"CNPPD1"
4.98086353100133e-17,0.429996930936201,0.567,0.486,1.38064556215826e-12,"YDJC"
1.66984892383567e-10,0.429968380921386,0.4,0.323,4.6286542319801e-06,"ATP5SL"
3.56414344070319e-15,0.429668693756767,0.284,0.201,9.87944920328517e-11,"S100PBP"
3.22961655229381e-59,0.429395943193395,0.924,0.852,8.95217412130322e-55,"PSMD8"
6.85930035105406e-11,0.429362501982644,0.29,0.218,1.90132946430867e-06,"KIF1B"
4.68809785450996e-18,0.4293611859108,0.361,0.256,1.29949384429162e-13,"MBNL2"
5.59515186958827e-08,0.429027495725689,0.32,0.259,0.00155092014673117,"TOMM34"
5.36410157414223e-34,0.428731838911181,0.776,0.684,1.48687531533648e-29,"METTL5"
2.32107349804293e-24,0.428051762106794,0.636,0.536,6.43378362922521e-20,"CHD4"
4.31340119851701e-10,0.427285079305543,0.274,0.206,1.19563167821693e-05,"SETD7"
9.45758200665988e-19,0.427075966527966,0.316,0.216,2.62154715642605e-14,"HCFC1"
6.48946803582525e-24,0.427075523889767,0.589,0.471,1.7988156448504e-19,"TIMM50"
1.68889239736154e-21,0.426845966458438,0.424,0.306,4.68144083624645e-17,"MBNL1"
9.63356910271992e-25,0.426761365995825,0.631,0.513,2.67032901958293e-20,"C15orf61"
9.08754335502907e-11,0.426295736039154,0.334,0.26,2.51897614258051e-06,"MUS81"
3.61239470969859e-21,0.425828646941417,0.497,0.38,1.00131968958135e-16,"DTD1"
2.49146262725553e-19,0.425377365154553,0.537,0.435,6.90608525648959e-15,"STAMBP"
2.74613140298565e-44,0.425125351915093,0.908,0.822,7.61200163593591e-40,"VDAC2"
3.36336646999897e-14,0.424887028308099,0.497,0.403,9.32291551819014e-10,"TAF15"
3.30437815331095e-24,0.424884663432737,0.369,0.251,9.15940580316263e-20,"HLA-DMA"
4.39185836678797e-19,0.424659353577161,0.273,0.177,1.21737922068996e-14,"GPT2"
5.50003456351526e-15,0.423999114717598,0.531,0.433,1.52455458066079e-10,"NRBP1"
5.57795885834768e-72,0.423986477995148,0.962,0.927,1.54615441594539e-67,"COX8A"
6.17081530616983e-21,0.423454897916849,0.462,0.341,1.71048829471722e-16,"NAPRT"
1.36130476692124e-21,0.423440406068141,0.372,0.257,3.77340068342899e-17,"ADGRG1"
8.26883180374481e-18,0.42318055558837,0.304,0.206,2.29203748768002e-13,"OGFOD1"
2.78823796037272e-24,0.422854360169232,0.581,0.463,7.72871680235713e-20,"ZCCHC17"
1.19148119287304e-21,0.422592013493202,0.319,0.208,3.30266671852477e-17,"INO80"
5.28322112141844e-13,0.422427673979304,0.474,0.392,1.46445606264598e-08,"TMEM41A"
2.47571458686469e-28,0.422324429216319,0.62,0.496,6.86243326333022e-24,"NCBP2-AS2"
2.65865519048702e-13,0.422320043961838,0.44,0.348,7.36952632251098e-09,"EHMT2"
7.8508950633048e-39,0.422192412788834,0.709,0.562,2.17618960259746e-34,"MRPS6"
3.47026952522586e-15,0.421925887848877,0.273,0.19,9.61924009697357e-11,"SLC7A6OS"
9.20927949616121e-70,0.421645679315237,0.953,0.912,2.55272018354093e-65,"ERH"
6.49524253744552e-12,0.421495444824871,0.321,0.241,1.80041627895452e-07,"CNOT3"
8.85025076038227e-34,0.421392645862933,0.78,0.678,2.45320100827036e-29,"GSTP1"
1.39766877546212e-10,0.421166665705754,0.28,0.208,3.87419807870346e-06,"DPH2"
2.03991026204162e-27,0.421091373894442,0.777,0.677,5.65442725535316e-23,"PRMT1"
9.31224404825326e-12,0.421011832232264,0.452,0.372,2.58126092773532e-07,"FUBP1"
7.63517274157203e-14,0.420632141686581,0.533,0.45,2.11639353223635e-09,"CHCHD3"
2.35261933908122e-52,0.420466595163254,0.94,0.888,6.52122554599924e-48,"HSPD1"
4.76705346912224e-60,0.419899613228391,0.959,0.931,1.32137955110599e-55,"CSTB"
2.68338736052382e-12,0.419542303814271,0.512,0.425,7.43808142463596e-08,"TSR2"
1.42744322162867e-35,0.419341707122418,0.765,0.666,3.9567298660325e-31,"ITGB1"
1.35030807105399e-07,0.419326330729584,0.257,0.203,0.00374291894215456,"PPFIA3"
1.43406636959825e-11,0.41923960590481,0.456,0.38,3.97508856988938e-07,"THEM6"
1.28842620633022e-33,0.418954049321272,0.869,0.822,3.57138860132675e-29,"TECR"
1.69164545346442e-16,0.418364390436353,0.394,0.29,4.68907203245804e-12,"SLC27A5"
2.3851662986898e-31,0.418193448424959,0.791,0.693,6.61144246333826e-27,"SDF4"
2.52252435373383e-19,0.417489854918649,0.382,0.272,6.99218525611481e-15,"KCTD5"
1.16538374087658e-07,0.417487621615583,0.356,0.296,0.00323032719133579,"AIFM1"
1.33075982219213e-21,0.417478001621633,0.584,0.471,3.68873315113437e-17,"SMARCC1"
4.2236199573759e-10,0.417151291636596,0.263,0.197,1.17074521598503e-05,"WDR3"
4.47172940669129e-08,0.417149497761224,0.264,0.203,0.00123951867424076,"C2orf49"
3.59390744419008e-21,0.41692631159514,0.396,0.281,9.96195204455047e-17,"KLC1"
5.49892153146297e-18,0.416721333067273,0.575,0.473,1.52424605930622e-13,"CLPTM1"
5.39780473217395e-14,0.416679275554254,0.602,0.522,1.4962174937113e-09,"ALG3"
5.02244602619913e-11,0.416243047967258,0.33,0.252,1.39217181400214e-06,"IDH3A"
7.36966217143481e-22,0.416209369745458,0.623,0.519,2.04279665730002e-17,"C14orf119"
5.32255443273878e-29,0.416029102695848,0.852,0.825,1.47535886321086e-24,"MRPL51"
5.15890060494442e-16,0.415890539188929,0.48,0.389,1.42999565868454e-11,"SLC2A4RG"
2.59172844698224e-39,0.415604827970838,0.869,0.802,7.18401208219006e-35,"CDC42"
1.21000632174862e-14,0.415181233787526,0.312,0.224,3.354016523255e-10,"RNF214"
3.52253812639117e-16,0.41462624109613,0.428,0.331,9.76412343254368e-12,"VPS4A"
3.02454109649771e-26,0.414239546761099,0.582,0.463,8.38372546538201e-22,"GTPBP4"
6.9715809590081e-16,0.413437963396356,0.46,0.362,1.93245252602746e-11,"CHMP1A"
3.42318770026726e-14,0.413421063749825,0.445,0.352,9.4887339863708e-10,"TBRG4"
1.53337824126597e-10,0.413052379123827,0.358,0.282,4.25037114696515e-06,"RPE"
5.33572286594339e-09,0.412874778607796,0.335,0.273,0.000147900902121085,"NIP7"
5.48709865701552e-16,0.412832235301752,0.457,0.36,1.52096887673813e-11,"GEMIN7"
6.71112676960471e-28,0.412334747742076,0.749,0.629,1.86025722926673e-23,"GLO1"
9.4393094441735e-11,0.412155648493024,0.516,0.448,2.61648218483045e-06,"TMEM109"
2.08352284187034e-13,0.412109792241351,0.419,0.331,5.7753169653804e-09,"GNPNAT1"
5.42264758597488e-18,0.412100581898781,0.478,0.377,1.50310368435638e-13,"BSPRY"
7.40649834900955e-25,0.411719145563482,0.783,0.697,2.05300727736196e-20,"NONO"
1.25198777311256e-48,0.410628543889315,0.885,0.841,3.4703849082907e-44,"PPP4C"
1.9401919213653e-11,0.410198215494695,0.517,0.449,5.37801798683248e-07,"ST3GAL4"
5.28503923242547e-19,0.409994543663094,0.374,0.263,1.46496002483602e-14,"TLE1"
2.93959613640217e-30,0.409687225894196,0.755,0.639,8.14826653049317e-26,"RRBP1"
2.70631633007816e-17,0.40940608620545,0.362,0.259,7.50163823534364e-13,"AHCTF1"
2.7358396263652e-09,0.409330531415974,0.293,0.225,7.58347386032169e-05,"QTRTD1"
6.50289796150563e-15,0.409296244913735,0.453,0.358,1.80253828594974e-10,"NR2C2AP"
9.20398424196028e-13,0.409229220129427,0.276,0.199,2.55125239202897e-08,"ACD"
7.65092656460123e-16,0.409227336901613,0.411,0.317,2.12076033444181e-11,"RBM26"
1.1733929530314e-09,0.408849670051031,0.502,0.429,3.25252792650773e-05,"NAGK"
2.1951441120519e-29,0.408560524258183,0.773,0.703,6.08471996419665e-25,"MRPL34"
3.65820729009567e-15,0.40850066081631,0.327,0.238,1.01401847874162e-10,"TPP2"
1.29553717969737e-21,0.408325012850006,0.805,0.735,3.59109950840315e-17,"PHB2"
5.26350663272612e-25,0.407318614959173,0.573,0.448,1.45899140352535e-20,"PPP1R14B"
2.54622876344412e-10,0.407164088352516,0.302,0.23,7.05789150939077e-06,"DHDDS"
1.21276739400965e-24,0.407134268285449,0.738,0.676,3.36166993945535e-20,"GSPT1"
4.00487566391674e-16,0.40700466498292,0.697,0.624,1.11011148528108e-11,"DCTN3"
3.39456393310681e-16,0.406547505839208,0.3,0.208,9.40939176617878e-12,"INTS1"
9.47417143369915e-17,0.406472910841587,0.614,0.537,2.62614557970707e-12,"EIF3J"
1.07670915890617e-18,0.40579494915351,0.644,0.559,2.98453011757202e-14,"CISD2"
1.37819013817627e-16,0.405148518266852,0.57,0.474,3.82020524401082e-12,"FAM110A"
4.76606296452498e-10,0.404565133795786,0.256,0.191,1.32110499313668e-05,"ZNF296"
3.01793910655863e-17,0.40454684485002,0.307,0.21,8.36542540946985e-13,"BSCL2"
1.27124597463269e-15,0.404387737342358,0.267,0.179,3.52376671708436e-11,"MSN"
3.06078558403804e-37,0.404354148725725,0.855,0.762,8.48419156039504e-33,"RPN2"
6.00923018164466e-16,0.404280368990767,0.628,0.55,1.66569851405008e-11,"ZNF580"
5.99449634920932e-12,0.404085520973167,0.543,0.472,1.66161444303733e-07,"GSTO1"
3.52419732736712e-10,0.403780324014412,0.308,0.236,9.76872257172893e-06,"SNUPN"
4.44655655678134e-31,0.403688979246403,0.809,0.739,1.23254101197422e-26,"METTL9"
5.34211004835483e-54,0.403668320022701,0.915,0.861,1.48077948430348e-49,"SRSF2"
1.32987497656959e-20,0.402957178989509,0.435,0.318,3.68628044755324e-16,"USP3"
4.0316279663047e-22,0.402882348417676,0.366,0.249,1.11752695598e-17,"RPP21"
6.85687022515595e-15,0.40283741524624,0.25,0.168,1.90065585771098e-10,"EFCAB2"
8.10491297701077e-17,0.402350754607314,0.274,0.183,2.24660082809762e-12,"ING5"
1.23492431809908e-09,0.401630203249836,0.336,0.266,3.42308671733884e-05,"PPIL3"
1.6559817738084e-10,0.40162085630069,0.285,0.214,4.59021587881949e-06,"BRD8"
4.11727524931571e-20,0.401442843489063,0.625,0.514,1.14126752635782e-15,"WDR61"
1.28053055032995e-22,0.401424227390573,0.59,0.483,3.54950263245959e-18,"PHIP"
1.28398760056688e-17,0.401085225253662,0.694,0.597,3.55908523001133e-13,"EWSR1"
2.28029581887979e-13,0.401051513857567,0.514,0.427,6.3207519803529e-09,"SCNM1"
7.65022300533941e-09,0.401029315526564,0.34,0.268,0.000212056531485003,"PTCD3"
1.25129915672108e-12,0.401014864635073,0.386,0.301,3.46847613251515e-08,"RCE1"
3.84134753133814e-07,0.400970071916633,0.384,0.326,0.0106478312221162,"C11orf49"
1.71308831463263e-19,0.400793319871198,0.623,0.521,4.74850949933018e-15,"TMEM159"
1.71669817259622e-15,0.400719886836945,0.408,0.31,4.75851566461945e-11,"DHRS4"
1.06805389207926e-14,0.400702953742132,0.336,0.245,2.9605385834545e-10,"AGO2"
6.63486646419152e-81,0.400508017160257,0.965,0.952,1.83911863520925e-76,"ATP5L"
2.11049824991928e-13,0.400446880465873,0.422,0.335,5.85009009895126e-09,"MRPL35"
6.69668094914285e-12,0.400062774289828,0.335,0.256,1.85625299229291e-07,"CARS2"
1.17540169498072e-41,0.39978387470939,0.868,0.795,3.25809595831705e-37,"PSMB5"
2.72301645960584e-20,0.399678956201803,0.302,0.197,7.54792932438143e-16,"MYO1E"
2.08426342649254e-23,0.399401636832884,0.481,0.353,5.77736979189466e-19,"LAD1"
3.41958524431258e-15,0.399119418622302,0.416,0.325,9.47874833871004e-11,"BATF"
3.18760681527213e-37,0.398931053406479,0.872,0.834,8.83572733125282e-33,"GADD45GIP1"
5.75262523129999e-43,0.398577412795667,0.861,0.811,1.59457018786404e-38,"SRSF11"
3.06343763048889e-08,0.398353872933004,0.318,0.256,0.000849154276795215,"TSPAN17"
1.70284034439857e-13,0.39830289379107,0.399,0.309,4.7201031506384e-09,"ATXN3"
2.65570642410069e-31,0.398234897131404,0.754,0.66,7.36135263696469e-27,"TIMM8B"
3.99278355892301e-31,0.397758989591935,0.781,0.704,1.10675967469787e-26,"RBM25"
2.4154901442325e-51,0.397547406194032,0.419,0.232,6.69549713079807e-47,"SFRP1"
2.01199763598576e-14,0.397012552485338,0.371,0.274,5.57705624718892e-10,"RNF24"
4.87458905511833e-47,0.396587705328342,0.869,0.826,1.35118734018825e-42,"SEC11A"
1.22249439723996e-22,0.396192940184627,0.706,0.611,3.38863221970944e-18,"UBE3A"
2.18630878537741e-25,0.396174085094818,0.652,0.542,6.06022932218765e-21,"GIPC1"
2.22119960758919e-17,0.396149634642784,0.486,0.377,6.15694319227648e-13,"PBDC1"
1.93233568682359e-13,0.39514917206556,0.344,0.256,5.35624129030632e-09,"KIF21A"
9.58019858291826e-21,0.394840318485058,0.75,0.666,2.65553524519911e-16,"TKT"
1.90169894089231e-10,0.394739732339193,0.295,0.223,5.2713192942594e-06,"ATM"
1.89280824680464e-22,0.394399291220594,0.757,0.673,5.24667517931778e-18,"NDUFS3"
1.25133431868099e-08,0.394207965649394,0.378,0.309,0.000346857359795183,"EIF2B4"
4.17791631737723e-10,0.393358061796581,0.291,0.22,1.15807662401379e-05,"GFOD2"
1.9018032537235e-18,0.393271599958495,0.462,0.35,5.27160843899616e-14,"DNAAF2"
1.78530843124114e-22,0.39312712666196,0.338,0.223,4.94869644055731e-18,"DST"
4.25024281367267e-61,0.393121602035666,0.94,0.903,1.17812480552193e-56,"ATP5J2"
1.57733968681255e-11,0.392306635366012,0.345,0.263,4.37222787787571e-07,"WDR77"
3.67681239442413e-88,0.391678966435942,0.411,0.189,1.01917562761042e-83,"S100A8"
1.7562899923745e-13,0.391634412132203,0.327,0.242,4.86826022986289e-09,"METTL3"
1.00433805319217e-16,0.391416567853003,0.472,0.369,2.78392464964337e-12,"TARS"
3.16842747688675e-11,0.391292001682231,0.45,0.371,8.78256412318239e-07,"LZIC"
8.90669333792431e-11,0.391192139576277,0.382,0.306,2.46884632633924e-06,"ARID4A"
9.01466815830174e-15,0.390334188468797,0.496,0.39,2.49877586679966e-10,"IRF3"
3.18160825266046e-56,0.390324404734081,0.93,0.894,8.81909991554953e-52,"COX7B"
1.03338728846147e-13,0.390172453815016,0.627,0.561,2.86444622488635e-09,"SHARPIN"
1.2689560439418e-51,0.389144898155743,0.902,0.844,3.51741925820227e-47,"ATP5G1"
1.65609240031719e-11,0.388391817232251,0.39,0.306,4.59052252443922e-07,"RAB3IP"
1.829750561097e-14,0.388388116753647,0.351,0.259,5.07188558030477e-10,"RCAN3"
9.07470218838664e-07,0.387969298663915,0.325,0.273,0.0251541669959889,"FAM229B"
6.56147306184884e-30,0.387812981080316,0.363,0.227,1.81877471801388e-25,"WWTR1"
1.43203154067267e-14,0.387294832860528,0.451,0.355,3.96944822759057e-10,"TOR3A"
1.31216091421801e-08,0.387143089763434,0.401,0.329,0.000363717883812089,"SF3A1"
1.29491532154545e-11,0.386976937876036,0.503,0.419,3.58937577979183e-07,"STX5"
1.59686187891898e-74,0.386880343342306,0.544,0.316,4.42634144217553e-70,"RP11-206M11.7"
2.10795250874302e-15,0.386798632577791,0.625,0.539,5.84303355898477e-11,"OXA1L"
7.1678489633394e-13,0.386737280287165,0.431,0.344,1.98685605414805e-08,"EHD4"
7.37418405391766e-22,0.386376963368625,0.837,0.766,2.04405007790544e-17,"PNRC1"
7.8914958252534e-13,0.386182027192564,0.54,0.457,2.18744372780199e-08,"STAT1"
2.50968084153018e-13,0.386085725982925,0.47,0.377,6.9565843246375e-09,"C1orf123"
1.49125285969186e-23,0.386061625299504,0.728,0.642,4.13360380177987e-19,"POLR2H"
1.33117676960456e-21,0.386048653836375,0.746,0.662,3.68988888766688e-17,"NANS"
8.84668428470966e-14,0.386035499782089,0.383,0.292,2.45221241687867e-09,"SAV1"
6.38200759152703e-09,0.385791049729932,0.263,0.2,0.000176902868429538,"AAK1"
1.13902613553936e-08,0.385787247297106,0.278,0.213,0.000315726654510156,"NUDCD1"
1.65931640973147e-09,0.385325761424162,0.345,0.275,4.59945915613465e-05,"CASZ1"
2.53376326914977e-10,0.384300290449376,0.466,0.397,7.02333840575626e-06,"RAB22A"
9.48509972468252e-22,0.38423939286346,0.677,0.58,2.62917479268475e-17,"HN1L"
1.50610290929079e-06,0.384100046667679,0.337,0.28,0.0417476665426314,"HCCS"
2.10862493138623e-35,0.383427249001369,0.84,0.796,5.84489744730949e-31,"SET"
7.1066715770054e-13,0.382913987704438,0.741,0.69,1.96989829443013e-08,"BNIP3"
6.06786972094658e-20,0.382880291326332,0.64,0.537,1.68195280794918e-15,"NAP1L4"
2.26204013836267e-17,0.382719673596088,0.307,0.209,6.27014905952749e-13,"ACAD9"
2.54859814313218e-34,0.382376700604023,0.826,0.737,7.06445919294808e-30,"EIF2S2"
1.51044738064585e-40,0.382331187369897,0.629,0.456,4.18680909441223e-36,"HILPDA"
2.37180669907586e-21,0.38204786552238,0.652,0.559,6.57441098916837e-17,"DNAJB11"
5.63186391943513e-21,0.381719125581348,0.26,0.163,1.56109635982822e-16,"LMO7"
3.94611874949677e-35,0.381676503188614,0.772,0.677,1.09382465617301e-30,"ARGLU1"
2.22534350949928e-22,0.381613755582646,0.642,0.532,6.16842967398105e-18,"TIAL1"
3.43970235110156e-26,0.381370724545963,0.78,0.675,9.53451094701842e-22,"EI24"
5.21353896223137e-16,0.380989785189527,0.576,0.479,1.44514086494091e-11,"FAM127A"
2.31935046847236e-22,0.38083547410503,0.709,0.627,6.42900756355853e-18,"DDX46"
7.90816202030871e-09,0.380800034811759,0.421,0.355,0.000219206343040937,"COQ7"
1.45990505616585e-07,0.380674428455526,0.843,0.831,0.00404671082518612,"KLF6"
8.58850906613109e-42,0.380642779242783,0.858,0.8,2.38064882804088e-37,"RNPS1"
3.17939646414358e-16,0.380499293630084,0.423,0.324,8.8129690589596e-12,"TLN1"
2.7655556939246e-16,0.379977235940539,0.58,0.476,7.6658438279896e-12,"DDA1"
4.30390049681808e-15,0.379915060651585,0.43,0.322,1.192998178713e-10,"STT3A"
1.11214396995829e-22,0.379665926850052,0.668,0.558,3.08275187032738e-18,"EIF4G1"
2.93815672595452e-31,0.379446725968342,0.882,0.825,8.14427662867335e-27,"LITAF"
1.16222479570843e-32,0.379410194396798,0.821,0.744,3.22157091122419e-28,"AUP1"
1.87093054938237e-10,0.379194505803317,0.446,0.363,5.18603238983299e-06,"RPIA"
4.28274655784813e-24,0.379104727795672,0.749,0.659,1.18713451836992e-19,"DDX24"
1.35485372751751e-20,0.379099631647887,0.679,0.597,3.75551904730579e-16,"TXNL4A"
8.34572553141011e-09,0.379005659631744,0.364,0.299,0.000231335166005157,"HRAS"
7.72600441217136e-09,0.37900054972479,0.3,0.236,0.000214157116300978,"ZNF518A"
7.00789151221722e-13,0.378978518331831,0.417,0.327,1.94251744827149e-08,"RPUSD1"
8.55117502667343e-15,0.378929081090418,0.561,0.473,2.37030020564361e-10,"NIPBL"
7.63411394597765e-46,0.378837974957683,0.894,0.832,2.11610004468555e-41,"NDUFS6"
5.0633203026157e-17,0.378626880905573,0.658,0.584,1.40350175468204e-12,"PTS"
1.40598223513514e-10,0.378543302937301,0.463,0.38,3.8972421575711e-06,"SHKBP1"
1.41856438357863e-17,0.378518380025452,0.481,0.369,3.93211861484159e-13,"WBP5"
1.28141004779794e-38,0.378395278747171,0.866,0.777,3.55194051149111e-34,"PHB"
5.04588614575922e-13,0.378359215159422,0.38,0.292,1.398669180743e-08,"URI1"
3.1909011930115e-10,0.378298472382546,0.265,0.197,8.84485901690857e-06,"PLPP3"
4.11692494390146e-14,0.378237806758322,0.369,0.278,1.14117042520005e-09,"SLC4A1AP"
5.95145426972045e-11,0.378019277875464,0.414,0.329,1.64968360902381e-06,"DDX41"
9.01390617779339e-12,0.377636586122679,0.409,0.328,2.49856465342255e-07,"FAH"
2.0452294705108e-25,0.377227981935696,0.793,0.693,5.6691715693089e-21,"MMADHC"
2.46771876200242e-26,0.376949678302327,0.59,0.445,6.84026963639452e-22,"PTPRK"
3.4208853250588e-16,0.376850929598182,0.527,0.426,9.48235203253048e-12,"ENOSF1"
2.25301347016453e-32,0.375960039556154,0.803,0.711,6.24512803794906e-28,"EIF4H"
8.01461553524731e-13,0.375815781348544,0.549,0.468,2.2215712802152e-08,"DAAM1"
1.75678018392812e-11,0.375404109288831,0.328,0.25,4.86961899183034e-07,"PIAS4"
1.17704419707961e-06,0.375131530936911,0.258,0.205,0.0326264880988496,"PIGU"
5.31100229121479e-21,0.375015643475287,0.662,0.57,1.47215672510183e-16,"MALSU1"
4.8644061310915e-08,0.374944136750714,0.435,0.37,0.00134836473547725,"TINF2"
9.54940928109528e-16,0.374892926498311,0.491,0.391,2.6470007586268e-11,"KLF3"
1.46282167745844e-19,0.374725684588937,0.573,0.455,4.05479540774704e-15,"HNRNPL"
4.72001144074182e-07,0.373993297002387,0.387,0.327,0.0130833997125923,"DCTN1"
4.41178466385548e-12,0.373844417365963,0.432,0.351,1.2229025909741e-07,"CFLAR"
4.24477556314136e-07,0.373719718754812,0.256,0.203,0.0117660933834715,"GM2A"
7.93650914634383e-15,0.373650075701212,0.451,0.356,2.19992097027505e-10,"KMT2A"
3.05956951663057e-15,0.373210838202639,0.773,0.742,8.48082074314827e-11,"ARPC5"
6.98782022177689e-32,0.373008944170269,0.782,0.701,1.93695388727434e-27,"MRPL52"
4.99985348876475e-16,0.372957421284425,0.417,0.318,1.3859093885507e-11,"DNAJC21"
4.90817530082824e-14,0.372846614869624,0.516,0.42,1.36049711163658e-09,"BCL7B"
4.68646780886862e-117,0.372660585369013,0.998,0.997,1.29904201194029e-112,"H3F3A"
7.98335543862443e-11,0.372649406441103,0.357,0.281,2.2129062940323e-06,"MAEA"
2.89277481918076e-12,0.372301070835903,0.463,0.378,8.01848252128714e-08,"SAFB2"
1.02772913960077e-23,0.372197853757946,0.736,0.668,2.84876240205937e-19,"SLTM"
6.78561558309593e-14,0.371659068296548,0.469,0.371,1.88090478347836e-09,"PTPN2"
2.78977542091616e-15,0.371592897234248,0.51,0.41,7.73297848923751e-11,"PPP2R5E"
1.58716534487071e-24,0.370758046417735,0.774,0.722,4.39946361944711e-20,"EIF3A"
6.56035249817474e-09,0.370681251958632,0.254,0.192,0.000181846410896906,"MCM3AP"
1.08960796962007e-19,0.37008833830278,0.478,0.365,3.02028433098988e-15,"ACYP2"
2.12797465881174e-76,0.369226012817335,0.536,0.3,5.89853295676025e-72,"S100A9"
2.91008985505893e-12,0.368892580850681,0.682,0.6,8.06647806923785e-08,"DDX18"
3.02942882749679e-12,0.368797676511538,0.32,0.238,8.39727376693835e-08,"RRAGC"
6.85657345767159e-24,0.368175616647259,0.816,0.747,1.90057359673199e-19,"CHMP4B"
5.74480587371552e-29,0.367447291723527,0.34,0.213,1.59240274013521e-24,"MFGE8"
1.6241370035073e-11,0.367415055711729,0.351,0.269,4.5019453600219e-07,"PCK2"
1.95440989657408e-13,0.366632904296942,0.565,0.477,5.4174287923137e-09,"C1orf122"
1.47950893910692e-14,0.366093464902702,0.364,0.27,4.10105082831048e-10,"METTL17"
1.9494744636578e-18,0.36600851570154,0.269,0.175,5.40374826581305e-14,"N4BP1"
1.04465417999073e-12,0.365737389485014,0.427,0.334,2.89567692151631e-08,"KIN"
4.26761350681396e-19,0.365586703749486,0.594,0.476,1.18293978795376e-14,"TRAF7"
1.07908415635981e-09,0.365453288166387,0.363,0.293,2.99111337301376e-05,"TNPO3"
2.80018606975272e-18,0.364664570191913,0.509,0.399,7.76183576674757e-14,"CLSTN1"
6.97147890545274e-09,0.364549687644482,0.369,0.299,0.000193242423780244,"BOP1"
4.39682829661084e-09,0.364423973243009,0.333,0.264,0.000121875683553756,"C18orf21"
1.7604007129969e-15,0.364250206585661,0.358,0.26,4.87965473635611e-11,"SPATC1L"
3.28535452386035e-12,0.363980245393806,0.402,0.315,9.1066742046885e-08,"AKAP13"
4.25627701354274e-11,0.363979207826342,0.251,0.18,1.17979742538391e-06,"CEP170"
1.54489477748576e-20,0.36392942822845,0.754,0.68,4.28229383371279e-16,"FBL"
7.43176074175109e-14,0.363893606179687,0.357,0.268,2.06000976000599e-09,"HYOU1"
4.83483902047659e-15,0.36324067413119,0.468,0.369,1.34016902808591e-10,"WDR74"
4.17797227917386e-11,0.36278664149879,0.347,0.268,1.1580921360642e-06,"INIP"
5.54023979199478e-12,0.362727417757126,0.619,0.543,1.53569906794303e-07,"PSMD12"
2.29822302082689e-11,0.362644898596761,0.363,0.278,6.37044439143006e-07,"C16orf87"
1.73675561543271e-11,0.362559301612397,0.56,0.462,4.81411289041794e-07,"SAP30BP"
2.68101113219321e-16,0.36249774595929,0.461,0.361,7.43149475732635e-12,"TIA1"
8.58492056321614e-19,0.362359703811538,0.552,0.438,2.37965413091788e-14,"PAFAH1B1"
1.23611405250829e-11,0.362193281080804,0.503,0.421,3.42638454214774e-07,"TXNDC9"
2.18353650461808e-10,0.361783004512449,0.591,0.509,6.05254483715084e-06,"IMPDH1"
2.37674381054986e-20,0.361581268260007,0.564,0.443,6.58809616846316e-16,"GOPC"
1.32758129066433e-13,0.361499940876241,0.284,0.203,3.67992257959245e-09,"THUMPD2"
1.86366583452826e-13,0.361441693089331,0.427,0.334,5.16589532672889e-09,"ACTR1B"
3.08054787500748e-11,0.361201584378693,0.53,0.449,8.53897065473324e-07,"MACROD1"
2.30561689530506e-18,0.361009138862212,0.659,0.571,6.39093947209609e-14,"FAM127B"
2.54428567010332e-12,0.360935757204208,0.306,0.224,7.0525054489594e-08,"AGO3"
3.84335905789872e-52,0.360736495960292,0.906,0.838,1.06534069725895e-47,"SNU13"
5.18595425119769e-13,0.360642747452761,0.351,0.267,1.43749465888949e-08,"SVIL"
4.5347925846995e-23,0.360487124014909,0.769,0.696,1.25699915655285e-18,"XRN2"
1.22786771038364e-10,0.360320404570589,0.563,0.501,3.40352650641242e-06,"FAM50A"
4.03508568526187e-24,0.36005594081873,0.646,0.515,1.11848540109774e-19,"MYH9"
1.62646537140286e-19,0.359969413995745,0.739,0.644,4.5083993629916e-15,"LSM14A"
4.78072599910342e-21,0.359645307345707,0.753,0.667,1.32516943969148e-16,"RBMX"
6.3985540620057e-13,0.35940808701558,0.302,0.22,1.77361520044736e-08,"PDCD7"
1.66353651300328e-10,0.359182262183532,0.621,0.556,4.61115686039379e-06,"MTX2"
1.14159854718897e-08,0.359155123124145,0.348,0.28,0.000316439701295309,"RIOK1"
4.12927520166131e-12,0.358952814458407,0.52,0.432,1.1445937931485e-07,"TSN"
5.79555920106807e-23,0.358935460520669,0.784,0.709,1.60647105494406e-18,"MRPS12"
2.6273950232995e-12,0.358748364119092,0.473,0.388,7.2828762650839e-08,"TFDP2"
1.21192836327779e-09,0.35835675635481,0.374,0.303,3.35934423016972e-05,"IQCE"
9.77341172280742e-18,0.356916980041595,0.676,0.594,2.70909199544499e-13,"MRPL9"
2.3127273957091e-08,0.356616877795328,0.29,0.231,0.000641064906816607,"TEX261"
8.38247701435024e-09,0.356450442222703,0.289,0.226,0.000232353880360774,"RBM10"
2.06163405161985e-09,0.356279792397623,0.29,0.222,5.71464342768506e-05,"PRPF4"
6.04523263866376e-21,0.356129893693846,0.769,0.708,1.67567803511121e-16,"UBE2L3"
6.26822888565904e-33,0.356014352450172,0.867,0.822,1.73749036481583e-28,"ANAPC16"
2.90552702079939e-09,0.355536090734745,0.31,0.243,8.05383034895383e-05,"MPPE1"
1.64632229270797e-06,0.355476131116934,0.387,0.329,0.0456344076315723,"PPP1R37"
7.5825499122533e-21,0.3552479963097,0.578,0.45,2.10180701017749e-16,"SMAP1"
2.75145099323477e-14,0.354845253114436,0.65,0.569,7.62674700814745e-10,"MRPS18B"
5.63223252973181e-15,0.354820678180064,0.557,0.466,1.56119853491636e-10,"FARSA"
4.18070272580486e-69,0.354709217018693,0.936,0.775,1.15884898856585e-64,"KRT7"
4.58987169006141e-11,0.354648225955199,0.599,0.456,1.27226653376812e-06,"IGKC"
2.23238112638599e-14,0.354525080146794,0.456,0.362,6.18793724422932e-10,"CEP350"
7.9259077048653e-08,0.353792731965852,0.333,0.278,0.00219698235671161,"PEX11A"
5.74945914426142e-10,0.353551930722066,0.317,0.246,1.59369258019782e-05,"UBAP2"
5.07518197200654e-50,0.35226569160853,0.953,0.933,1.40678969082049e-45,"RPL36AL"
9.39091718135027e-09,0.35201234021103,0.253,0.191,0.000260306833349848,"HMGCR"
2.59938291143021e-08,0.351641290971171,0.291,0.23,0.000720522949219341,"TMEM170A"
1.63436261290004e-36,0.351455528214615,0.877,0.82,4.53028972669763e-32,"PPA1"
1.10463930472144e-11,0.351333795314223,0.454,0.371,3.06194968875737e-07,"HDDC3"
1.24632045955383e-12,0.35125837208778,0.516,0.434,3.45467568183726e-08,"ACAP2"
7.32266893450863e-09,0.350934084482458,0.497,0.427,0.000202977060195645,"RFC1"
2.30162036711841e-12,0.350818863712474,0.38,0.292,6.37986149561551e-08,"TBPL1"
3.89853536541006e-13,0.349999049427158,0.301,0.216,1.08063501793801e-08,"EGLN1"
1.65923354893441e-10,0.349709609821501,0.413,0.335,4.59922947429129e-06,"DFFA"
9.91646511217351e-16,0.349618731038178,0.418,0.313,2.74874496444338e-11,"TMEM222"
1.51131170195622e-11,0.348953572985956,0.299,0.227,4.18920490665244e-07,"RARRES1"
1.55185036125657e-12,0.348751385759028,0.441,0.355,4.30157401636708e-08,"MARK3"
3.24694880829036e-10,0.348193541075533,0.349,0.275,9.00021740170006e-06,"SUGP2"
1.42214927024054e-29,0.347882371834756,0.875,0.811,3.94205556217975e-25,"MORF4L1"
1.15393621019672e-09,0.346889177977516,0.254,0.185,3.19859578104427e-05,"QKI"
6.74603948005584e-13,0.346819798470819,0.398,0.305,1.86993468347668e-08,"GTF2E2"
1.30881209221209e-11,0.346315872319989,0.442,0.356,3.62789623840268e-07,"COMMD9"
6.8726382366318e-13,0.346121788226314,0.416,0.321,1.90502659281197e-08,"RPP38"
1.65147980191493e-30,0.346106414749268,0.828,0.756,4.577736862928e-26,"NUCB2"
3.07625918028903e-15,0.346036336571779,0.447,0.345,8.52708282184316e-11,"GRTP1"
2.17203454173674e-39,0.346016610857629,0.381,0.223,6.02066254624006e-35,"GNB4"
1.43864989748549e-08,0.345873074879982,0.363,0.292,0.000398779365084002,"CDC16"
1.77836719242741e-11,0.345684089184313,0.355,0.272,4.92945602068953e-07,"EIF2B3"
1.88769586991521e-13,0.345458024462012,0.555,0.465,5.23250418181796e-09,"PPP1R10"
1.13990702994021e-58,0.345328364772222,0.873,0.696,3.15970829629126e-54,"TM4SF1"
9.10931206327599e-07,0.345300128680206,0.444,0.399,0.0252501021081947,"WDR43"
9.31098552482469e-16,0.345186644172238,0.734,0.671,2.58091207762616e-11,"BCLAF1"
1.17017209300411e-19,0.345030428046235,0.752,0.674,3.2436000245981e-15,"ACTR3"
2.65549283001201e-10,0.344725640467036,0.279,0.21,7.36076057551029e-06,"TIMM21"
9.25912792512355e-14,0.344233333357354,0.492,0.398,2.566537669565e-09,"TLK1"
8.43731219795081e-17,0.344105281028953,0.32,0.221,2.33873856814998e-12,"GET4"
6.20354404984521e-27,0.344009981651146,0.691,0.565,1.71956037517659e-22,"MTA1"
2.46602268189794e-14,0.343519032074233,0.715,0.642,6.8355682719529e-10,"COMMD7"
1.00228770481281e-17,0.34319760302097,0.51,0.395,2.77824128897062e-13,"SCPEP1"
1.27533367796512e-11,0.342995265612349,0.476,0.384,3.53509742195152e-07,"WDR18"
2.05627039680892e-10,0.342080192330483,0.349,0.271,5.69977591291464e-06,"GALNT2"
3.35029778081036e-16,0.341726178312953,0.324,0.229,9.28669041862825e-12,"EFHD2"
8.21881892118719e-09,0.341718289991016,0.256,0.19,0.000227817441676388,"CHCHD4"
2.2405230175574e-08,0.341713094857701,0.291,0.228,0.000621050575236737,"CD276"
2.66128385649827e-11,0.341588205580978,0.289,0.213,7.37681272182755e-07,"MED15"
3.69492447698584e-08,0.34134733414544,0.425,0.366,0.00102419611577571,"MTIF2"
2.77614662800808e-17,0.341298057021583,0.722,0.633,7.69520083817561e-13,"PUF60"
1.18316521913001e-10,0.341178047875341,0.262,0.19,3.27961567090647e-06,"GOLIM4"
2.48073574656508e-12,0.341163855996293,0.331,0.249,6.87635141590374e-08,"B3GALNT2"
5.95336693125786e-09,0.341112946392519,0.265,0.2,0.000165021377967537,"GSK3A"
5.41228606955278e-15,0.340713082474788,0.48,0.382,1.50023157561933e-10,"SMAD2"
2.68709330861371e-16,0.340081308538078,0.555,0.459,7.44835394214634e-12,"SLC35B2"
2.92783352579803e-11,0.339824683066318,0.461,0.379,8.11566175015955e-07,"SAFB"
1.25352315754619e-07,0.339788858421703,0.315,0.259,0.00347464084040228,"KCNMA1"
5.51677395554955e-14,0.339598217661328,0.504,0.405,1.52919457273878e-09,"LPCAT3"
3.14740140477581e-08,0.339087066832301,0.385,0.324,0.000872428195389806,"SMC5"
6.4241499009342e-11,0.339052653605412,0.338,0.258,1.78071011103995e-06,"LSG1"
2.29900349301657e-30,0.339037617094423,0.793,0.704,6.37260778229262e-26,"EMC4"
5.31671852568414e-23,0.33902438624812,0.827,0.757,1.47374120813439e-18,"NDUFS7"
1.56296737556466e-11,0.338954977034843,0.423,0.34,4.33238926832768e-07,"PCID2"
2.41128557145197e-08,0.338157499762819,0.533,0.478,0.000668384247550772,"C11orf73"
2.21310584631639e-40,0.337450318398199,0.948,0.927,6.13450809540439e-36,"PERP"
6.37760897798409e-07,0.337048118288084,0.377,0.313,0.0176780943260741,"TBC1D20"
1.78479407749026e-09,0.336635158296192,0.294,0.223,4.94727070339526e-05,"MTURN"
3.44117267037449e-19,0.33566921395678,0.453,0.332,9.53858652501105e-15,"TSPAN6"
2.08917971513742e-26,0.335584167776329,0.805,0.713,5.7909972523894e-22,"EIF6"
4.19401579243755e-25,0.335440609495131,0.869,0.836,1.16253923750576e-20,"HNRNPU"
3.70606295734092e-11,0.335200677256609,0.507,0.422,1.02728359114533e-06,"CLMN"
1.42006427349652e-21,0.33461889643215,0.659,0.555,3.93627615970502e-17,"ACTN1"
7.36441890718203e-08,0.334583721545088,0.707,0.647,0.00204134327688179,"ANXA7"
1.28573195385434e-07,0.334353027934542,0.351,0.287,0.00356392040288884,"AGPAT1"
8.96297650108254e-11,0.333487880768505,0.577,0.497,2.48444745633507e-06,"UBA2"
8.44865344567077e-12,0.33344467840664,0.498,0.411,2.34188224860548e-07,"PAF1"
2.76389962777408e-18,0.33317276415544,0.806,0.741,7.66125337822696e-14,"EIF3I"
7.40589684702169e-31,0.333107028552512,0.794,0.695,2.05284054702594e-26,"FKBP8"
3.45703442470531e-12,0.333017008584974,0.415,0.323,9.58255372184066e-08,"SIKE1"
8.97550529141556e-24,0.332135492165164,0.412,0.284,2.48792031172748e-19,"FNDC3B"
1.67765587168417e-13,0.33210473449314,0.406,0.313,4.65029431072135e-09,"FBXW2"
1.35031493272175e-21,0.331954204929423,0.645,0.538,3.74293796201142e-17,"NRDC"
7.94585425882229e-21,0.331442706011258,0.763,0.707,2.20251134200295e-16,"BTF3L4"
1.59286299785483e-08,0.331338752334417,0.263,0.2,0.000441525694375381,"POM121"
1.57450642660819e-09,0.330862912721976,0.276,0.208,4.36437436391525e-05,"CNOT11"
3.60635590767324e-23,0.330854292395012,0.768,0.693,9.99645794047946e-19,"CAP1"
1.67796046718698e-10,0.330669895640732,0.49,0.41,4.6511386189956e-06,"NKAP"
3.64889301448633e-38,0.330638552071015,0.912,0.86,1.01143665468547e-33,"RNF7"
5.79814657454989e-66,0.330443886465418,0.984,0.971,1.60718824899948e-61,"SUMO2"
6.04011476042968e-16,0.330405529100127,0.695,0.64,1.6742594104435e-11,"ARF6"
1.6555806952807e-11,0.330364857205068,0.285,0.207,4.58910412924858e-07,"ARL13B"
2.12886233459223e-12,0.330266744032175,0.412,0.327,5.9009935052562e-08,"TBC1D17"
1.81153098847306e-07,0.330126678810863,0.311,0.25,0.00502138274694848,"PIGBOS1"
9.10473337769783e-09,0.329869527284767,0.385,0.31,0.000252374104496406,"MFSD11"
8.89513220304529e-13,0.329852138363827,0.549,0.453,2.46564169536212e-08,"ASPSCR1"
9.11618162746457e-10,0.329762811352846,0.304,0.232,2.5269143853169e-05,"DNAJA4"
1.42919144357961e-08,0.329578528379825,0.458,0.389,0.000396157576245832,"IL13RA1"
1.00263948612475e-07,0.329022947751503,0.335,0.271,0.00277921639158919,"CDC27"
1.3115013397103e-11,0.328970375067157,0.405,0.322,3.63535056354297e-07,"ADAM10"
4.15315667632685e-16,0.328957051518674,0.739,0.658,1.15121349911104e-11,"RNF114"
3.43013094251731e-14,0.328761074474243,0.407,0.313,9.50797995956373e-10,"ATXN2L"
4.92445350676637e-26,0.328332241482413,0.791,0.716,1.36500926754057e-21,"TFG"
1.08852538204271e-20,0.327816731676677,0.615,0.489,3.01728350648419e-16,"LYPLA2"
3.84685531575497e-11,0.327553378420029,0.546,0.461,1.06630982497412e-06,"RHOV"
1.41160397163105e-10,0.326893216695741,0.482,0.408,3.91282504896411e-06,"ARL6IP6"
3.16066333150771e-09,0.326742842593055,0.402,0.325,8.76104268860622e-05,"KPNA6"
1.2620804404258e-08,0.326567497805148,0.389,0.321,0.000349836077281627,"ZNF302"
5.67100580525172e-17,0.326346100949477,0.31,0.213,1.57194609915772e-12,"PGM2L1"
1.00761751218329e-10,0.326061230803668,0.476,0.393,2.79301498202087e-06,"BOLA1"
2.28604416707543e-09,0.325829910123691,0.307,0.238,6.33668582671638e-05,"PPP1R8"
1.14182330579413e-15,0.325726465770996,0.469,0.363,3.16502002133074e-11,"MAGT1"
1.11461664203651e-06,0.325673143542648,0.452,0.394,0.0308960587006101,"POP4"
4.73011668838775e-10,0.325567031728749,0.372,0.294,1.3111410448542e-05,"CSTF3"
4.7666601292127e-10,0.325330783151013,0.322,0.251,1.32127052121647e-05,"STK24"
1.75193400555445e-39,0.324904797029843,0.952,0.931,4.85618586999637e-35,"NDUFB4"
1.35544368396824e-13,0.324818396432537,0.25,0.171,3.75715434759157e-09,"LRP5"
5.64462929292549e-08,0.324803989196901,0.512,0.46,0.00156463479370602,"MAPK1IP1L"
1.4492670181222e-10,0.324635061079783,0.291,0.219,4.01722324753293e-06,"BCS1L"
4.27204895572102e-12,0.324545758560477,0.461,0.375,1.18416925003631e-07,"IFNAR1"
1.84658322446202e-14,0.324351085997693,0.662,0.564,5.11854403988628e-10,"RAC3"
2.15259007672017e-14,0.323862383103295,0.481,0.382,5.96676443366063e-10,"TES"
1.58052116113201e-15,0.323805242372751,0.864,0.819,4.38104660654180e-11,"ATP5B"
6.54947056338347e-10,0.32334305496975,0.419,0.351,1.81544774546426e-05,"COX19"
1.61075728907687e-14,0.323321837762319,0.415,0.316,4.46485812959218e-10,"SLC5A6"
1.47448127632535e-25,0.32318644342084,0.84,0.784,4.08711464984623e-21,"POLR2I"
1.40771686963407e-14,0.322001756839572,0.603,0.507,3.90205039093869e-10,"NUDT22"
2.71804668910056e-14,0.321805335456203,0.775,0.743,7.53415361751785e-10,"CCT4"
9.88779763169655e-12,0.321624890703074,0.531,0.448,2.74079862552997e-07,"OSTF1"
6.05868992804025e-15,0.321610216030806,0.411,0.311,1.67940826115348e-10,"PTPN11"
1.08691221063053e-11,0.321368993282495,0.505,0.419,3.01281195664676e-07,"VAPB"
2.19987545715088e-09,0.321168333658536,0.471,0.396,6.09783477967652e-05,"TMED1"
3.33930561715016e-09,0.321163149229076,0.303,0.231,9.25622124017854e-05,"KLHL7"
7.25042715859779e-11,0.320844542705183,0.38,0.299,2.00974590409172e-06,"ALDH2"
4.49153149228437e-10,0.320522474918159,0.61,0.541,1.2450076143463e-05,"VDAC3"
9.36655038143479e-14,0.320322914463176,0.64,0.557,2.59631410022991e-09,"THOC2"
1.17810746283055e-10,0.320253077449004,0.568,0.492,3.26559607622001e-06,"C17orf62"
1.24194094538567e-12,0.320180430988175,0.422,0.334,3.44253610651455e-08,"ANKRD37"
1.15107923929341e-10,0.319725164631389,0.396,0.315,3.19067654339741e-06,"SNAPC5"
4.83144264219711e-25,0.319447986101653,0.707,0.574,1.33922758599062e-20,"HDDC2"
3.54707580733686e-07,0.31933097956374,0.255,0.201,0.00983213943035705,"RNF121"
2.41071983180425e-14,0.319268525318074,0.738,0.704,6.68227430177819e-10,"PYCR1"
5.14039126694424e-09,0.319178112711762,0.52,0.477,0.000142486505528427,"REEP6"
6.2622444459224e-07,0.318344836093567,0.431,0.369,0.0173583153796523,"TMBIM1"
2.18046066726831e-26,0.318301612994493,0.823,0.745,6.04401892360103e-22,"ZC3H15"
4.36087902779448e-10,0.318185963611284,0.339,0.261,1.20879205771435e-05,"TRMT61A"
5.77519749032309e-35,0.317919309414868,0.946,0.905,1.60082699234266e-30,"PARK7"
3.41250817896924e-16,0.317891982422901,0.617,0.521,9.45913142128485e-12,"DCUN1D5"
2.96476807877231e-08,0.317772806874104,0.251,0.19,0.000821804063754896,"PDDC1"
2.49459033279076e-14,0.317706441273271,0.616,0.517,6.91475494346272e-10,"ICT1"
4.78355675501095e-09,0.317654046089791,0.323,0.252,0.000132595409692149,"NCLN"
8.15086751144758e-13,0.317192808954456,0.26,0.185,2.25933896549815e-08,"CAV2"
9.70429551613032e-12,0.316816661976087,0.301,0.219,2.68993367411616e-07,"SPRTN"
1.04179901556138e-13,0.316522518401764,0.548,0.452,2.8877626912346e-09,"PPIF"
2.1362420623368e-30,0.316487991532513,0.967,0.951,5.92144937259138e-26,"DYNLL1"
1.3062379376842e-13,0.316447239597222,0.523,0.441,3.62076093946683e-09,"LLGL2"
2.12427948044036e-12,0.316356081139443,0.615,0.525,5.88829029183263e-08,"SLC35B1"
1.62857942156336e-17,0.316320425071572,0.576,0.476,4.51425929863149e-13,"CFDP1"
1.19951170672473e-17,0.31607780353194,0.767,0.709,3.32492649987029e-13,"DGUOK"
1.6937927933199e-23,0.315539630710836,0.796,0.724,4.69502424380344e-19,"DPY30"
5.03510406005699e-15,0.315087022597624,0.302,0.214,1.3956804944072e-10,"SEMA4B"
3.09666709221067e-23,0.314996830435631,0.844,0.775,8.58365151289875e-19,"NPC2"
2.2277675538507e-15,0.314706418936654,0.282,0.194,6.17514888251876e-11,"FOXK2"
1.0592155137575e-09,0.314489874428543,0.25,0.185,2.93603948258442e-05,"EP300"
4.05645378174347e-08,0.314345743631887,0.258,0.198,0.00112440842376147,"SLC12A7"
1.898173241489e-11,0.313812673401807,0.486,0.397,5.26154640808336e-07,"FARP1"
5.47095217025201e-15,0.313729562860208,0.65,0.551,1.51649323207215e-10,"WIPI2"
7.61107462229178e-11,0.313080043860478,0.459,0.375,2.10971377455306e-06,"PUM3"
3.95694390655045e-17,0.313032670928456,0.693,0.609,1.09682528145672e-12,"SNX6"
5.02043564286674e-18,0.312857653042819,0.252,0.161,1.39161455584623e-13,"FAM20C"
2.67595595109696e-14,0.312669219260006,0.48,0.38,7.41748230084565e-10,"NSL1"
2.88168804507508e-08,0.312370904423167,0.294,0.229,0.000798775109214361,"WBSCR16"
3.72535735061304e-07,0.312249675930955,0.301,0.239,0.0103263180401643,"WDR20"
2.59065930908246e-07,0.312212233045474,0.38,0.319,0.00718104853884568,"MAPK3"
2.02379535530837e-14,0.312173232795686,0.341,0.246,5.60975834537927e-10,"KCNS3"
1.19909012266749e-06,0.312070477101058,0.272,0.215,0.0332375791102202,"ANAPC10"
2.39089406195987e-09,0.311073500625145,0.284,0.216,6.62731925034656e-05,"INTS8"
6.11511582244847e-10,0.310969986122051,0.545,0.47,1.69504895482449e-05,"CPSF3L"
8.5394657201583e-09,0.310671639648048,0.429,0.355,0.000236705450297068,"EIF2B5"
6.67363109128222e-07,0.310483943304893,0.422,0.367,0.0184986380219252,"EXOSC3"
1.6708013306434e-33,0.309976101616198,0.749,0.584,4.63129420841043e-29,"TNFRSF12A"
1.10856310957343e-09,0.309917915998872,0.291,0.221,3.0728260834266e-05,"NOM1"
9.06127159992049e-17,0.308789093375136,0.491,0.383,2.51169387478196e-12,"SNX1"
5.24750972252295e-18,0.307575751245645,0.598,0.486,1.45455721998614e-13,"JMJD1C"
2.45022965382649e-07,0.307227561540589,0.503,0.441,0.00679179157744164,"DRG1"
1.16763851164495e-15,0.307210400827419,0.795,0.735,3.23657719042863e-11,"PNKD"
5.77069275419141e-10,0.307183253053987,0.37,0.292,1.59957832453432e-05,"SWAP70"
1.06028701508889e-23,0.307078450850573,0.789,0.741,2.93900957712488e-19,"SON"
4.45740691819786e-60,0.306917936187687,0.999,0.997,1.23554862365527e-55,"ACTB"
5.59215081988941e-09,0.306906329360722,0.606,0.535,0.000155008828576515,"ELOF1"
4.00674881964202e-39,0.306889227337787,0.895,0.825,1.11063070531657e-34,"ATP5C1"
1.48081865570071e-24,0.306459726386121,0.819,0.734,4.10468123173681e-20,"SLC25A39"
7.31112414929221e-15,0.306215222625406,0.705,0.628,2.02657050294231e-10,"CYB561"
2.21551318033545e-18,0.305736614035256,0.49,0.375,6.14118098457183e-14,"UPF2"
5.40231763612995e-17,0.305345261696339,0.737,0.651,1.49746842555886e-12,"PSMF1"
9.56747431928295e-18,0.305053382675379,0.777,0.674,2.65200820656204e-13,"MZT2A"
7.14681332092274e-14,0.304928534740847,0.675,0.595,1.98102518442657e-09,"SNX17"
7.90158710860786e-09,0.304913698921447,0.355,0.285,0.000219024093063501,"GAS2L1"
4.34632084106824e-41,0.30485347517652,0.98,0.941,1.20475667393571e-36,"RPL4"
1.88802484256115e-12,0.30468755104262,0.651,0.557,5.23341606109525e-08,"PQBP1"
1.41147832812687e-16,0.304686921410513,0.517,0.41,3.91247677773487e-12,"H1FX"
1.73723654339874e-13,0.304457687301479,0.469,0.374,4.81544597464697e-09,"SDR39U1"
4.44339801360292e-17,0.303876441240364,0.729,0.655,1.23166549539059e-12,"TMEM183A"
6.22150972462499e-30,0.303836999383341,0.856,0.803,1.7245402805688e-25,"COPE"
4.22301458120258e-13,0.303836891757913,0.727,0.663,1.17057741176354e-08,"TIMM17B"
2.11653174744671e-18,0.303682638182979,0.749,0.668,5.86681435074753e-14,"UQCC3"
9.23399600474207e-11,0.303584535719461,0.624,0.558,2.55957135255445e-06,"USP16"
1.04605344422471e-09,0.302974174525452,0.348,0.271,2.89955554204647e-05,"CBWD2"
2.56116210764448e-07,0.302861843299356,0.38,0.314,0.00709928524617974,"CS"
1.73661989955361e-31,0.302699233693501,0.982,0.946,4.81373669957265e-27,"MIF"
1.57883329367424e-11,0.302182318741141,0.469,0.38,4.37636800673562e-07,"ZMYND8"
2.16140258880298e-08,0.302086766077748,0.329,0.264,0.000599119183590299,"NPLOC4"
2.51194466613868e-46,0.301758333994438,0.981,0.964,6.96285942006982e-42,"PRDX1"
4.47388840044139e-09,0.301459378056068,0.277,0.211,0.000124011712571835,"SIN3A"
4.68272626112849e-08,0.301414079854598,0.303,0.242,0.00129800489232221,"EEF2K"
2.61960857560703e-09,0.301139804379024,0.256,0.189,7.26129301072512e-05,"LONP1"
1.10424648780621e-10,0.301093092028455,0.485,0.403,3.06086083955004e-06,"ZNF131"
9.23231257310179e-12,0.300471817085759,0.384,0.303,2.55910472213809e-07,"SYNGR1"
1.70077889157737e-25,0.30031432408976,0.886,0.836,4.7143890095633e-21,"MYDGF"
3.75296623379791e-07,0.300144170961847,0.359,0.294,0.0104028471034644,"CTDSP1"
4.60072245416083e-15,0.300070955144943,0.256,0.171,1.27527425706884e-10,"RPGRIP1L"
1.01893896067688e-15,0.299724818225876,0.662,0.58,2.82439690510024e-11,"SLC39A7"
1.76483308699374e-07,0.299641915281827,0.349,0.285,0.00489194083383796,"MRPS9"
3.82899556790837e-08,0.299336677760774,0.675,0.642,0.00106135928146852,"MRPL13"
5.80603589960046e-43,0.298958161017135,0.935,0.895,1.60937509101025e-38,"HSP90B1"
2.05210319426194e-09,0.298888179464755,0.49,0.419,5.68822484417468e-05,"AASDHPPT"
3.87791074258813e-12,0.298691202593416,0.403,0.317,1.074918078738e-07,"DDX50"
1.28066775075517e-14,0.298430274656765,0.411,0.312,3.54988293831827e-10,"SEC14L1"
1.45697819111285e-09,0.298349817033743,0.545,0.474,4.03859784794571e-05,"USP8"
1.17874645570271e-10,0.297521898075454,0.682,0.602,3.26736730056233e-06,"NOSIP"
9.3341183072564e-11,0.297258394040111,0.544,0.448,2.5873242535884e-06,"UBE2E3"
4.15018569298253e-09,0.296429799346441,0.554,0.484,0.000115038997223783,"TIMM9"
2.49157755027201e-08,0.296072682437936,0.389,0.316,0.000690640381159898,"ERAL1"
1.06486803008089e-12,0.295774434413473,0.629,0.557,2.95170769258122e-08,"COMMD1"
1.53657698528864e-14,0.295667540731722,0.772,0.707,4.25923774552159e-10,"SSB"
6.83504779457074e-09,0.29554585896575,0.392,0.321,0.000189460689817706,"TIMM44"
8.45758340617838e-13,0.295294312220095,0.558,0.466,2.34435754435858e-08,"GNB1"
1.17314589459753e-19,0.29519088141461,0.744,0.671,3.25184310523491e-15,"TIMM17A"
5.12036464374276e-10,0.295044357338397,0.641,0.57,1.41931387559906e-05,"HSF1"
3.36426377574292e-08,0.294424920809618,0.267,0.203,0.000932540275998179,"RAB27A"
1.74850208919289e-06,0.294281158893623,0.323,0.266,0.0484667294103378,"MAP2K1"
1.0861529099062e-06,0.293855535115806,0.257,0.205,0.0301070725096899,"PGS1"
3.13898912992322e-09,0.293770365043742,0.293,0.224,8.70096396923419e-05,"ANXA3"
4.9036223754541e-07,0.293751986768228,0.372,0.313,0.0135923508625212,"ARHGAP32"
2.33902504517576e-09,0.293377078050827,0.518,0.44,6.48354352272268e-05,"NFKBIL1"
3.9378668296656e-12,0.293199863104623,0.62,0.535,1.09153730651501e-07,"MORN2"
3.52451606138872e-09,0.292943015193446,0.269,0.202,9.76960607056339e-05,"CWC22"
7.18579579975699e-36,0.292665983691053,0.986,0.994,1.99183073773464e-31,"MT-CO2"
1.16649641006933e-08,0.29253673159876,0.63,0.57,0.000323341139907117,"PSMC6"
2.57703621948119e-12,0.292509462086922,0.592,0.505,7.14328669677992e-08,"GUSB"
6.27225996666483e-11,0.292493988313077,0.25,0.179,1.73860774015982e-06,"UBR1"
3.84819194001743e-13,0.292327406247443,0.291,0.207,1.06668032385343e-08,"PELI1"
3.99823584297493e-12,0.292318710545858,0.667,0.595,1.10827099331422e-07,"SF3B4"
1.06268317918408e-08,0.292206423178992,0.381,0.306,0.000294565150438035,"PGM3"
1.09015763868074e-44,0.292111661692175,0.964,0.933,3.02180795865915e-40,"GUK1"
2.44430264154863e-07,0.29196449699582,0.436,0.369,0.00677536249210864,"ARMCX6"
3.23091586547505e-18,0.290820038797934,0.301,0.198,8.95577568751029e-14,"DGAT2"
2.1668496694709e-10,0.2905587496638,0.628,0.562,6.00629059880639e-06,"POLR3K"
7.32126182760259e-09,0.290018556576548,0.652,0.585,0.000202938056599316,"AAMP"
6.95204887406783e-14,0.289908251406361,0.499,0.405,1.92703842740286e-09,"DHX9"
1.41661492621488e-32,0.289828801113756,0.917,0.861,3.92671491397503e-28,"PDIA3"
3.36653543676305e-08,0.289709590465729,0.424,0.36,0.000933169957716351,"THOC6"
1.56902524593475e-19,0.289202139379637,0.936,0.925,4.34918107920653e-15,"MARCKSL1"
6.29431680325365e-09,0.289195369540598,0.338,0.267,0.000174472167469388,"UBE4A"
9.20576243083347e-24,0.288651469731517,0.842,0.784,2.55174528820273e-19,"MRPL14"
4.99398701540279e-25,0.288383615058385,0.873,0.829,1.3842832607995e-20,"CLTA"
4.84184982814625e-12,0.288264559559572,0.581,0.49,1.34211235386386e-07,"PRPF31"
5.05309164194043e-14,0.288181234505005,0.773,0.73,1.40066647222947e-09,"TMEM134"
5.4797013216259e-09,0.288109940996285,0.546,0.479,0.000151891840934148,"PRCC"
4.63550303817529e-31,0.288056285961671,0.268,0.149,1.28491508715181e-26,"SERPINE2"
4.28026987749355e-07,0.287657921616718,0.334,0.27,0.0118644800734244,"DCUN1D1"
5.06920791863059e-12,0.287587707660337,0.625,0.564,1.40513374296521e-07,"ARL16"
8.14661966615314e-08,0.28668462732748,0.501,0.446,0.00225816150526099,"DYNC1LI2"
1.74626662249211e-13,0.286367226699699,0.756,0.679,4.84047645088589e-09,"CCT2"
2.2149613008278e-19,0.28629627459863,0.784,0.714,6.13965122976458e-15,"RAB10"
7.29557196555534e-07,0.286164862871192,0.527,0.466,0.0202225959313229,"FLAD1"
6.55331656815328e-12,0.286104245405059,0.694,0.655,1.81651381952641e-07,"DDX21"
9.39120864401453e-15,0.285565786218388,0.329,0.235,2.60314912403439e-10,"GPD2"
1.27895612495439e-10,0.285375589670329,0.533,0.45,3.54513848276107e-06,"PEPD"
4.83768851144621e-16,0.284860938681632,0.703,0.636,1.34095887848778e-11,"PRELID3B"
1.65678410608731e-42,0.284417944605214,0.96,0.945,4.59243986366343e-38,"RAC1"
3.12469742990001e-12,0.28436302605523,0.744,0.671,8.66134880593983e-08,"PPP2R1A"
3.64370380054085e-15,0.284215873372299,0.827,0.756,1.00999825647192e-10,"RNF181"
1.47971094767737e-09,0.2841269399142,0.335,0.262,4.10161077586689e-05,"BMS1"
2.74989008646688e-09,0.283971915565007,0.481,0.397,7.62242033067754e-05,"CHP1"
2.94500805677273e-20,0.283957186213192,0.871,0.836,8.16326783256833e-16,"CCT3"
1.10695823380513e-09,0.283722562285422,0.426,0.346,3.06837752828443e-05,"PRR14"
5.61267227646248e-20,0.283340808672907,0.445,0.322,1.55577662831264e-15,"RP11-295G20.2"
6.60329151237342e-15,0.283296645954873,0.706,0.631,1.83036637431479e-10,"HADHA"
1.11768818989745e-22,0.282294009885602,0.804,0.738,3.09811989357674e-18,"NDUFV1"
3.86131724174346e-11,0.28210380264495,0.69,0.634,1.07031852623887e-06,"TMEM160"
2.43262107429037e-30,0.282087583101265,0.924,0.89,6.74298235582547e-26,"MDH2"
2.07851437873627e-14,0.281955106786017,0.676,0.606,5.76143400641906e-10,"C9orf142"
1.21902836994005e-06,0.28183680803409,0.433,0.361,0.0337902473863682,"CXCL16"
3.69407609990444e-25,0.281319325227375,0.926,0.897,1.02396095413251e-20,"PTGES3"
8.75948297315606e-11,0.281242398371556,0.459,0.374,2.42804108532913e-06,"RDH11"
3.43352793282597e-08,0.28098452833667,0.696,0.651,0.00095173960770003,"TM9SF2"
3.2569419594588e-13,0.28069836344643,0.458,0.364,9.02791741742383e-09,"PALLD"
6.07671007132153e-08,0.280635576411084,0.273,0.211,0.00168440326466962,"MLXIP"
1.3890354376738e-07,0.280498227287341,0.374,0.308,0.003850267329688,"PRRC2B"
8.49170422023396e-11,0.280390325095671,0.523,0.442,2.35381549280665e-06,"FAM200B"
3.20544140308468e-16,0.280218645714577,0.609,0.518,8.88516302521043e-12,"USP14"
3.1447971632272e-07,0.280158658589562,0.569,0.521,0.00871706325674947,"MOB1A"
2.12639609456082e-09,0.279964386816247,0.29,0.22,5.89415733451314e-05,"B4GALT4"
1.33940139334442e-13,0.279933543232566,0.73,0.674,3.7126867222114e-09,"PAIP1"
6.69086335856903e-25,0.279613102219543,0.662,0.538,1.85464041436175e-20,"C3orf14"
3.30699839862752e-09,0.279522726219766,0.308,0.237,9.16666886115563e-05,"TULP3"
3.62557734873535e-13,0.279388096652327,0.569,0.468,1.00497378529595e-08,"BOD1"
1.40464909638396e-12,0.279317106076567,0.598,0.508,3.89354683026671e-08,"AKIRIN1"
2.80378388441493e-22,0.279193574487919,0.86,0.82,7.77180854920974e-18,"PRRC2C"
2.22078254241788e-11,0.279140981717759,0.263,0.189,6.15578712932813e-07,"ZNF639"
5.17558150605179e-12,0.279070686105428,0.476,0.382,1.4346194376625e-07,"LRIF1"
3.49793542831042e-10,0.278646635720082,0.332,0.255,9.69592721373366e-06,"C2orf68"
1.64925110127421e-14,0.278541170303836,0.817,0.779,4.57155912762199e-10,"STUB1"
1.23157005717568e-11,0.278263671114793,0.714,0.652,3.41378904148526e-07,"TXN2"
1.81504465092732e-22,0.278105445529418,0.712,0.6,5.03112226790545e-18,"JAK1"
9.23841727977571e-07,0.277853668214341,0.332,0.277,0.0256079688578103,"WDR83"
1.01154680043378e-06,0.277528292141284,0.285,0.23,0.0280390657612239,"TBC1D16"
4.48754978144991e-12,0.277342145787406,0.636,0.548,1.2439039239201e-07,"YME1L1"
2.97099677181926e-16,0.27715466340602,0.483,0.375,8.23530595180581e-12,"UVRAG"
6.41364057040255e-11,0.277011537916343,0.578,0.503,1.77779702970988e-06,"AKT1S1"
3.16864270761555e-15,0.275884771624359,0.34,0.243,8.78316072123955e-11,"TMEM45A"
1.6095407946786e-10,0.275144651797848,0.477,0.395,4.46148612876961e-06,"LYRM4"
3.87263939451777e-10,0.274883544834856,0.525,0.438,1.07345691376638e-05,"ARL2BP"
5.54865068535237e-39,0.273809696573936,0.855,0.695,1.53803048347282e-34,"LGALS3"
1.23489564759702e-10,0.273479140489386,0.387,0.303,3.42300724557418e-06,"CCDC112"
6.92970244496168e-08,0.273452370176464,0.337,0.273,0.00192084422071893,"LTV1"
1.0569193579372e-08,0.272460139962939,0.279,0.215,0.000292967476826614,"OGDH"
6.95798454360662e-12,0.272037161668581,0.392,0.299,1.92868373564232e-07,"FBLIM1"
4.55669702469478e-09,0.271918381730207,0.373,0.296,0.000126307084827515,"VPS37B"
8.12258243264721e-11,0.271617402483146,0.459,0.367,2.25149862450548e-06,"SRM"
1.79077583480091e-06,0.271559421630746,0.285,0.23,0.0496385153648463,"SCAF4"
6.03258907597465e-09,0.27121636065021,0.454,0.38,0.000167217336596941,"CDC40"
9.31475528362242e-24,0.270617151446464,0.954,0.926,2.5819570170673e-19,"ANAPC11"
5.28246734113958e-24,0.27031731289904,0.888,0.857,1.46424712229048e-19,"MTDH"
2.19880614735472e-13,0.269859710436704,0.384,0.293,6.09487075985256e-09,"VKORC1L1"
5.79232586394622e-12,0.269772097521288,0.306,0.225,1.60557480622725e-07,"ARHGEF9"
6.38718548755759e-08,0.269767528751721,0.46,0.393,0.00177046394529609,"GABPB1"
7.27313994066854e-07,0.269722056289682,0.366,0.303,0.0201604166015391,"GGCX"
1.96647620080812e-11,0.26918158480163,0.387,0.302,5.45087538102003e-07,"SUPT20H"
9.78842959881527e-13,0.269028444161108,0.75,0.689,2.7132548004956e-08,"HNRNPM"
1.79933083216924e-13,0.26844452987884,0.277,0.195,4.98756513368991e-09,"TANC1"
7.1231660340675e-07,0.268297532755029,0.387,0.323,0.0197447039298317,"CREB1"
3.10744624466586e-10,0.268005763442126,0.459,0.376,8.6135302455893e-06,"DESI1"
5.96944859471976e-09,0.267582805223902,0.258,0.195,0.000165467145597037,"ZNF768"
4.69008761534476e-08,0.267179884008154,0.555,0.484,0.00130004538609742,"BLCAP"
1.23782551532541e-06,0.266616639793456,0.329,0.272,0.0343112854593051,"SERTAD2"
1.79694724998609e-11,0.265989936224229,0.375,0.287,4.98095808223643e-07,"SP3"
8.69931298914684e-14,0.26590645074832,0.696,0.634,2.41136256746161e-09,"EMC6"
1.48670490315183e-07,0.265856548780601,0.276,0.215,0.00412099732104657,"MCCC1"
1.74078866430447e-06,0.26470970579508,0.335,0.274,0.0482529209858556,"GPATCH2L"
1.10408414310827e-07,0.264498401627727,0.493,0.425,0.00306041083628182,"HGS"
1.21547253320874e-10,0.264359101570495,0.428,0.342,3.36916831480131e-06,"CCDC14"
8.92577823501468e-09,0.264037143721677,0.608,0.558,0.000247413646896372,"BAX"
1.96993794228762e-09,0.263179158373263,0.72,0.67,5.46047098222705e-05,"STOML2"
1.56677661821598e-09,0.262956198630423,0.486,0.406,4.34294810803286e-05,"TMEM223"
1.31803264939587e-14,0.262594372375094,0.279,0.193,3.65345470086041e-10,"IRX5"
3.82256890429101e-10,0.26124108257191,0.334,0.255,1.05957787458043e-05,"CHERP"
8.38372972649581e-18,0.261180917752808,0.872,0.846,2.32388604288737e-13,"SSR3"
7.38168063368915e-08,0.261040216529241,0.436,0.366,0.0020461280548523,"GIGYF2"
8.38528807034144e-10,0.260477638615921,0.685,0.642,2.32431800021794e-05,"YWHAH"
7.55701418870773e-17,0.260009926622964,0.809,0.741,2.0947287629679e-12,"ARHGDIA"
1.88979898215451e-11,0.259685780799204,0.512,0.421,5.23833379863407e-07,"IFRD2"
1.09724160427557e-06,0.259342819786532,0.265,0.211,0.0304144400289146,"ELP6"
1.14542570866259e-07,0.25904286999907,0.496,0.427,0.00317500552184184,"PAK4"
5.1909293168335e-07,0.258663410775059,0.507,0.437,0.0143887369733308,"AFMID"
1.65283160962704e-15,0.258630465875171,0.806,0.747,4.58148393872521e-11,"FLOT1"
8.2213126019688e-11,0.258624870035347,0.674,0.609,2.27886564013973e-06,"GCSH"
1.25740099923075e-08,0.25829298337662,0.479,0.394,0.000348538982976771,"SLC25A4"
8.05437475661505e-12,0.257948210274649,0.4,0.312,2.23259213878612e-07,"ESCO1"
4.77429351280096e-09,0.25755118990624,0.389,0.317,0.00013233864188133,"RAB24"
4.73108610796134e-15,0.256637709207493,0.491,0.384,1.3114097582658e-10,"ZDHHC3"
2.81676377400501e-07,0.256283538671642,0.321,0.258,0.00780778750516447,"DYM"
9.48158622791457e-14,0.256195176090307,0.859,0.821,2.62820088651564e-09,"EIF5A"
1.15229984379987e-10,0.255929784914367,0.257,0.187,3.19405993702887e-06,"C12orf65"
2.78414644982297e-10,0.255645024924145,0.532,0.461,7.71737554426429e-06,"SPCS3"
8.76224861060182e-11,0.255056722199031,0.681,0.614,2.42880769237272e-06,"YTHDF2"
1.45494590944328e-09,0.254986640676594,0.455,0.376,4.03296456638584e-05,"ZBTB38"
1.12793577923835e-08,0.254915202280936,0.378,0.303,0.000312652518647079,"ZNF576"
1.37566276072226e-07,0.254912526859018,0.659,0.595,0.00381319960644603,"NMRAL1"
2.82351982196986e-10,0.254728919409101,0.789,0.738,7.82651459451826e-06,"STAU1"
1.73854409876309e-06,0.254598628239814,0.275,0.22,0.048190703873614,"SUPT7L"
1.12801726887218e-06,0.253962044583753,0.505,0.444,0.031267510675868,"CEBPZ"
4.36162998869521e-08,0.253852501021284,0.695,0.651,0.00120900021656643,"PSMA5"
1.47466271754009e-07,0.253639762496343,0.633,0.565,0.00408761758674937,"ANAPC5"
6.15775112053388e-24,0.253534759770794,0.934,0.897,1.70686703310079e-19,"USMG5"
2.54974820879386e-11,0.252806368439602,0.361,0.274,7.06764705995569e-07,"SRD5A1"
7.90420334855171e-14,0.252121408362677,0.721,0.665,2.19096612618505e-09,"VPS35"
2.70158043755348e-08,0.251163469461405,0.466,0.389,0.000748851081485449,"UBE2G2"
4.28760821043395e-11,0.250876690769497,0.672,0.617,1.18848211985019e-06,"KPNB1"
9.14090794897565e-10,0.250753658890261,0.495,0.41,2.53376827437656e-05,"ABCE1"
6.79917255586395e-13,0.250435176858175,0.417,0.324,1.88466264075993e-08,"PSME4"
4.76218837377617e-11,0.250136663859576,0.329,0.25,1.32003099532702e-06,"MAPK1"
